Copyright 1986-2022 Xilinx, Inc. All Rights Reserved. Copyright 2022-2025 Advanced Micro Devices, Inc. All Rights Reserved.
---------------------------------------------------------------------------------------------------------------------------------------------
| Tool Version : Vivado v.2025.2 (win64) Build 6299465 Fri Nov 14 19:35:11 GMT 2025
| Date         : Wed May 13 15:12:28 2026
| Host         : Salbarnus running 64-bit major release  (build 9200)
| Command      : report_control_sets -verbose -file camera_control_sets_placed.rpt
| Design       : camera
| Device       : xc7a100t
---------------------------------------------------------------------------------------------------------------------------------------------

Control Set Information

Table of Contents
-----------------
1. Summary
2. Histogram
3. Flip-Flop Distribution
4. Detailed Control Set Information

1. Summary
----------

+----------------------------------------------------------+-------+
|                          Status                          | Count |
+----------------------------------------------------------+-------+
| Total control sets                                       |  1236 |
|    Minimum number of control sets                        |  1236 |
|    Addition due to synthesis replication                 |     0 |
|    Addition due to physical synthesis replication        |     0 |
| Unused register locations in slices containing registers |   416 |
+----------------------------------------------------------+-------+
* Control sets can be merged at opt_design using control_set_merge or merge_equivalent_drivers
** Run report_qor_suggestions for automated merging and remapping suggestions


2. Histogram
------------

+--------------------+-------+
|       Fanout       | Count |
+--------------------+-------+
| Total control sets |  1236 |
| >= 0 to < 4        |  1039 |
| >= 4 to < 6        |    13 |
| >= 6 to < 8        |   138 |
| >= 8 to < 10       |     6 |
| >= 10 to < 12      |     4 |
| >= 12 to < 14      |     8 |
| >= 14 to < 16      |     2 |
| >= 16              |    26 |
+--------------------+-------+
* Control sets can be remapped at either synth_design or opt_design


3. Flip-Flop Distribution
-------------------------

+--------------+-----------------------+------------------------+-----------------+--------------+
| Clock Enable | Synchronous Set/Reset | Asynchronous Set/Reset | Total Registers | Total Slices |
+--------------+-----------------------+------------------------+-----------------+--------------+
| No           | No                    | No                     |            1538 |          639 |
| No           | No                    | Yes                    |               0 |            0 |
| No           | Yes                   | No                     |              47 |           17 |
| Yes          | No                    | No                     |            3251 |         1026 |
| Yes          | No                    | Yes                    |               0 |            0 |
| Yes          | Yes                   | No                     |             156 |           44 |
+--------------+-----------------------+------------------------+-----------------+--------------+


4. Detailed Control Set Information
-----------------------------------

+-----------------------------------------------+--------------------------------------------------------------------------+---------------------------------------------------------------------------------+------------------+----------------+--------------+
|                  Clock Signal                 |                               Enable Signal                              |                                 Set/Reset Signal                                | Slice Load Count | Bel Load Count | Bels / Slice |
+-----------------------------------------------+--------------------------------------------------------------------------+---------------------------------------------------------------------------------+------------------+----------------+--------------+
|  system_clock                                 | camera_status/oled_dc_i_1_n_0                                            |                                                                                 |                1 |              1 |         1.00 |
|  camera_video/xtime/inst/clk_200Mhz           |                                                                          |                                                                                 |                1 |              1 |         1.00 |
|  Inst_ov7670_controller/i2c_clock             |                                                                          | camera_video/Inst_ov7670_controller/Inst_i2c_sender/sioc_i_1_n_0                |                1 |              1 |         1.00 |
|  system_clock                                 | camera_status/oled_sck_i_2_n_0                                           | camera_status/oled_sck_i_1_n_0                                                  |                1 |              1 |         1.00 |
|  system_clock                                 | camera_status/oled_sck_i_1_n_0                                           |                                                                                 |                1 |              1 |         1.00 |
|  clka                                         | camera_video/QSPI_CS_i_1_n_0                                             |                                                                                 |                1 |              1 |         1.00 |
|  clka                                         | camera_video/QSPI_SDI_i_1_n_0                                            |                                                                                 |                1 |              1 |         1.00 |
|  video_clock_BUFG                             | camera_video/MemoryWriteAddress[6]_i_2_n_0                               |                                                                                 |                1 |              1 |         1.00 |
|  camera_video/debounce_video_source/cam_vsync |                                                                          |                                                                                 |                1 |              1 |         1.00 |
|  system_clock                                 | camera_status/oled_cs_i_1_n_0                                            | camera_status/oled_dc_i_1_n_0                                                   |                1 |              1 |         1.00 |
|  video_clock_BUFG                             | camera_status/p_0_in0_out[88]                                            |                                                                                 |                1 |              2 |         2.00 |
|  video_clock_BUFG                             | camera_status/p_0_in0_out[833]                                           |                                                                                 |                1 |              2 |         2.00 |
|  camera_video/xtime/inst/clk_camera           |                                                                          |                                                                                 |                2 |              2 |         1.00 |
|  video_clock_BUFG                             | camera_status/p_0_in0_out[879]                                           |                                                                                 |                1 |              2 |         2.00 |
|  video_clock_BUFG                             | camera_status/p_0_in0_out[845]                                           |                                                                                 |                1 |              2 |         2.00 |
|  video_clock_BUFG                             | camera_status/p_0_in0_out[857]                                           |                                                                                 |                1 |              2 |         2.00 |
|  video_clock_BUFG                             | camera_status/p_0_in0_out[849]                                           |                                                                                 |                1 |              2 |         2.00 |
|  video_clock_BUFG                             | camera_status/p_0_in0_out[847]                                           |                                                                                 |                1 |              2 |         2.00 |
|  Inst_ov7670_controller/i2c_clock             |                                                                          |                                                                                 |                2 |              2 |         1.00 |
|  video_clock_BUFG                             | camera_status/p_0_in0_out[850]                                           |                                                                                 |                1 |              2 |         2.00 |
|  video_clock_BUFG                             | camera_status/p_0_in0_out[871]                                           |                                                                                 |                1 |              2 |         2.00 |
|  video_clock_BUFG                             | camera_status/p_0_in0_out[872]                                           |                                                                                 |                1 |              2 |         2.00 |
|  video_clock_BUFG                             | camera_status/p_0_in0_out[886]                                           |                                                                                 |                1 |              2 |         2.00 |
|  video_clock_BUFG                             | camera_status/p_0_in0_out[893]                                           |                                                                                 |                1 |              2 |         2.00 |
|  video_clock_BUFG                             | camera_status/p_0_in0_out[844]                                           |                                                                                 |                1 |              2 |         2.00 |
|  video_clock_BUFG                             | camera_status/p_0_in0_out[873]                                           |                                                                                 |                1 |              2 |         2.00 |
|  video_clock_BUFG                             | camera_status/p_0_in0_out[864]                                           |                                                                                 |                1 |              2 |         2.00 |
|  video_clock_BUFG                             | camera_status/p_0_in0_out[884]                                           |                                                                                 |                1 |              2 |         2.00 |
|  video_clock_BUFG                             | camera_status/p_0_in0_out[862]                                           |                                                                                 |                1 |              2 |         2.00 |
|  video_clock_BUFG                             | camera_status/p_0_in0_out[852]                                           |                                                                                 |                1 |              2 |         2.00 |
|  video_clock_BUFG                             | camera_status/p_0_in0_out[859]                                           |                                                                                 |                1 |              2 |         2.00 |
|  video_clock_BUFG                             | camera_status/p_0_in0_out[868]                                           |                                                                                 |                1 |              2 |         2.00 |
|  video_clock_BUFG                             | camera_status/p_0_in0_out[895]                                           |                                                                                 |                1 |              2 |         2.00 |
|  video_clock_BUFG                             | camera_status/p_0_in0_out[888]                                           |                                                                                 |                1 |              2 |         2.00 |
|  video_clock_BUFG                             | camera_status/p_0_in0_out[854]                                           |                                                                                 |                1 |              2 |         2.00 |
|  video_clock_BUFG                             | camera_status/p_0_in0_out[856]                                           |                                                                                 |                1 |              2 |         2.00 |
|  video_clock_BUFG                             | camera_status/p_0_in0_out[880]                                           |                                                                                 |                1 |              2 |         2.00 |
|  video_clock_BUFG                             | camera_status/p_0_in0_out[860]                                           |                                                                                 |                1 |              2 |         2.00 |
|  video_clock_BUFG                             | camera_status/p_0_in0_out[842]                                           |                                                                                 |                1 |              2 |         2.00 |
|  video_clock_BUFG                             | camera_status/p_0_in0_out[883]                                           |                                                                                 |                1 |              2 |         2.00 |
|  video_clock_BUFG                             | camera_status/p_0_in0_out[867]                                           |                                                                                 |                1 |              2 |         2.00 |
|  video_clock_BUFG                             | camera_status/p_0_in0_out[881]                                           |                                                                                 |                1 |              2 |         2.00 |
|  video_clock_BUFG                             | camera_status/p_0_in0_out[843]                                           |                                                                                 |                1 |              2 |         2.00 |
|  video_clock_BUFG                             | camera_status/p_0_in0_out[848]                                           |                                                                                 |                1 |              2 |         2.00 |
|  video_clock_BUFG                             | camera_status/p_0_in0_out[851]                                           |                                                                                 |                1 |              2 |         2.00 |
|  video_clock_BUFG                             | camera_status/p_0_in0_out[858]                                           |                                                                                 |                1 |              2 |         2.00 |
|  video_clock_BUFG                             | camera_status/p_0_in0_out[869]                                           |                                                                                 |                1 |              2 |         2.00 |
|  video_clock_BUFG                             | camera_status/p_0_in0_out[878]                                           |                                                                                 |                1 |              2 |         2.00 |
|  video_clock_BUFG                             | camera_status/p_0_in0_out[863]                                           |                                                                                 |                1 |              2 |         2.00 |
|  video_clock_BUFG                             | camera_status/p_0_in0_out[887]                                           |                                                                                 |                1 |              2 |         2.00 |
|  video_clock_BUFG                             | camera_status/p_0_in0_out[853]                                           |                                                                                 |                1 |              2 |         2.00 |
|  video_clock_BUFG                             | camera_status/p_0_in0_out[889]                                           |                                                                                 |                1 |              2 |         2.00 |
|  video_clock_BUFG                             | camera_status/p_0_in0_out[877]                                           |                                                                                 |                1 |              2 |         2.00 |
|  video_clock_BUFG                             | camera_status/p_0_in0_out[882]                                           |                                                                                 |                1 |              2 |         2.00 |
|  video_clock_BUFG                             | camera_status/p_0_in0_out[885]                                           |                                                                                 |                1 |              2 |         2.00 |
|  video_clock_BUFG                             | camera_status/p_0_in0_out[891]                                           |                                                                                 |                1 |              2 |         2.00 |
|  video_clock_BUFG                             | camera_status/p_0_in0_out[855]                                           |                                                                                 |                1 |              2 |         2.00 |
|  video_clock_BUFG                             | camera_status/p_0_in0_out[861]                                           |                                                                                 |                1 |              2 |         2.00 |
|  video_clock_BUFG                             | camera_status/p_0_in0_out[841]                                           |                                                                                 |                1 |              2 |         2.00 |
|  video_clock_BUFG                             | camera_status/p_0_in0_out[846]                                           |                                                                                 |                1 |              2 |         2.00 |
|  video_clock_BUFG                             | camera_status/p_0_in0_out[890]                                           |                                                                                 |                1 |              2 |         2.00 |
|  video_clock_BUFG                             | camera_status/p_0_in0_out[896]                                           |                                                                                 |                1 |              2 |         2.00 |
|  video_clock_BUFG                             | camera_status/p_0_in0_out[897]                                           |                                                                                 |                1 |              2 |         2.00 |
|  video_clock_BUFG                             | camera_status/p_0_in0_out[898]                                           |                                                                                 |                1 |              2 |         2.00 |
|  video_clock_BUFG                             | camera_status/p_0_in0_out[865]                                           |                                                                                 |                1 |              2 |         2.00 |
|  video_clock_BUFG                             | camera_status/p_0_in0_out[874]                                           |                                                                                 |                1 |              2 |         2.00 |
|  video_clock_BUFG                             | camera_status/p_0_in0_out[899]                                           |                                                                                 |                1 |              2 |         2.00 |
|  video_clock_BUFG                             | camera_status/p_0_in0_out[900]                                           |                                                                                 |                1 |              2 |         2.00 |
|  video_clock_BUFG                             | camera_status/p_0_in0_out[840]                                           |                                                                                 |                1 |              2 |         2.00 |
|  video_clock_BUFG                             | camera_status/p_0_in0_out[901]                                           |                                                                                 |                1 |              2 |         2.00 |
|  video_clock_BUFG                             | camera_status/p_0_in0_out[902]                                           |                                                                                 |                1 |              2 |         2.00 |
|  video_clock_BUFG                             | camera_status/p_0_in0_out[875]                                           |                                                                                 |                1 |              2 |         2.00 |
|  video_clock_BUFG                             | camera_status/p_0_in0_out[903]                                           |                                                                                 |                1 |              2 |         2.00 |
|  video_clock_BUFG                             | camera_status/p_0_in0_out[866]                                           |                                                                                 |                1 |              2 |         2.00 |
|  video_clock_BUFG                             | camera_status/p_0_in0_out[892]                                           |                                                                                 |                1 |              2 |         2.00 |
|  video_clock_BUFG                             | camera_status/p_0_in0_out[870]                                           |                                                                                 |                1 |              2 |         2.00 |
|  video_clock_BUFG                             | camera_status/p_0_in0_out[876]                                           |                                                                                 |                1 |              2 |         2.00 |
|  video_clock_BUFG                             | camera_status/p_0_in0_out[906]                                           |                                                                                 |                1 |              2 |         2.00 |
|  video_clock_BUFG                             | camera_status/p_0_in0_out[913]                                           |                                                                                 |                1 |              2 |         2.00 |
|  video_clock_BUFG                             | camera_status/p_0_in0_out[915]                                           |                                                                                 |                1 |              2 |         2.00 |
|  video_clock_BUFG                             | camera_status/p_0_in0_out[921]                                           |                                                                                 |                1 |              2 |         2.00 |
|  video_clock_BUFG                             | camera_status/p_0_in0_out[922]                                           |                                                                                 |                1 |              2 |         2.00 |
|  video_clock_BUFG                             | camera_status/p_0_in0_out[929]                                           |                                                                                 |                1 |              2 |         2.00 |
|  video_clock_BUFG                             | camera_status/p_0_in0_out[949]                                           |                                                                                 |                1 |              2 |         2.00 |
|  video_clock_BUFG                             | camera_status/p_0_in0_out[951]                                           |                                                                                 |                1 |              2 |         2.00 |
|  video_clock_BUFG                             | camera_status/p_0_in0_out[940]                                           |                                                                                 |                1 |              2 |         2.00 |
|  video_clock_BUFG                             | camera_status/p_0_in0_out[955]                                           |                                                                                 |                1 |              2 |         2.00 |
|  video_clock_BUFG                             | camera_status/p_0_in0_out[948]                                           |                                                                                 |                1 |              2 |         2.00 |
|  video_clock_BUFG                             | camera_status/p_0_in0_out[957]                                           |                                                                                 |                1 |              2 |         2.00 |
|  video_clock_BUFG                             | camera_status/p_0_in0_out[958]                                           |                                                                                 |                1 |              2 |         2.00 |
|  video_clock_BUFG                             | camera_status/p_0_in0_out[916]                                           |                                                                                 |                1 |              2 |         2.00 |
|  video_clock_BUFG                             | camera_status/p_0_in0_out[959]                                           |                                                                                 |                1 |              2 |         2.00 |
|  video_clock_BUFG                             | camera_status/p_0_in0_out[924]                                           |                                                                                 |                1 |              2 |         2.00 |
|  video_clock_BUFG                             | camera_status/p_0_in0_out[907]                                           |                                                                                 |                1 |              2 |         2.00 |
|  video_clock_BUFG                             | camera_status/p_0_in0_out[909]                                           |                                                                                 |                1 |              2 |         2.00 |
|  video_clock_BUFG                             | camera_status/p_0_in0_out[935]                                           |                                                                                 |                1 |              2 |         2.00 |
|  video_clock_BUFG                             | camera_status/p_0_in0_out[953]                                           |                                                                                 |                1 |              2 |         2.00 |
|  video_clock_BUFG                             | camera_status/p_0_in0_out[926]                                           |                                                                                 |                1 |              2 |         2.00 |
|  video_clock_BUFG                             | camera_status/p_0_in0_out[943]                                           |                                                                                 |                1 |              2 |         2.00 |
|  video_clock_BUFG                             | camera_status/p_0_in0_out[961]                                           |                                                                                 |                1 |              2 |         2.00 |
|  video_clock_BUFG                             | camera_status/p_0_in0_out[904]                                           |                                                                                 |                1 |              2 |         2.00 |
|  video_clock_BUFG                             | camera_status/p_0_in0_out[908]                                           |                                                                                 |                1 |              2 |         2.00 |
|  video_clock_BUFG                             | camera_status/p_0_in0_out[946]                                           |                                                                                 |                1 |              2 |         2.00 |
|  video_clock_BUFG                             | camera_status/p_0_in0_out[960]                                           |                                                                                 |                1 |              2 |         2.00 |
|  video_clock_BUFG                             | camera_status/p_0_in0_out[963]                                           |                                                                                 |                1 |              2 |         2.00 |
|  video_clock_BUFG                             | camera_status/p_0_in0_out[910]                                           |                                                                                 |                1 |              2 |         2.00 |
|  video_clock_BUFG                             | camera_status/p_0_in0_out[920]                                           |                                                                                 |                1 |              2 |         2.00 |
|  video_clock_BUFG                             | camera_status/p_0_in0_out[923]                                           |                                                                                 |                1 |              2 |         2.00 |
|  video_clock_BUFG                             | camera_status/p_0_in0_out[932]                                           |                                                                                 |                1 |              2 |         2.00 |
|  video_clock_BUFG                             | camera_status/p_0_in0_out[937]                                           |                                                                                 |                1 |              2 |         2.00 |
|  video_clock_BUFG                             | camera_status/p_0_in0_out[933]                                           |                                                                                 |                1 |              2 |         2.00 |
|  video_clock_BUFG                             | camera_status/p_0_in0_out[942]                                           |                                                                                 |                1 |              2 |         2.00 |
|  video_clock_BUFG                             | camera_status/p_0_in0_out[928]                                           |                                                                                 |                1 |              2 |         2.00 |
|  video_clock_BUFG                             | camera_status/p_0_in0_out[925]                                           |                                                                                 |                1 |              2 |         2.00 |
|  video_clock_BUFG                             | camera_status/p_0_in0_out[918]                                           |                                                                                 |                1 |              2 |         2.00 |
|  video_clock_BUFG                             | camera_status/p_0_in0_out[912]                                           |                                                                                 |                1 |              2 |         2.00 |
|  video_clock_BUFG                             | camera_status/p_0_in0_out[917]                                           |                                                                                 |                1 |              2 |         2.00 |
|  video_clock_BUFG                             | camera_status/p_0_in0_out[930]                                           |                                                                                 |                1 |              2 |         2.00 |
|  video_clock_BUFG                             | camera_status/p_0_in0_out[934]                                           |                                                                                 |                1 |              2 |         2.00 |
|  video_clock_BUFG                             | camera_status/p_0_in0_out[927]                                           |                                                                                 |                1 |              2 |         2.00 |
|  video_clock_BUFG                             | camera_status/p_0_in0_out[936]                                           |                                                                                 |                1 |              2 |         2.00 |
|  video_clock_BUFG                             | camera_status/p_0_in0_out[947]                                           |                                                                                 |                1 |              2 |         2.00 |
|  video_clock_BUFG                             | camera_status/p_0_in0_out[945]                                           |                                                                                 |                1 |              2 |         2.00 |
|  video_clock_BUFG                             | camera_status/p_0_in0_out[950]                                           |                                                                                 |                1 |              2 |         2.00 |
|  video_clock_BUFG                             | camera_status/p_0_in0_out[952]                                           |                                                                                 |                1 |              2 |         2.00 |
|  video_clock_BUFG                             | camera_status/p_0_in0_out[954]                                           |                                                                                 |                1 |              2 |         2.00 |
|  video_clock_BUFG                             | camera_status/p_0_in0_out[956]                                           |                                                                                 |                1 |              2 |         2.00 |
|  video_clock_BUFG                             | camera_status/p_0_in0_out[965]                                           |                                                                                 |                1 |              2 |         2.00 |
|  video_clock_BUFG                             | camera_status/p_0_in0_out[911]                                           |                                                                                 |                1 |              2 |         2.00 |
|  video_clock_BUFG                             | camera_status/p_0_in0_out[919]                                           |                                                                                 |                1 |              2 |         2.00 |
|  video_clock_BUFG                             | camera_status/p_0_in0_out[905]                                           |                                                                                 |                1 |              2 |         2.00 |
|  video_clock_BUFG                             | camera_status/p_0_in0_out[914]                                           |                                                                                 |                1 |              2 |         2.00 |
|  video_clock_BUFG                             | camera_status/p_0_in0_out[931]                                           |                                                                                 |                1 |              2 |         2.00 |
|  video_clock_BUFG                             | camera_status/p_0_in0_out[938]                                           |                                                                                 |                1 |              2 |         2.00 |
|  video_clock_BUFG                             | camera_status/p_0_in0_out[941]                                           |                                                                                 |                1 |              2 |         2.00 |
|  video_clock_BUFG                             | camera_status/p_0_in0_out[944]                                           |                                                                                 |                1 |              2 |         2.00 |
|  video_clock_BUFG                             | camera_status/p_0_in0_out[939]                                           |                                                                                 |                1 |              2 |         2.00 |
|  video_clock_BUFG                             | camera_status/p_0_in0_out[962]                                           |                                                                                 |                1 |              2 |         2.00 |
|  video_clock_BUFG                             | camera_status/p_0_in0_out[966]                                           |                                                                                 |                1 |              2 |         2.00 |
|  video_clock_BUFG                             | camera_status/p_0_in0_out[964]                                           |                                                                                 |                1 |              2 |         2.00 |
|  video_clock_BUFG                             | camera_status/p_0_in0_out[967]                                           |                                                                                 |                1 |              2 |         2.00 |
|  video_clock_BUFG                             | camera_status/p_0_in0_out[969]                                           |                                                                                 |                1 |              2 |         2.00 |
|  video_clock_BUFG                             | camera_status/p_0_in0_out[1002]                                          |                                                                                 |                1 |              2 |         2.00 |
|  video_clock_BUFG                             | camera_status/p_0_in0_out[1005]                                          |                                                                                 |                1 |              2 |         2.00 |
|  video_clock_BUFG                             | camera_status/p_0_in0_out[1008]                                          |                                                                                 |                1 |              2 |         2.00 |
|  video_clock_BUFG                             | camera_status/p_0_in0_out[975]                                           |                                                                                 |                1 |              2 |         2.00 |
|  video_clock_BUFG                             | camera_status/p_0_in0_out[1009]                                          |                                                                                 |                1 |              2 |         2.00 |
|  video_clock_BUFG                             | camera_status/p_0_in0_out[1015]                                          |                                                                                 |                1 |              2 |         2.00 |
|  video_clock_BUFG                             | camera_status/p_0_in0_out[1016]                                          |                                                                                 |                1 |              2 |         2.00 |
|  video_clock_BUFG                             | camera_status/p_0_in0_out[1018]                                          |                                                                                 |                1 |              2 |         2.00 |
|  video_clock_BUFG                             | camera_status/p_0_in0_out[970]                                           |                                                                                 |                1 |              2 |         2.00 |
|  video_clock_BUFG                             | camera_status/p_0_in0_out[1020]                                          |                                                                                 |                1 |              2 |         2.00 |
|  video_clock_BUFG                             | camera_status/p_0_in0_out[1023]                                          |                                                                                 |                1 |              2 |         2.00 |
|  video_clock_BUFG                             | camera_status/p_0_in0_out[1022]                                          |                                                                                 |                1 |              2 |         2.00 |
|  video_clock_BUFG                             | camera_status/p_0_in0_out[984]                                           |                                                                                 |                1 |              2 |         2.00 |
|  video_clock_BUFG                             | camera_status/p_0_in0_out[992]                                           |                                                                                 |                1 |              2 |         2.00 |
|  video_clock_BUFG                             | camera_status/p_0_in0_out[1003]                                          |                                                                                 |                1 |              2 |         2.00 |
|  video_clock_BUFG                             | camera_status/p_0_in0_out[981]                                           |                                                                                 |                1 |              2 |         2.00 |
|  video_clock_BUFG                             | camera_status/p_0_in0_out[988]                                           |                                                                                 |                1 |              2 |         2.00 |
|  video_clock_BUFG                             | camera_status/p_0_in0_out[407]                                           |                                                                                 |                1 |              2 |         2.00 |
|  video_clock_BUFG                             | camera_status/p_0_in0_out[1006]                                          |                                                                                 |                1 |              2 |         2.00 |
|  video_clock_BUFG                             | camera_status/p_0_in0_out[1011]                                          |                                                                                 |                1 |              2 |         2.00 |
|  video_clock_BUFG                             | camera_status/p_0_in0_out[1010]                                          |                                                                                 |                1 |              2 |         2.00 |
|  video_clock_BUFG                             | camera_status/p_0_in0_out[979]                                           |                                                                                 |                1 |              2 |         2.00 |
|  video_clock_BUFG                             | camera_status/p_0_in0_out[999]                                           |                                                                                 |                1 |              2 |         2.00 |
|  video_clock_BUFG                             | camera_status/p_0_in0_out[998]                                           |                                                                                 |                1 |              2 |         2.00 |
|  video_clock_BUFG                             | camera_status/p_0_in0_out[968]                                           |                                                                                 |                1 |              2 |         2.00 |
|  video_clock_BUFG                             | camera_status/p_0_in0_out[985]                                           |                                                                                 |                1 |              2 |         2.00 |
|  video_clock_BUFG                             | camera_status/p_0_in0_out[996]                                           |                                                                                 |                1 |              2 |         2.00 |
|  video_clock_BUFG                             | camera_status/p_0_in0_out[1012]                                          |                                                                                 |                1 |              2 |         2.00 |
|  video_clock_BUFG                             | camera_status/p_0_in0_out[1013]                                          |                                                                                 |                1 |              2 |         2.00 |
|  video_clock_BUFG                             | camera_status/p_0_in0_out[1017]                                          |                                                                                 |                1 |              2 |         2.00 |
|  video_clock_BUFG                             | camera_status/p_0_in0_out[1019]                                          |                                                                                 |                1 |              2 |         2.00 |
|  video_clock_BUFG                             | camera_status/p_0_in0_out[1004]                                          |                                                                                 |                1 |              2 |         2.00 |
|  video_clock_BUFG                             | camera_status/p_0_in0_out[1000]                                          |                                                                                 |                1 |              2 |         2.00 |
|  video_clock_BUFG                             | camera_status/p_0_in0_out[1021]                                          |                                                                                 |                1 |              2 |         2.00 |
|  video_clock_BUFG                             | camera_status/p_0_in0_out[993]                                           |                                                                                 |                1 |              2 |         2.00 |
|  video_clock_BUFG                             | camera_status/p_0_in0_out[1014]                                          |                                                                                 |                1 |              2 |         2.00 |
|  video_clock_BUFG                             | camera_status/p_0_in0_out[971]                                           |                                                                                 |                1 |              2 |         2.00 |
|  video_clock_BUFG                             | camera_status/p_0_in0_out[973]                                           |                                                                                 |                1 |              2 |         2.00 |
|  video_clock_BUFG                             | camera_status/p_0_in0_out[980]                                           |                                                                                 |                1 |              2 |         2.00 |
|  video_clock_BUFG                             | camera_status/p_0_in0_out[987]                                           |                                                                                 |                1 |              2 |         2.00 |
|  video_clock_BUFG                             | camera_status/p_0_in0_out[991]                                           |                                                                                 |                1 |              2 |         2.00 |
|  video_clock_BUFG                             | camera_status/p_0_in0_out[989]                                           |                                                                                 |                1 |              2 |         2.00 |
|  video_clock_BUFG                             | camera_status/p_0_in0_out[972]                                           |                                                                                 |                1 |              2 |         2.00 |
|  video_clock_BUFG                             | camera_status/p_0_in0_out[977]                                           |                                                                                 |                1 |              2 |         2.00 |
|  video_clock_BUFG                             | camera_status/p_0_in0_out[978]                                           |                                                                                 |                1 |              2 |         2.00 |
|  video_clock_BUFG                             | camera_status/p_0_in0_out[997]                                           |                                                                                 |                1 |              2 |         2.00 |
|  video_clock_BUFG                             | camera_status/p_0_in0_out[1001]                                          |                                                                                 |                1 |              2 |         2.00 |
|  video_clock_BUFG                             | camera_status/p_0_in0_out[986]                                           |                                                                                 |                1 |              2 |         2.00 |
|  video_clock_BUFG                             | camera_status/p_0_in0_out[1007]                                          |                                                                                 |                1 |              2 |         2.00 |
|  video_clock_BUFG                             | camera_status/p_0_in0_out[976]                                           |                                                                                 |                1 |              2 |         2.00 |
|  video_clock_BUFG                             | camera_status/p_0_in0_out[990]                                           |                                                                                 |                1 |              2 |         2.00 |
|  video_clock_BUFG                             | camera_status/p_0_in0_out[974]                                           |                                                                                 |                1 |              2 |         2.00 |
|  video_clock_BUFG                             | camera_status/p_0_in0_out[982]                                           |                                                                                 |                1 |              2 |         2.00 |
|  video_clock_BUFG                             | camera_status/p_0_in0_out[983]                                           |                                                                                 |                1 |              2 |         2.00 |
|  video_clock_BUFG                             | camera_status/p_0_in0_out[994]                                           |                                                                                 |                1 |              2 |         2.00 |
|  video_clock_BUFG                             | camera_status/p_0_in0_out[995]                                           |                                                                                 |                1 |              2 |         2.00 |
|  video_clock_BUFG                             | camera_video/NEXT_STATE_DECODE.rcount[6]_i_1_n_0                         | camera_video/NEXT_STATE_DECODE.rcount[5]_i_1_n_0                                |                1 |              2 |         2.00 |
|  video_clock_BUFG                             | camera_status/p_0_in0_out[23]                                            |                                                                                 |                1 |              2 |         2.00 |
|  video_clock_BUFG                             | camera_status/p_0_in0_out[27]                                            |                                                                                 |                1 |              2 |         2.00 |
|  video_clock_BUFG                             | camera_status/p_0_in0_out[31]                                            |                                                                                 |                1 |              2 |         2.00 |
|  video_clock_BUFG                             | camera_status/p_0_in0_out[52]                                            |                                                                                 |                1 |              2 |         2.00 |
|  video_clock_BUFG                             | camera_status/p_0_in0_out[14]                                            |                                                                                 |                1 |              2 |         2.00 |
|  video_clock_BUFG                             | camera_status/p_0_in0_out[47]                                            |                                                                                 |                1 |              2 |         2.00 |
|  video_clock_BUFG                             | camera_status/p_0_in0_out[11]                                            |                                                                                 |                1 |              2 |         2.00 |
|  video_clock_BUFG                             | camera_status/p_0_in0_out[35]                                            |                                                                                 |                1 |              2 |         2.00 |
|  video_clock_BUFG                             | camera_status/p_0_in0_out[19]                                            |                                                                                 |                1 |              2 |         2.00 |
|  video_clock_BUFG                             | camera_status/p_0_in0_out[21]                                            |                                                                                 |                1 |              2 |         2.00 |
|  video_clock_BUFG                             | camera_status/p_0_in0_out[36]                                            |                                                                                 |                1 |              2 |         2.00 |
|  video_clock_BUFG                             | camera_status/p_0_in0_out[49]                                            |                                                                                 |                1 |              2 |         2.00 |
|  video_clock_BUFG                             | camera_status/p_0_in0_out[54]                                            |                                                                                 |                1 |              2 |         2.00 |
|  video_clock_BUFG                             | camera_status/p_0_in0_out[33]                                            |                                                                                 |                1 |              2 |         2.00 |
|  video_clock_BUFG                             | camera_status/p_0_in0_out[40]                                            |                                                                                 |                1 |              2 |         2.00 |
|  video_clock_BUFG                             | camera_status/p_0_in0_out[44]                                            |                                                                                 |                1 |              2 |         2.00 |
|  video_clock_BUFG                             | camera_status/p_0_in0_out[45]                                            |                                                                                 |                1 |              2 |         2.00 |
|  video_clock_BUFG                             | camera_status/p_0_in0_out[55]                                            |                                                                                 |                1 |              2 |         2.00 |
|  video_clock_BUFG                             | camera_status/p_0_in0_out[10]                                            |                                                                                 |                1 |              2 |         2.00 |
|  video_clock_BUFG                             | camera_status/p_0_in0_out[60]                                            |                                                                                 |                1 |              2 |         2.00 |
|  video_clock_BUFG                             | camera_status/p_0_in0_out[20]                                            |                                                                                 |                1 |              2 |         2.00 |
|  video_clock_BUFG                             | camera_status/p_0_in0_out[51]                                            |                                                                                 |                1 |              2 |         2.00 |
|  video_clock_BUFG                             | camera_status/p_0_in0_out[41]                                            |                                                                                 |                1 |              2 |         2.00 |
|  video_clock_BUFG                             | camera_status/p_0_in0_out[17]                                            |                                                                                 |                1 |              2 |         2.00 |
|  video_clock_BUFG                             | camera_status/p_0_in0_out[32]                                            |                                                                                 |                1 |              2 |         2.00 |
|  video_clock_BUFG                             | camera_status/p_0_in0_out[13]                                            |                                                                                 |                1 |              2 |         2.00 |
|  video_clock_BUFG                             | camera_status/p_0_in0_out[43]                                            |                                                                                 |                1 |              2 |         2.00 |
|  video_clock_BUFG                             | camera_status/p_0_in0_out[62]                                            |                                                                                 |                1 |              2 |         2.00 |
|  video_clock_BUFG                             | camera_status/p_0_in0_out[7]                                             |                                                                                 |                1 |              2 |         2.00 |
|  video_clock_BUFG                             | camera_status/p_0_in0_out[30]                                            |                                                                                 |                1 |              2 |         2.00 |
|  video_clock_BUFG                             | camera_status/p_0_in0_out[63]                                            |                                                                                 |                1 |              2 |         2.00 |
|  video_clock_BUFG                             | camera_status/p_0_in0_out[42]                                            |                                                                                 |                1 |              2 |         2.00 |
|  video_clock_BUFG                             | camera_status/p_0_in0_out[57]                                            |                                                                                 |                1 |              2 |         2.00 |
|  video_clock_BUFG                             | camera_status/p_0_in0_out[15]                                            |                                                                                 |                1 |              2 |         2.00 |
|  video_clock_BUFG                             | camera_status/p_0_in0_out[64]                                            |                                                                                 |                1 |              2 |         2.00 |
|  video_clock_BUFG                             | camera_status/p_0_in0_out[39]                                            |                                                                                 |                1 |              2 |         2.00 |
|  video_clock_BUFG                             | camera_status/p_0_in0_out[66]                                            |                                                                                 |                1 |              2 |         2.00 |
|  video_clock_BUFG                             | camera_status/p_0_in0_out[46]                                            |                                                                                 |                1 |              2 |         2.00 |
|  video_clock_BUFG                             | camera_status/p_0_in0_out[25]                                            |                                                                                 |                1 |              2 |         2.00 |
|  video_clock_BUFG                             | camera_status/p_0_in0_out[24]                                            |                                                                                 |                1 |              2 |         2.00 |
|  video_clock_BUFG                             | camera_status/p_0_in0_out[38]                                            |                                                                                 |                1 |              2 |         2.00 |
|  video_clock_BUFG                             | camera_status/p_0_in0_out[8]                                             |                                                                                 |                1 |              2 |         2.00 |
|  video_clock_BUFG                             | camera_status/p_0_in0_out[48]                                            |                                                                                 |                1 |              2 |         2.00 |
|  video_clock_BUFG                             | camera_status/p_0_in0_out[26]                                            |                                                                                 |                1 |              2 |         2.00 |
|  video_clock_BUFG                             | camera_status/p_0_in0_out[16]                                            |                                                                                 |                1 |              2 |         2.00 |
|  video_clock_BUFG                             | camera_status/p_0_in0_out[37]                                            |                                                                                 |                1 |              2 |         2.00 |
|  video_clock_BUFG                             | camera_status/p_0_in0_out[58]                                            |                                                                                 |                1 |              2 |         2.00 |
|  video_clock_BUFG                             | camera_status/p_0_in0_out[12]                                            |                                                                                 |                1 |              2 |         2.00 |
|  video_clock_BUFG                             | camera_status/p_0_in0_out[34]                                            |                                                                                 |                1 |              2 |         2.00 |
|  video_clock_BUFG                             | camera_status/p_0_in0_out[50]                                            |                                                                                 |                1 |              2 |         2.00 |
|  video_clock_BUFG                             | camera_status/p_0_in0_out[53]                                            |                                                                                 |                1 |              2 |         2.00 |
|  video_clock_BUFG                             | camera_status/p_0_in0_out[59]                                            |                                                                                 |                1 |              2 |         2.00 |
|  video_clock_BUFG                             | camera_status/p_0_in0_out[68]                                            |                                                                                 |                1 |              2 |         2.00 |
|  video_clock_BUFG                             | camera_status/p_0_in0_out[28]                                            |                                                                                 |                1 |              2 |         2.00 |
|  video_clock_BUFG                             | camera_status/p_0_in0_out[56]                                            |                                                                                 |                1 |              2 |         2.00 |
|  video_clock_BUFG                             | camera_status/p_0_in0_out[61]                                            |                                                                                 |                1 |              2 |         2.00 |
|  video_clock_BUFG                             | camera_status/p_0_in0_out[69]                                            |                                                                                 |                1 |              2 |         2.00 |
|  video_clock_BUFG                             | camera_status/p_0_in0_out[67]                                            |                                                                                 |                1 |              2 |         2.00 |
|  video_clock_BUFG                             | camera_status/p_0_in0_out[70]                                            |                                                                                 |                1 |              2 |         2.00 |
|  video_clock_BUFG                             | camera_status/p_0_in0_out[29]                                            |                                                                                 |                1 |              2 |         2.00 |
|  video_clock_BUFG                             | camera_status/p_0_in0_out[65]                                            |                                                                                 |                1 |              2 |         2.00 |
|  video_clock_BUFG                             | camera_status/p_0_in0_out[71]                                            |                                                                                 |                1 |              2 |         2.00 |
|  video_clock_BUFG                             | camera_status/p_0_in0_out[18]                                            |                                                                                 |                1 |              2 |         2.00 |
|  video_clock_BUFG                             | camera_status/p_0_in0_out[22]                                            |                                                                                 |                1 |              2 |         2.00 |
|  video_clock_BUFG                             | camera_status/p_0_in0_out[1]                                             |                                                                                 |                1 |              2 |         2.00 |
|  video_clock_BUFG                             | camera_status/p_0_in0_out[4]                                             |                                                                                 |                1 |              2 |         2.00 |
|  video_clock_BUFG                             | camera_status/p_0_in0_out[5]                                             |                                                                                 |                1 |              2 |         2.00 |
|  video_clock_BUFG                             | camera_status/p_0_in0_out[9]                                             |                                                                                 |                1 |              2 |         2.00 |
|  video_clock_BUFG                             | camera_status/p_0_in0_out[6]                                             |                                                                                 |                1 |              2 |         2.00 |
|  video_clock_BUFG                             | camera_status/p_0_in0_out[0]                                             |                                                                                 |                1 |              2 |         2.00 |
|  video_clock_BUFG                             | camera_status/p_0_in0_out[3]                                             |                                                                                 |                1 |              2 |         2.00 |
|  video_clock_BUFG                             | camera_status/p_0_in0_out[2]                                             |                                                                                 |                1 |              2 |         2.00 |
|  video_clock_BUFG                             | camera_status/p_0_in0_out[73]                                            |                                                                                 |                1 |              2 |         2.00 |
|  video_clock_BUFG                             | camera_status/p_0_in0_out[111]                                           |                                                                                 |                1 |              2 |         2.00 |
|  video_clock_BUFG                             | camera_status/p_0_in0_out[118]                                           |                                                                                 |                1 |              2 |         2.00 |
|  video_clock_BUFG                             | camera_status/p_0_in0_out[122]                                           |                                                                                 |                1 |              2 |         2.00 |
|  video_clock_BUFG                             | camera_status/p_0_in0_out[104]                                           |                                                                                 |                1 |              2 |         2.00 |
|  video_clock_BUFG                             | camera_status/p_0_in0_out[119]                                           |                                                                                 |                1 |              2 |         2.00 |
|  video_clock_BUFG                             | camera_status/p_0_in0_out[110]                                           |                                                                                 |                1 |              2 |         2.00 |
|  video_clock_BUFG                             | camera_status/p_0_in0_out[123]                                           |                                                                                 |                1 |              2 |         2.00 |
|  video_clock_BUFG                             | camera_status/p_0_in0_out[117]                                           |                                                                                 |                1 |              2 |         2.00 |
|  video_clock_BUFG                             | camera_status/p_0_in0_out[125]                                           |                                                                                 |                1 |              2 |         2.00 |
|  video_clock_BUFG                             | camera_status/p_0_in0_out[80]                                            |                                                                                 |                1 |              2 |         2.00 |
|  video_clock_BUFG                             | camera_status/p_0_in0_out[126]                                           |                                                                                 |                1 |              2 |         2.00 |
|  video_clock_BUFG                             | camera_status/p_0_in0_out[128]                                           |                                                                                 |                1 |              2 |         2.00 |
|  video_clock_BUFG                             | camera_status/p_0_in0_out[130]                                           |                                                                                 |                1 |              2 |         2.00 |
|  video_clock_BUFG                             | camera_status/p_0_in0_out[102]                                           |                                                                                 |                1 |              2 |         2.00 |
|  video_clock_BUFG                             | camera_status/p_0_in0_out[131]                                           |                                                                                 |                1 |              2 |         2.00 |
|  video_clock_BUFG                             | camera_status/p_0_in0_out[132]                                           |                                                                                 |                1 |              2 |         2.00 |
|  video_clock_BUFG                             | camera_status/p_0_in0_out[72]                                            |                                                                                 |                1 |              2 |         2.00 |
|  video_clock_BUFG                             | camera_status/p_0_in0_out[109]                                           |                                                                                 |                1 |              2 |         2.00 |
|  video_clock_BUFG                             | camera_status/p_0_in0_out[114]                                           |                                                                                 |                1 |              2 |         2.00 |
|  video_clock_BUFG                             | camera_status/p_0_in0_out[99]                                            |                                                                                 |                1 |              2 |         2.00 |
|  video_clock_BUFG                             | camera_status/p_0_in0_out[133]                                           |                                                                                 |                1 |              2 |         2.00 |
|  video_clock_BUFG                             | camera_status/p_0_in0_out[78]                                            |                                                                                 |                1 |              2 |         2.00 |
|  video_clock_BUFG                             | camera_status/p_0_in0_out[94]                                            |                                                                                 |                1 |              2 |         2.00 |
|  video_clock_BUFG                             | camera_status/p_0_in0_out[84]                                            |                                                                                 |                1 |              2 |         2.00 |
|  video_clock_BUFG                             | camera_status/p_0_in0_out[85]                                            |                                                                                 |                1 |              2 |         2.00 |
|  video_clock_BUFG                             | camera_status/p_0_in0_out[79]                                            |                                                                                 |                1 |              2 |         2.00 |
|  video_clock_BUFG                             | camera_status/p_0_in0_out[91]                                            |                                                                                 |                1 |              2 |         2.00 |
|  video_clock_BUFG                             | camera_status/p_0_in0_out[74]                                            |                                                                                 |                1 |              2 |         2.00 |
|  video_clock_BUFG                             | camera_status/p_0_in0_out[97]                                            |                                                                                 |                1 |              2 |         2.00 |
|  video_clock_BUFG                             | camera_status/p_0_in0_out[83]                                            |                                                                                 |                1 |              2 |         2.00 |
|  video_clock_BUFG                             | camera_status/p_0_in0_out[76]                                            |                                                                                 |                1 |              2 |         2.00 |
|  video_clock_BUFG                             | camera_status/p_0_in0_out[93]                                            |                                                                                 |                1 |              2 |         2.00 |
|  video_clock_BUFG                             | camera_status/p_0_in0_out[100]                                           |                                                                                 |                1 |              2 |         2.00 |
|  video_clock_BUFG                             | camera_status/p_0_in0_out[105]                                           |                                                                                 |                1 |              2 |         2.00 |
|  video_clock_BUFG                             | camera_status/p_0_in0_out[106]                                           |                                                                                 |                1 |              2 |         2.00 |
|  video_clock_BUFG                             | camera_status/p_0_in0_out[113]                                           |                                                                                 |                1 |              2 |         2.00 |
|  video_clock_BUFG                             | camera_status/p_0_in0_out[86]                                            |                                                                                 |                1 |              2 |         2.00 |
|  video_clock_BUFG                             | camera_status/p_0_in0_out[81]                                            |                                                                                 |                1 |              2 |         2.00 |
|  video_clock_BUFG                             | camera_status/p_0_in0_out[115]                                           |                                                                                 |                1 |              2 |         2.00 |
|  video_clock_BUFG                             | camera_status/p_0_in0_out[121]                                           |                                                                                 |                1 |              2 |         2.00 |
|  video_clock_BUFG                             | camera_status/p_0_in0_out[124]                                           |                                                                                 |                1 |              2 |         2.00 |
|  video_clock_BUFG                             | camera_status/p_0_in0_out[134]                                           |                                                                                 |                1 |              2 |         2.00 |
|  video_clock_BUFG                             | camera_status/p_0_in0_out[112]                                           |                                                                                 |                1 |              2 |         2.00 |
|  video_clock_BUFG                             | camera_status/p_0_in0_out[90]                                            |                                                                                 |                1 |              2 |         2.00 |
|  video_clock_BUFG                             | camera_status/p_0_in0_out[98]                                            |                                                                                 |                1 |              2 |         2.00 |
|  video_clock_BUFG                             | camera_status/p_0_in0_out[127]                                           |                                                                                 |                1 |              2 |         2.00 |
|  video_clock_BUFG                             | camera_status/p_0_in0_out[129]                                           |                                                                                 |                1 |              2 |         2.00 |
|  video_clock_BUFG                             | camera_status/p_0_in0_out[135]                                           |                                                                                 |                1 |              2 |         2.00 |
|  video_clock_BUFG                             | camera_status/p_0_in0_out[75]                                            |                                                                                 |                1 |              2 |         2.00 |
|  video_clock_BUFG                             | camera_status/p_0_in0_out[82]                                            |                                                                                 |                1 |              2 |         2.00 |
|  video_clock_BUFG                             | camera_status/p_0_in0_out[89]                                            |                                                                                 |                1 |              2 |         2.00 |
|  video_clock_BUFG                             | camera_status/p_0_in0_out[96]                                            |                                                                                 |                1 |              2 |         2.00 |
|  video_clock_BUFG                             | camera_status/p_0_in0_out[92]                                            |                                                                                 |                1 |              2 |         2.00 |
|  video_clock_BUFG                             | camera_status/p_0_in0_out[103]                                           |                                                                                 |                1 |              2 |         2.00 |
|  video_clock_BUFG                             | camera_status/p_0_in0_out[95]                                            |                                                                                 |                1 |              2 |         2.00 |
|  video_clock_BUFG                             | camera_status/p_0_in0_out[77]                                            |                                                                                 |                1 |              2 |         2.00 |
|  video_clock_BUFG                             | camera_status/p_0_in0_out[107]                                           |                                                                                 |                1 |              2 |         2.00 |
|  video_clock_BUFG                             | camera_status/p_0_in0_out[101]                                           |                                                                                 |                1 |              2 |         2.00 |
|  video_clock_BUFG                             | camera_status/p_0_in0_out[116]                                           |                                                                                 |                1 |              2 |         2.00 |
|  video_clock_BUFG                             | camera_status/p_0_in0_out[120]                                           |                                                                                 |                1 |              2 |         2.00 |
|  video_clock_BUFG                             | camera_status/p_0_in0_out[108]                                           |                                                                                 |                1 |              2 |         2.00 |
|  video_clock_BUFG                             | camera_status/p_0_in0_out[87]                                            |                                                                                 |                1 |              2 |         2.00 |
|  video_clock_BUFG                             | camera_status/p_0_in0_out[168]                                           |                                                                                 |                1 |              2 |         2.00 |
|  video_clock_BUFG                             | camera_status/p_0_in0_out[190]                                           |                                                                                 |                1 |              2 |         2.00 |
|  video_clock_BUFG                             | camera_status/p_0_in0_out[155]                                           |                                                                                 |                1 |              2 |         2.00 |
|  video_clock_BUFG                             | camera_status/p_0_in0_out[137]                                           |                                                                                 |                1 |              2 |         2.00 |
|  video_clock_BUFG                             | camera_status/p_0_in0_out[171]                                           |                                                                                 |                1 |              2 |         2.00 |
|  video_clock_BUFG                             | camera_status/p_0_in0_out[146]                                           |                                                                                 |                1 |              2 |         2.00 |
|  video_clock_BUFG                             | camera_status/p_0_in0_out[143]                                           |                                                                                 |                1 |              2 |         2.00 |
|  video_clock_BUFG                             | camera_status/p_0_in0_out[147]                                           |                                                                                 |                1 |              2 |         2.00 |
|  video_clock_BUFG                             | camera_status/p_0_in0_out[178]                                           |                                                                                 |                1 |              2 |         2.00 |
|  video_clock_BUFG                             | camera_status/p_0_in0_out[145]                                           |                                                                                 |                1 |              2 |         2.00 |
|  video_clock_BUFG                             | camera_status/p_0_in0_out[170]                                           |                                                                                 |                1 |              2 |         2.00 |
|  video_clock_BUFG                             | camera_status/p_0_in0_out[173]                                           |                                                                                 |                1 |              2 |         2.00 |
|  video_clock_BUFG                             | camera_status/p_0_in0_out[174]                                           |                                                                                 |                1 |              2 |         2.00 |
|  video_clock_BUFG                             | camera_status/p_0_in0_out[154]                                           |                                                                                 |                1 |              2 |         2.00 |
|  video_clock_BUFG                             | camera_status/p_0_in0_out[162]                                           |                                                                                 |                1 |              2 |         2.00 |
|  video_clock_BUFG                             | camera_status/p_0_in0_out[180]                                           |                                                                                 |                1 |              2 |         2.00 |
|  video_clock_BUFG                             | camera_status/p_0_in0_out[186]                                           |                                                                                 |                1 |              2 |         2.00 |
|  video_clock_BUFG                             | camera_status/p_0_in0_out[141]                                           |                                                                                 |                1 |              2 |         2.00 |
|  video_clock_BUFG                             | camera_status/p_0_in0_out[183]                                           |                                                                                 |                1 |              2 |         2.00 |
|  video_clock_BUFG                             | camera_status/p_0_in0_out[194]                                           |                                                                                 |                1 |              2 |         2.00 |
|  video_clock_BUFG                             | camera_status/p_0_in0_out[189]                                           |                                                                                 |                1 |              2 |         2.00 |
|  video_clock_BUFG                             | camera_status/p_0_in0_out[149]                                           |                                                                                 |                1 |              2 |         2.00 |
|  video_clock_BUFG                             | camera_status/p_0_in0_out[163]                                           |                                                                                 |                1 |              2 |         2.00 |
|  video_clock_BUFG                             | camera_status/p_0_in0_out[151]                                           |                                                                                 |                1 |              2 |         2.00 |
|  video_clock_BUFG                             | camera_status/p_0_in0_out[153]                                           |                                                                                 |                1 |              2 |         2.00 |
|  video_clock_BUFG                             | camera_status/p_0_in0_out[192]                                           |                                                                                 |                1 |              2 |         2.00 |
|  video_clock_BUFG                             | camera_status/p_0_in0_out[148]                                           |                                                                                 |                1 |              2 |         2.00 |
|  video_clock_BUFG                             | camera_status/p_0_in0_out[165]                                           |                                                                                 |                1 |              2 |         2.00 |
|  video_clock_BUFG                             | camera_status/p_0_in0_out[144]                                           |                                                                                 |                1 |              2 |         2.00 |
|  video_clock_BUFG                             | camera_status/p_0_in0_out[157]                                           |                                                                                 |                1 |              2 |         2.00 |
|  video_clock_BUFG                             | camera_status/p_0_in0_out[167]                                           |                                                                                 |                1 |              2 |         2.00 |
|  video_clock_BUFG                             | camera_status/p_0_in0_out[182]                                           |                                                                                 |                1 |              2 |         2.00 |
|  video_clock_BUFG                             | camera_status/p_0_in0_out[142]                                           |                                                                                 |                1 |              2 |         2.00 |
|  video_clock_BUFG                             | camera_status/p_0_in0_out[159]                                           |                                                                                 |                1 |              2 |         2.00 |
|  video_clock_BUFG                             | camera_status/p_0_in0_out[188]                                           |                                                                                 |                1 |              2 |         2.00 |
|  video_clock_BUFG                             | camera_status/p_0_in0_out[193]                                           |                                                                                 |                1 |              2 |         2.00 |
|  video_clock_BUFG                             | camera_status/p_0_in0_out[161]                                           |                                                                                 |                1 |              2 |         2.00 |
|  video_clock_BUFG                             | camera_status/p_0_in0_out[177]                                           |                                                                                 |                1 |              2 |         2.00 |
|  video_clock_BUFG                             | camera_status/p_0_in0_out[195]                                           |                                                                                 |                1 |              2 |         2.00 |
|  video_clock_BUFG                             | camera_status/p_0_in0_out[197]                                           |                                                                                 |                1 |              2 |         2.00 |
|  video_clock_BUFG                             | camera_status/p_0_in0_out[138]                                           |                                                                                 |                1 |              2 |         2.00 |
|  video_clock_BUFG                             | camera_status/p_0_in0_out[140]                                           |                                                                                 |                1 |              2 |         2.00 |
|  video_clock_BUFG                             | camera_status/p_0_in0_out[139]                                           |                                                                                 |                1 |              2 |         2.00 |
|  video_clock_BUFG                             | camera_status/p_0_in0_out[169]                                           |                                                                                 |                1 |              2 |         2.00 |
|  video_clock_BUFG                             | camera_status/p_0_in0_out[160]                                           |                                                                                 |                1 |              2 |         2.00 |
|  video_clock_BUFG                             | camera_status/p_0_in0_out[136]                                           |                                                                                 |                1 |              2 |         2.00 |
|  video_clock_BUFG                             | camera_status/p_0_in0_out[164]                                           |                                                                                 |                1 |              2 |         2.00 |
|  video_clock_BUFG                             | camera_status/p_0_in0_out[166]                                           |                                                                                 |                1 |              2 |         2.00 |
|  video_clock_BUFG                             | camera_status/p_0_in0_out[191]                                           |                                                                                 |                1 |              2 |         2.00 |
|  video_clock_BUFG                             | camera_status/p_0_in0_out[196]                                           |                                                                                 |                1 |              2 |         2.00 |
|  video_clock_BUFG                             | camera_status/p_0_in0_out[181]                                           |                                                                                 |                1 |              2 |         2.00 |
|  video_clock_BUFG                             | camera_status/p_0_in0_out[179]                                           |                                                                                 |                1 |              2 |         2.00 |
|  video_clock_BUFG                             | camera_status/p_0_in0_out[198]                                           |                                                                                 |                1 |              2 |         2.00 |
|  video_clock_BUFG                             | camera_status/p_0_in0_out[199]                                           |                                                                                 |                1 |              2 |         2.00 |
|  video_clock_BUFG                             | camera_status/p_0_in0_out[156]                                           |                                                                                 |                1 |              2 |         2.00 |
|  video_clock_BUFG                             | camera_status/p_0_in0_out[172]                                           |                                                                                 |                1 |              2 |         2.00 |
|  video_clock_BUFG                             | camera_status/p_0_in0_out[150]                                           |                                                                                 |                1 |              2 |         2.00 |
|  video_clock_BUFG                             | camera_status/p_0_in0_out[175]                                           |                                                                                 |                1 |              2 |         2.00 |
|  video_clock_BUFG                             | camera_status/p_0_in0_out[184]                                           |                                                                                 |                1 |              2 |         2.00 |
|  video_clock_BUFG                             | camera_status/p_0_in0_out[176]                                           |                                                                                 |                1 |              2 |         2.00 |
|  video_clock_BUFG                             | camera_status/p_0_in0_out[158]                                           |                                                                                 |                1 |              2 |         2.00 |
|  video_clock_BUFG                             | camera_status/p_0_in0_out[185]                                           |                                                                                 |                1 |              2 |         2.00 |
|  video_clock_BUFG                             | camera_status/p_0_in0_out[187]                                           |                                                                                 |                1 |              2 |         2.00 |
|  video_clock_BUFG                             | camera_status/p_0_in0_out[152]                                           |                                                                                 |                1 |              2 |         2.00 |
|  video_clock_BUFG                             | camera_status/p_0_in0_out[207]                                           |                                                                                 |                1 |              2 |         2.00 |
|  video_clock_BUFG                             | camera_status/p_0_in0_out[238]                                           |                                                                                 |                1 |              2 |         2.00 |
|  video_clock_BUFG                             | camera_status/p_0_in0_out[245]                                           |                                                                                 |                1 |              2 |         2.00 |
|  video_clock_BUFG                             | camera_status/p_0_in0_out[247]                                           |                                                                                 |                1 |              2 |         2.00 |
|  video_clock_BUFG                             | camera_status/p_0_in0_out[200]                                           |                                                                                 |                1 |              2 |         2.00 |
|  video_clock_BUFG                             | camera_status/p_0_in0_out[255]                                           |                                                                                 |                1 |              2 |         2.00 |
|  video_clock_BUFG                             | camera_status/p_0_in0_out[233]                                           |                                                                                 |                1 |              2 |         2.00 |
|  video_clock_BUFG                             | camera_status/p_0_in0_out[225]                                           |                                                                                 |                1 |              2 |         2.00 |
|  video_clock_BUFG                             | camera_status/p_0_in0_out[258]                                           |                                                                                 |                1 |              2 |         2.00 |
|  video_clock_BUFG                             | camera_status/p_0_in0_out[259]                                           |                                                                                 |                1 |              2 |         2.00 |
|  video_clock_BUFG                             | camera_status/p_0_in0_out[260]                                           |                                                                                 |                1 |              2 |         2.00 |
|  video_clock_BUFG                             | camera_status/p_0_in0_out[261]                                           |                                                                                 |                1 |              2 |         2.00 |
|  video_clock_BUFG                             | camera_status/p_0_in0_out[262]                                           |                                                                                 |                1 |              2 |         2.00 |
|  video_clock_BUFG                             | camera_status/p_0_in0_out[216]                                           |                                                                                 |                1 |              2 |         2.00 |
|  video_clock_BUFG                             | camera_status/p_0_in0_out[263]                                           |                                                                                 |                1 |              2 |         2.00 |
|  video_clock_BUFG                             | camera_status/p_0_in0_out[202]                                           |                                                                                 |                1 |              2 |         2.00 |
|  video_clock_BUFG                             | camera_status/p_0_in0_out[227]                                           |                                                                                 |                1 |              2 |         2.00 |
|  video_clock_BUFG                             | camera_status/p_0_in0_out[213]                                           |                                                                                 |                1 |              2 |         2.00 |
|  video_clock_BUFG                             | camera_status/p_0_in0_out[235]                                           |                                                                                 |                1 |              2 |         2.00 |
|  video_clock_BUFG                             | camera_status/p_0_in0_out[220]                                           |                                                                                 |                1 |              2 |         2.00 |
|  video_clock_BUFG                             | camera_status/p_0_in0_out[204]                                           |                                                                                 |                1 |              2 |         2.00 |
|  video_clock_BUFG                             | camera_status/p_0_in0_out[226]                                           |                                                                                 |                1 |              2 |         2.00 |
|  video_clock_BUFG                             | camera_status/p_0_in0_out[239]                                           |                                                                                 |                1 |              2 |         2.00 |
|  video_clock_BUFG                             | camera_status/p_0_in0_out[236]                                           |                                                                                 |                1 |              2 |         2.00 |
|  video_clock_BUFG                             | camera_status/p_0_in0_out[223]                                           |                                                                                 |                1 |              2 |         2.00 |
|  video_clock_BUFG                             | camera_status/p_0_in0_out[232]                                           |                                                                                 |                1 |              2 |         2.00 |
|  video_clock_BUFG                             | camera_status/p_0_in0_out[240]                                           |                                                                                 |                1 |              2 |         2.00 |
|  video_clock_BUFG                             | camera_status/p_0_in0_out[241]                                           |                                                                                 |                1 |              2 |         2.00 |
|  video_clock_BUFG                             | camera_status/p_0_in0_out[221]                                           |                                                                                 |                1 |              2 |         2.00 |
|  video_clock_BUFG                             | camera_status/p_0_in0_out[210]                                           |                                                                                 |                1 |              2 |         2.00 |
|  video_clock_BUFG                             | camera_status/p_0_in0_out[201]                                           |                                                                                 |                1 |              2 |         2.00 |
|  video_clock_BUFG                             | camera_status/p_0_in0_out[215]                                           |                                                                                 |                1 |              2 |         2.00 |
|  video_clock_BUFG                             | camera_status/p_0_in0_out[234]                                           |                                                                                 |                1 |              2 |         2.00 |
|  video_clock_BUFG                             | camera_status/p_0_in0_out[211]                                           |                                                                                 |                1 |              2 |         2.00 |
|  video_clock_BUFG                             | camera_status/p_0_in0_out[242]                                           |                                                                                 |                1 |              2 |         2.00 |
|  video_clock_BUFG                             | camera_status/p_0_in0_out[206]                                           |                                                                                 |                1 |              2 |         2.00 |
|  video_clock_BUFG                             | camera_status/p_0_in0_out[203]                                           |                                                                                 |                1 |              2 |         2.00 |
|  video_clock_BUFG                             | camera_status/p_0_in0_out[218]                                           |                                                                                 |                1 |              2 |         2.00 |
|  video_clock_BUFG                             | camera_status/p_0_in0_out[229]                                           |                                                                                 |                1 |              2 |         2.00 |
|  video_clock_BUFG                             | camera_status/p_0_in0_out[214]                                           |                                                                                 |                1 |              2 |         2.00 |
|  video_clock_BUFG                             | camera_status/p_0_in0_out[208]                                           |                                                                                 |                1 |              2 |         2.00 |
|  video_clock_BUFG                             | camera_status/p_0_in0_out[212]                                           |                                                                                 |                1 |              2 |         2.00 |
|  video_clock_BUFG                             | camera_status/p_0_in0_out[205]                                           |                                                                                 |                1 |              2 |         2.00 |
|  video_clock_BUFG                             | camera_status/p_0_in0_out[217]                                           |                                                                                 |                1 |              2 |         2.00 |
|  video_clock_BUFG                             | camera_status/p_0_in0_out[222]                                           |                                                                                 |                1 |              2 |         2.00 |
|  video_clock_BUFG                             | camera_status/p_0_in0_out[228]                                           |                                                                                 |                1 |              2 |         2.00 |
|  video_clock_BUFG                             | camera_status/p_0_in0_out[230]                                           |                                                                                 |                1 |              2 |         2.00 |
|  video_clock_BUFG                             | camera_status/p_0_in0_out[231]                                           |                                                                                 |                1 |              2 |         2.00 |
|  video_clock_BUFG                             | camera_status/p_0_in0_out[244]                                           |                                                                                 |                1 |              2 |         2.00 |
|  video_clock_BUFG                             | camera_status/p_0_in0_out[249]                                           |                                                                                 |                1 |              2 |         2.00 |
|  video_clock_BUFG                             | camera_status/p_0_in0_out[251]                                           |                                                                                 |                1 |              2 |         2.00 |
|  video_clock_BUFG                             | camera_status/p_0_in0_out[219]                                           |                                                                                 |                1 |              2 |         2.00 |
|  video_clock_BUFG                             | camera_status/p_0_in0_out[243]                                           |                                                                                 |                1 |              2 |         2.00 |
|  video_clock_BUFG                             | camera_status/p_0_in0_out[209]                                           |                                                                                 |                1 |              2 |         2.00 |
|  video_clock_BUFG                             | camera_status/p_0_in0_out[237]                                           |                                                                                 |                1 |              2 |         2.00 |
|  video_clock_BUFG                             | camera_status/p_0_in0_out[246]                                           |                                                                                 |                1 |              2 |         2.00 |
|  video_clock_BUFG                             | camera_status/p_0_in0_out[250]                                           |                                                                                 |                1 |              2 |         2.00 |
|  video_clock_BUFG                             | camera_status/p_0_in0_out[252]                                           |                                                                                 |                1 |              2 |         2.00 |
|  video_clock_BUFG                             | camera_status/p_0_in0_out[253]                                           |                                                                                 |                1 |              2 |         2.00 |
|  video_clock_BUFG                             | camera_status/p_0_in0_out[254]                                           |                                                                                 |                1 |              2 |         2.00 |
|  video_clock_BUFG                             | camera_status/p_0_in0_out[224]                                           |                                                                                 |                1 |              2 |         2.00 |
|  video_clock_BUFG                             | camera_status/p_0_in0_out[256]                                           |                                                                                 |                1 |              2 |         2.00 |
|  video_clock_BUFG                             | camera_status/p_0_in0_out[248]                                           |                                                                                 |                1 |              2 |         2.00 |
|  video_clock_BUFG                             | camera_status/p_0_in0_out[257]                                           |                                                                                 |                1 |              2 |         2.00 |
|  video_clock_BUFG                             | camera_status/p_0_in0_out[301]                                           |                                                                                 |                1 |              2 |         2.00 |
|  video_clock_BUFG                             | camera_status/p_0_in0_out[293]                                           |                                                                                 |                1 |              2 |         2.00 |
|  video_clock_BUFG                             | camera_status/p_0_in0_out[311]                                           |                                                                                 |                1 |              2 |         2.00 |
|  video_clock_BUFG                             | camera_status/p_0_in0_out[318]                                           |                                                                                 |                1 |              2 |         2.00 |
|  video_clock_BUFG                             | camera_status/p_0_in0_out[320]                                           |                                                                                 |                1 |              2 |         2.00 |
|  video_clock_BUFG                             | camera_status/p_0_in0_out[313]                                           |                                                                                 |                1 |              2 |         2.00 |
|  video_clock_BUFG                             | camera_status/p_0_in0_out[294]                                           |                                                                                 |                1 |              2 |         2.00 |
|  video_clock_BUFG                             | camera_status/p_0_in0_out[308]                                           |                                                                                 |                1 |              2 |         2.00 |
|  video_clock_BUFG                             | camera_status/p_0_in0_out[321]                                           |                                                                                 |                1 |              2 |         2.00 |
|  video_clock_BUFG                             | camera_status/p_0_in0_out[324]                                           |                                                                                 |                1 |              2 |         2.00 |
|  video_clock_BUFG                             | camera_status/p_0_in0_out[322]                                           |                                                                                 |                1 |              2 |         2.00 |
|  video_clock_BUFG                             | camera_status/p_0_in0_out[295]                                           |                                                                                 |                1 |              2 |         2.00 |
|  video_clock_BUFG                             | camera_status/p_0_in0_out[286]                                           |                                                                                 |                1 |              2 |         2.00 |
|  video_clock_BUFG                             | camera_status/p_0_in0_out[306]                                           |                                                                                 |                1 |              2 |         2.00 |
|  video_clock_BUFG                             | camera_status/p_0_in0_out[284]                                           |                                                                                 |                1 |              2 |         2.00 |
|  video_clock_BUFG                             | camera_status/p_0_in0_out[290]                                           |                                                                                 |                1 |              2 |         2.00 |
|  video_clock_BUFG                             | camera_status/p_0_in0_out[281]                                           |                                                                                 |                1 |              2 |         2.00 |
|  video_clock_BUFG                             | camera_status/p_0_in0_out[312]                                           |                                                                                 |                1 |              2 |         2.00 |
|  video_clock_BUFG                             | camera_status/p_0_in0_out[316]                                           |                                                                                 |                1 |              2 |         2.00 |
|  video_clock_BUFG                             | camera_status/p_0_in0_out[325]                                           |                                                                                 |                1 |              2 |         2.00 |
|  video_clock_BUFG                             | camera_status/p_0_in0_out[327]                                           |                                                                                 |                1 |              2 |         2.00 |
|  video_clock_BUFG                             | camera_status/p_0_in0_out[269]                                           |                                                                                 |                1 |              2 |         2.00 |
|  video_clock_BUFG                             | camera_status/p_0_in0_out[264]                                           |                                                                                 |                1 |              2 |         2.00 |
|  video_clock_BUFG                             | camera_status/p_0_in0_out[277]                                           |                                                                                 |                1 |              2 |         2.00 |
|  video_clock_BUFG                             | camera_status/p_0_in0_out[282]                                           |                                                                                 |                1 |              2 |         2.00 |
|  video_clock_BUFG                             | camera_status/p_0_in0_out[273]                                           |                                                                                 |                1 |              2 |         2.00 |
|  video_clock_BUFG                             | camera_status/p_0_in0_out[289]                                           |                                                                                 |                1 |              2 |         2.00 |
|  video_clock_BUFG                             | camera_status/p_0_in0_out[302]                                           |                                                                                 |                1 |              2 |         2.00 |
|  video_clock_BUFG                             | camera_status/p_0_in0_out[280]                                           |                                                                                 |                1 |              2 |         2.00 |
|  video_clock_BUFG                             | camera_status/p_0_in0_out[303]                                           |                                                                                 |                1 |              2 |         2.00 |
|  video_clock_BUFG                             | camera_status/p_0_in0_out[300]                                           |                                                                                 |                1 |              2 |         2.00 |
|  video_clock_BUFG                             | camera_status/p_0_in0_out[265]                                           |                                                                                 |                1 |              2 |         2.00 |
|  video_clock_BUFG                             | camera_status/p_0_in0_out[291]                                           |                                                                                 |                1 |              2 |         2.00 |
|  video_clock_BUFG                             | camera_status/p_0_in0_out[270]                                           |                                                                                 |                1 |              2 |         2.00 |
|  video_clock_BUFG                             | camera_status/p_0_in0_out[285]                                           |                                                                                 |                1 |              2 |         2.00 |
|  video_clock_BUFG                             | camera_status/p_0_in0_out[266]                                           |                                                                                 |                1 |              2 |         2.00 |
|  video_clock_BUFG                             | camera_status/p_0_in0_out[305]                                           |                                                                                 |                1 |              2 |         2.00 |
|  video_clock_BUFG                             | camera_status/p_0_in0_out[309]                                           |                                                                                 |                1 |              2 |         2.00 |
|  video_clock_BUFG                             | camera_status/p_0_in0_out[299]                                           |                                                                                 |                1 |              2 |         2.00 |
|  video_clock_BUFG                             | camera_status/p_0_in0_out[304]                                           |                                                                                 |                1 |              2 |         2.00 |
|  video_clock_BUFG                             | camera_status/p_0_in0_out[307]                                           |                                                                                 |                1 |              2 |         2.00 |
|  video_clock_BUFG                             | camera_status/p_0_in0_out[310]                                           |                                                                                 |                1 |              2 |         2.00 |
|  video_clock_BUFG                             | camera_status/p_0_in0_out[267]                                           |                                                                                 |                1 |              2 |         2.00 |
|  video_clock_BUFG                             | camera_status/p_0_in0_out[278]                                           |                                                                                 |                1 |              2 |         2.00 |
|  video_clock_BUFG                             | camera_status/p_0_in0_out[283]                                           |                                                                                 |                1 |              2 |         2.00 |
|  video_clock_BUFG                             | camera_status/p_0_in0_out[314]                                           |                                                                                 |                1 |              2 |         2.00 |
|  video_clock_BUFG                             | camera_status/p_0_in0_out[315]                                           |                                                                                 |                1 |              2 |         2.00 |
|  video_clock_BUFG                             | camera_status/p_0_in0_out[272]                                           |                                                                                 |                1 |              2 |         2.00 |
|  video_clock_BUFG                             | camera_status/p_0_in0_out[276]                                           |                                                                                 |                1 |              2 |         2.00 |
|  video_clock_BUFG                             | camera_status/p_0_in0_out[274]                                           |                                                                                 |                1 |              2 |         2.00 |
|  video_clock_BUFG                             | camera_status/p_0_in0_out[317]                                           |                                                                                 |                1 |              2 |         2.00 |
|  video_clock_BUFG                             | camera_status/p_0_in0_out[287]                                           |                                                                                 |                1 |              2 |         2.00 |
|  video_clock_BUFG                             | camera_status/p_0_in0_out[296]                                           |                                                                                 |                1 |              2 |         2.00 |
|  video_clock_BUFG                             | camera_status/p_0_in0_out[319]                                           |                                                                                 |                1 |              2 |         2.00 |
|  video_clock_BUFG                             | camera_status/p_0_in0_out[323]                                           |                                                                                 |                1 |              2 |         2.00 |
|  video_clock_BUFG                             | camera_status/p_0_in0_out[271]                                           |                                                                                 |                1 |              2 |         2.00 |
|  video_clock_BUFG                             | camera_status/p_0_in0_out[326]                                           |                                                                                 |                1 |              2 |         2.00 |
|  video_clock_BUFG                             | camera_status/p_0_in0_out[275]                                           |                                                                                 |                1 |              2 |         2.00 |
|  video_clock_BUFG                             | camera_status/p_0_in0_out[279]                                           |                                                                                 |                1 |              2 |         2.00 |
|  video_clock_BUFG                             | camera_status/p_0_in0_out[297]                                           |                                                                                 |                1 |              2 |         2.00 |
|  video_clock_BUFG                             | camera_status/p_0_in0_out[268]                                           |                                                                                 |                1 |              2 |         2.00 |
|  video_clock_BUFG                             | camera_status/p_0_in0_out[288]                                           |                                                                                 |                1 |              2 |         2.00 |
|  video_clock_BUFG                             | camera_status/p_0_in0_out[292]                                           |                                                                                 |                1 |              2 |         2.00 |
|  video_clock_BUFG                             | camera_status/p_0_in0_out[298]                                           |                                                                                 |                1 |              2 |         2.00 |
|  video_clock_BUFG                             | camera_status/p_0_in0_out[346]                                           |                                                                                 |                1 |              2 |         2.00 |
|  video_clock_BUFG                             | camera_status/p_0_in0_out[349]                                           |                                                                                 |                1 |              2 |         2.00 |
|  video_clock_BUFG                             | camera_status/p_0_in0_out[387]                                           |                                                                                 |                1 |              2 |         2.00 |
|  video_clock_BUFG                             | camera_status/p_0_in0_out[361]                                           |                                                                                 |                1 |              2 |         2.00 |
|  video_clock_BUFG                             | camera_status/p_0_in0_out[342]                                           |                                                                                 |                1 |              2 |         2.00 |
|  video_clock_BUFG                             | camera_status/p_0_in0_out[355]                                           |                                                                                 |                1 |              2 |         2.00 |
|  video_clock_BUFG                             | camera_status/p_0_in0_out[367]                                           |                                                                                 |                1 |              2 |         2.00 |
|  video_clock_BUFG                             | camera_status/p_0_in0_out[340]                                           |                                                                                 |                1 |              2 |         2.00 |
|  video_clock_BUFG                             | camera_status/p_0_in0_out[330]                                           |                                                                                 |                1 |              2 |         2.00 |
|  video_clock_BUFG                             | camera_status/p_0_in0_out[343]                                           |                                                                                 |                1 |              2 |         2.00 |
|  video_clock_BUFG                             | camera_status/p_0_in0_out[345]                                           |                                                                                 |                1 |              2 |         2.00 |
|  video_clock_BUFG                             | camera_status/p_0_in0_out[350]                                           |                                                                                 |                1 |              2 |         2.00 |
|  video_clock_BUFG                             | camera_status/p_0_in0_out[369]                                           |                                                                                 |                1 |              2 |         2.00 |
|  video_clock_BUFG                             | camera_status/p_0_in0_out[329]                                           |                                                                                 |                1 |              2 |         2.00 |
|  video_clock_BUFG                             | camera_status/p_0_in0_out[370]                                           |                                                                                 |                1 |              2 |         2.00 |
|  video_clock_BUFG                             | camera_status/p_0_in0_out[371]                                           |                                                                                 |                1 |              2 |         2.00 |
|  video_clock_BUFG                             | camera_status/p_0_in0_out[376]                                           |                                                                                 |                1 |              2 |         2.00 |
|  video_clock_BUFG                             | camera_status/p_0_in0_out[365]                                           |                                                                                 |                1 |              2 |         2.00 |
|  video_clock_BUFG                             | camera_status/p_0_in0_out[379]                                           |                                                                                 |                1 |              2 |         2.00 |
|  video_clock_BUFG                             | camera_status/p_0_in0_out[338]                                           |                                                                                 |                1 |              2 |         2.00 |
|  video_clock_BUFG                             | camera_status/p_0_in0_out[381]                                           |                                                                                 |                1 |              2 |         2.00 |
|  video_clock_BUFG                             | camera_status/p_0_in0_out[373]                                           |                                                                                 |                1 |              2 |         2.00 |
|  video_clock_BUFG                             | camera_status/p_0_in0_out[385]                                           |                                                                                 |                1 |              2 |         2.00 |
|  video_clock_BUFG                             | camera_status/p_0_in0_out[375]                                           |                                                                                 |                1 |              2 |         2.00 |
|  video_clock_BUFG                             | camera_status/p_0_in0_out[377]                                           |                                                                                 |                1 |              2 |         2.00 |
|  video_clock_BUFG                             | camera_status/p_0_in0_out[334]                                           |                                                                                 |                1 |              2 |         2.00 |
|  video_clock_BUFG                             | camera_status/p_0_in0_out[372]                                           |                                                                                 |                1 |              2 |         2.00 |
|  video_clock_BUFG                             | camera_status/p_0_in0_out[335]                                           |                                                                                 |                1 |              2 |         2.00 |
|  video_clock_BUFG                             | camera_status/p_0_in0_out[368]                                           |                                                                                 |                1 |              2 |         2.00 |
|  video_clock_BUFG                             | camera_status/p_0_in0_out[359]                                           |                                                                                 |                1 |              2 |         2.00 |
|  video_clock_BUFG                             | camera_status/p_0_in0_out[384]                                           |                                                                                 |                1 |              2 |         2.00 |
|  video_clock_BUFG                             | camera_status/p_0_in0_out[339]                                           |                                                                                 |                1 |              2 |         2.00 |
|  video_clock_BUFG                             | camera_status/p_0_in0_out[348]                                           |                                                                                 |                1 |              2 |         2.00 |
|  video_clock_BUFG                             | camera_status/p_0_in0_out[366]                                           |                                                                                 |                1 |              2 |         2.00 |
|  video_clock_BUFG                             | camera_status/p_0_in0_out[332]                                           |                                                                                 |                1 |              2 |         2.00 |
|  video_clock_BUFG                             | camera_status/p_0_in0_out[380]                                           |                                                                                 |                1 |              2 |         2.00 |
|  video_clock_BUFG                             | camera_status/p_0_in0_out[386]                                           |                                                                                 |                1 |              2 |         2.00 |
|  video_clock_BUFG                             | camera_status/p_0_in0_out[328]                                           |                                                                                 |                1 |              2 |         2.00 |
|  video_clock_BUFG                             | camera_status/p_0_in0_out[388]                                           |                                                                                 |                1 |              2 |         2.00 |
|  video_clock_BUFG                             | camera_status/p_0_in0_out[389]                                           |                                                                                 |                1 |              2 |         2.00 |
|  video_clock_BUFG                             | camera_status/p_0_in0_out[331]                                           |                                                                                 |                1 |              2 |         2.00 |
|  video_clock_BUFG                             | camera_status/p_0_in0_out[341]                                           |                                                                                 |                1 |              2 |         2.00 |
|  video_clock_BUFG                             | camera_status/p_0_in0_out[362]                                           |                                                                                 |                1 |              2 |         2.00 |
|  video_clock_BUFG                             | camera_status/p_0_in0_out[363]                                           |                                                                                 |                1 |              2 |         2.00 |
|  video_clock_BUFG                             | camera_status/p_0_in0_out[333]                                           |                                                                                 |                1 |              2 |         2.00 |
|  video_clock_BUFG                             | camera_status/p_0_in0_out[336]                                           |                                                                                 |                1 |              2 |         2.00 |
|  video_clock_BUFG                             | camera_status/p_0_in0_out[351]                                           |                                                                                 |                1 |              2 |         2.00 |
|  video_clock_BUFG                             | camera_status/p_0_in0_out[353]                                           |                                                                                 |                1 |              2 |         2.00 |
|  video_clock_BUFG                             | camera_status/p_0_in0_out[360]                                           |                                                                                 |                1 |              2 |         2.00 |
|  video_clock_BUFG                             | camera_status/p_0_in0_out[364]                                           |                                                                                 |                1 |              2 |         2.00 |
|  video_clock_BUFG                             | camera_status/p_0_in0_out[352]                                           |                                                                                 |                1 |              2 |         2.00 |
|  video_clock_BUFG                             | camera_status/p_0_in0_out[357]                                           |                                                                                 |                1 |              2 |         2.00 |
|  video_clock_BUFG                             | camera_status/p_0_in0_out[358]                                           |                                                                                 |                1 |              2 |         2.00 |
|  video_clock_BUFG                             | camera_status/p_0_in0_out[378]                                           |                                                                                 |                1 |              2 |         2.00 |
|  video_clock_BUFG                             | camera_status/p_0_in0_out[382]                                           |                                                                                 |                1 |              2 |         2.00 |
|  video_clock_BUFG                             | camera_status/p_0_in0_out[390]                                           |                                                                                 |                1 |              2 |         2.00 |
|  video_clock_BUFG                             | camera_status/p_0_in0_out[374]                                           |                                                                                 |                1 |              2 |         2.00 |
|  video_clock_BUFG                             | camera_status/p_0_in0_out[356]                                           |                                                                                 |                1 |              2 |         2.00 |
|  video_clock_BUFG                             | camera_status/p_0_in0_out[391]                                           |                                                                                 |                1 |              2 |         2.00 |
|  video_clock_BUFG                             | camera_status/p_0_in0_out[354]                                           |                                                                                 |                1 |              2 |         2.00 |
|  video_clock_BUFG                             | camera_status/p_0_in0_out[383]                                           |                                                                                 |                1 |              2 |         2.00 |
|  video_clock_BUFG                             | camera_status/p_0_in0_out[337]                                           |                                                                                 |                1 |              2 |         2.00 |
|  video_clock_BUFG                             | camera_status/p_0_in0_out[344]                                           |                                                                                 |                1 |              2 |         2.00 |
|  video_clock_BUFG                             | camera_status/p_0_in0_out[347]                                           |                                                                                 |                1 |              2 |         2.00 |
|  video_clock_BUFG                             | camera_status/p_0_in0_out[421]                                           |                                                                                 |                1 |              2 |         2.00 |
|  video_clock_BUFG                             | camera_status/p_0_in0_out[424]                                           |                                                                                 |                1 |              2 |         2.00 |
|  video_clock_BUFG                             | camera_status/p_0_in0_out[406]                                           |                                                                                 |                1 |              2 |         2.00 |
|  video_clock_BUFG                             | camera_status/p_0_in0_out[445]                                           |                                                                                 |                1 |              2 |         2.00 |
|  video_clock_BUFG                             | camera_status/p_0_in0_out[413]                                           |                                                                                 |                1 |              2 |         2.00 |
|  video_clock_BUFG                             | camera_status/p_0_in0_out[416]                                           |                                                                                 |                1 |              2 |         2.00 |
|  video_clock_BUFG                             | camera_status/p_0_in0_out[427]                                           |                                                                                 |                1 |              2 |         2.00 |
|  video_clock_BUFG                             | camera_status/p_0_in0_out[403]                                           |                                                                                 |                1 |              2 |         2.00 |
|  video_clock_BUFG                             | camera_status/p_0_in0_out[411]                                           |                                                                                 |                1 |              2 |         2.00 |
|  video_clock_BUFG                             | camera_status/p_0_in0_out[414]                                           |                                                                                 |                1 |              2 |         2.00 |
|  video_clock_BUFG                             | camera_status/p_0_in0_out[425]                                           |                                                                                 |                1 |              2 |         2.00 |
|  video_clock_BUFG                             | camera_status/p_0_in0_out[401]                                           |                                                                                 |                1 |              2 |         2.00 |
|  video_clock_BUFG                             | camera_status/p_0_in0_out[433]                                           |                                                                                 |                1 |              2 |         2.00 |
|  video_clock_BUFG                             | camera_status/p_0_in0_out[428]                                           |                                                                                 |                1 |              2 |         2.00 |
|  video_clock_BUFG                             | camera_status/p_0_in0_out[432]                                           |                                                                                 |                1 |              2 |         2.00 |
|  video_clock_BUFG                             | camera_status/p_0_in0_out[415]                                           |                                                                                 |                1 |              2 |         2.00 |
|  video_clock_BUFG                             | camera_status/p_0_in0_out[419]                                           |                                                                                 |                1 |              2 |         2.00 |
|  video_clock_BUFG                             | camera_status/p_0_in0_out[442]                                           |                                                                                 |                1 |              2 |         2.00 |
|  video_clock_BUFG                             | camera_status/p_0_in0_out[450]                                           |                                                                                 |                1 |              2 |         2.00 |
|  video_clock_BUFG                             | camera_status/p_0_in0_out[409]                                           |                                                                                 |                1 |              2 |         2.00 |
|  video_clock_BUFG                             | camera_status/p_0_in0_out[453]                                           |                                                                                 |                1 |              2 |         2.00 |
|  video_clock_BUFG                             | camera_status/p_0_in0_out[405]                                           |                                                                                 |                1 |              2 |         2.00 |
|  video_clock_BUFG                             | camera_status/p_0_in0_out[397]                                           |                                                                                 |                1 |              2 |         2.00 |
|  video_clock_BUFG                             | camera_status/p_0_in0_out[400]                                           |                                                                                 |                1 |              2 |         2.00 |
|  video_clock_BUFG                             | camera_status/p_0_in0_out[422]                                           |                                                                                 |                1 |              2 |         2.00 |
|  video_clock_BUFG                             | camera_status/p_0_in0_out[437]                                           |                                                                                 |                1 |              2 |         2.00 |
|  video_clock_BUFG                             | camera_status/p_0_in0_out[398]                                           |                                                                                 |                1 |              2 |         2.00 |
|  video_clock_BUFG                             | camera_status/p_0_in0_out[438]                                           |                                                                                 |                1 |              2 |         2.00 |
|  video_clock_BUFG                             | camera_status/p_0_in0_out[894]                                           |                                                                                 |                1 |              2 |         2.00 |
|  video_clock_BUFG                             | camera_status/p_0_in0_out[441]                                           |                                                                                 |                1 |              2 |         2.00 |
|  video_clock_BUFG                             | camera_status/p_0_in0_out[395]                                           |                                                                                 |                1 |              2 |         2.00 |
|  video_clock_BUFG                             | camera_status/p_0_in0_out[404]                                           |                                                                                 |                1 |              2 |         2.00 |
|  video_clock_BUFG                             | camera_status/p_0_in0_out[410]                                           |                                                                                 |                1 |              2 |         2.00 |
|  video_clock_BUFG                             | camera_status/p_0_in0_out[426]                                           |                                                                                 |                1 |              2 |         2.00 |
|  video_clock_BUFG                             | camera_status/p_0_in0_out[430]                                           |                                                                                 |                1 |              2 |         2.00 |
|  video_clock_BUFG                             | camera_status/p_0_in0_out[435]                                           |                                                                                 |                1 |              2 |         2.00 |
|  video_clock_BUFG                             | camera_status/p_0_in0_out[443]                                           |                                                                                 |                1 |              2 |         2.00 |
|  video_clock_BUFG                             | camera_status/p_0_in0_out[431]                                           |                                                                                 |                1 |              2 |         2.00 |
|  video_clock_BUFG                             | camera_status/p_0_in0_out[394]                                           |                                                                                 |                1 |              2 |         2.00 |
|  video_clock_BUFG                             | camera_status/p_0_in0_out[399]                                           |                                                                                 |                1 |              2 |         2.00 |
|  video_clock_BUFG                             | camera_status/p_0_in0_out[402]                                           |                                                                                 |                1 |              2 |         2.00 |
|  video_clock_BUFG                             | camera_status/p_0_in0_out[412]                                           |                                                                                 |                1 |              2 |         2.00 |
|  video_clock_BUFG                             | camera_status/p_0_in0_out[418]                                           |                                                                                 |                1 |              2 |         2.00 |
|  video_clock_BUFG                             | camera_status/p_0_in0_out[417]                                           |                                                                                 |                1 |              2 |         2.00 |
|  video_clock_BUFG                             | camera_status/p_0_in0_out[420]                                           |                                                                                 |                1 |              2 |         2.00 |
|  video_clock_BUFG                             | camera_status/p_0_in0_out[434]                                           |                                                                                 |                1 |              2 |         2.00 |
|  video_clock_BUFG                             | camera_status/p_0_in0_out[436]                                           |                                                                                 |                1 |              2 |         2.00 |
|  video_clock_BUFG                             | camera_status/p_0_in0_out[429]                                           |                                                                                 |                1 |              2 |         2.00 |
|  video_clock_BUFG                             | camera_status/p_0_in0_out[439]                                           |                                                                                 |                1 |              2 |         2.00 |
|  video_clock_BUFG                             | camera_status/p_0_in0_out[444]                                           |                                                                                 |                1 |              2 |         2.00 |
|  video_clock_BUFG                             | camera_status/p_0_in0_out[440]                                           |                                                                                 |                1 |              2 |         2.00 |
|  video_clock_BUFG                             | camera_status/p_0_in0_out[446]                                           |                                                                                 |                1 |              2 |         2.00 |
|  video_clock_BUFG                             | camera_status/p_0_in0_out[447]                                           |                                                                                 |                1 |              2 |         2.00 |
|  video_clock_BUFG                             | camera_status/p_0_in0_out[448]                                           |                                                                                 |                1 |              2 |         2.00 |
|  video_clock_BUFG                             | camera_status/p_0_in0_out[449]                                           |                                                                                 |                1 |              2 |         2.00 |
|  video_clock_BUFG                             | camera_status/p_0_in0_out[451]                                           |                                                                                 |                1 |              2 |         2.00 |
|  video_clock_BUFG                             | camera_status/p_0_in0_out[454]                                           |                                                                                 |                1 |              2 |         2.00 |
|  video_clock_BUFG                             | camera_status/p_0_in0_out[423]                                           |                                                                                 |                1 |              2 |         2.00 |
|  video_clock_BUFG                             | camera_status/p_0_in0_out[392]                                           |                                                                                 |                1 |              2 |         2.00 |
|  video_clock_BUFG                             | camera_status/p_0_in0_out[452]                                           |                                                                                 |                1 |              2 |         2.00 |
|  video_clock_BUFG                             | camera_status/p_0_in0_out[455]                                           |                                                                                 |                1 |              2 |         2.00 |
|  video_clock_BUFG                             | camera_status/p_0_in0_out[408]                                           |                                                                                 |                1 |              2 |         2.00 |
|  video_clock_BUFG                             | camera_status/p_0_in0_out[396]                                           |                                                                                 |                1 |              2 |         2.00 |
|  video_clock_BUFG                             | camera_status/p_0_in0_out[393]                                           |                                                                                 |                1 |              2 |         2.00 |
|  video_clock_BUFG                             | camera_status/p_0_in0_out[478]                                           |                                                                                 |                1 |              2 |         2.00 |
|  video_clock_BUFG                             | camera_status/p_0_in0_out[462]                                           |                                                                                 |                1 |              2 |         2.00 |
|  video_clock_BUFG                             | camera_status/p_0_in0_out[469]                                           |                                                                                 |                1 |              2 |         2.00 |
|  video_clock_BUFG                             | camera_status/p_0_in0_out[479]                                           |                                                                                 |                1 |              2 |         2.00 |
|  video_clock_BUFG                             | camera_status/p_0_in0_out[481]                                           |                                                                                 |                1 |              2 |         2.00 |
|  video_clock_BUFG                             | camera_status/p_0_in0_out[470]                                           |                                                                                 |                1 |              2 |         2.00 |
|  video_clock_BUFG                             | camera_status/p_0_in0_out[461]                                           |                                                                                 |                1 |              2 |         2.00 |
|  video_clock_BUFG                             | camera_status/p_0_in0_out[487]                                           |                                                                                 |                1 |              2 |         2.00 |
|  video_clock_BUFG                             | camera_status/p_0_in0_out[468]                                           |                                                                                 |                1 |              2 |         2.00 |
|  video_clock_BUFG                             | camera_status/p_0_in0_out[471]                                           |                                                                                 |                1 |              2 |         2.00 |
|  video_clock_BUFG                             | camera_status/p_0_in0_out[477]                                           |                                                                                 |                1 |              2 |         2.00 |
|  video_clock_BUFG                             | camera_status/p_0_in0_out[482]                                           |                                                                                 |                1 |              2 |         2.00 |
|  video_clock_BUFG                             | camera_status/p_0_in0_out[493]                                           |                                                                                 |                1 |              2 |         2.00 |
|  video_clock_BUFG                             | camera_status/p_0_in0_out[499]                                           |                                                                                 |                1 |              2 |         2.00 |
|  video_clock_BUFG                             | camera_status/p_0_in0_out[501]                                           |                                                                                 |                1 |              2 |         2.00 |
|  video_clock_BUFG                             | camera_status/p_0_in0_out[502]                                           |                                                                                 |                1 |              2 |         2.00 |
|  video_clock_BUFG                             | camera_status/p_0_in0_out[503]                                           |                                                                                 |                1 |              2 |         2.00 |
|  video_clock_BUFG                             | camera_status/p_0_in0_out[465]                                           |                                                                                 |                1 |              2 |         2.00 |
|  video_clock_BUFG                             | camera_status/p_0_in0_out[460]                                           |                                                                                 |                1 |              2 |         2.00 |
|  video_clock_BUFG                             | camera_status/p_0_in0_out[497]                                           |                                                                                 |                1 |              2 |         2.00 |
|  video_clock_BUFG                             | camera_status/p_0_in0_out[505]                                           |                                                                                 |                1 |              2 |         2.00 |
|  video_clock_BUFG                             | camera_status/p_0_in0_out[473]                                           |                                                                                 |                1 |              2 |         2.00 |
|  video_clock_BUFG                             | camera_status/p_0_in0_out[464]                                           |                                                                                 |                1 |              2 |         2.00 |
|  video_clock_BUFG                             | camera_status/p_0_in0_out[475]                                           |                                                                                 |                1 |              2 |         2.00 |
|  video_clock_BUFG                             | camera_status/p_0_in0_out[508]                                           |                                                                                 |                1 |              2 |         2.00 |
|  video_clock_BUFG                             | camera_status/p_0_in0_out[457]                                           |                                                                                 |                1 |              2 |         2.00 |
|  video_clock_BUFG                             | camera_status/p_0_in0_out[472]                                           |                                                                                 |                1 |              2 |         2.00 |
|  video_clock_BUFG                             | camera_status/p_0_in0_out[507]                                           |                                                                                 |                1 |              2 |         2.00 |
|  video_clock_BUFG                             | camera_status/p_0_in0_out[466]                                           |                                                                                 |                1 |              2 |         2.00 |
|  video_clock_BUFG                             | camera_status/p_0_in0_out[491]                                           |                                                                                 |                1 |              2 |         2.00 |
|  video_clock_BUFG                             | camera_status/p_0_in0_out[500]                                           |                                                                                 |                1 |              2 |         2.00 |
|  video_clock_BUFG                             | camera_status/p_0_in0_out[509]                                           |                                                                                 |                1 |              2 |         2.00 |
|  video_clock_BUFG                             | camera_status/p_0_in0_out[456]                                           |                                                                                 |                1 |              2 |         2.00 |
|  video_clock_BUFG                             | camera_status/p_0_in0_out[480]                                           |                                                                                 |                1 |              2 |         2.00 |
|  video_clock_BUFG                             | camera_status/p_0_in0_out[498]                                           |                                                                                 |                1 |              2 |         2.00 |
|  video_clock_BUFG                             | camera_status/p_0_in0_out[510]                                           |                                                                                 |                1 |              2 |         2.00 |
|  video_clock_BUFG                             | camera_status/p_0_in0_out[511]                                           |                                                                                 |                1 |              2 |         2.00 |
|  video_clock_BUFG                             | camera_status/p_0_in0_out[512]                                           |                                                                                 |                1 |              2 |         2.00 |
|  video_clock_BUFG                             | camera_status/p_0_in0_out[514]                                           |                                                                                 |                1 |              2 |         2.00 |
|  video_clock_BUFG                             | camera_status/p_0_in0_out[516]                                           |                                                                                 |                1 |              2 |         2.00 |
|  video_clock_BUFG                             | camera_status/p_0_in0_out[494]                                           |                                                                                 |                1 |              2 |         2.00 |
|  video_clock_BUFG                             | camera_status/p_0_in0_out[496]                                           |                                                                                 |                1 |              2 |         2.00 |
|  video_clock_BUFG                             | camera_status/p_0_in0_out[495]                                           |                                                                                 |                1 |              2 |         2.00 |
|  video_clock_BUFG                             | camera_status/p_0_in0_out[518]                                           |                                                                                 |                1 |              2 |         2.00 |
|  video_clock_BUFG                             | camera_status/p_0_in0_out[463]                                           |                                                                                 |                1 |              2 |         2.00 |
|  video_clock_BUFG                             | camera_status/p_0_in0_out[483]                                           |                                                                                 |                1 |              2 |         2.00 |
|  video_clock_BUFG                             | camera_status/p_0_in0_out[485]                                           |                                                                                 |                1 |              2 |         2.00 |
|  video_clock_BUFG                             | camera_status/p_0_in0_out[492]                                           |                                                                                 |                1 |              2 |         2.00 |
|  video_clock_BUFG                             | camera_status/p_0_in0_out[517]                                           |                                                                                 |                1 |              2 |         2.00 |
|  video_clock_BUFG                             | camera_status/p_0_in0_out[519]                                           |                                                                                 |                1 |              2 |         2.00 |
|  video_clock_BUFG                             | camera_status/p_0_in0_out[484]                                           |                                                                                 |                1 |              2 |         2.00 |
|  video_clock_BUFG                             | camera_status/p_0_in0_out[489]                                           |                                                                                 |                1 |              2 |         2.00 |
|  video_clock_BUFG                             | camera_status/p_0_in0_out[458]                                           |                                                                                 |                1 |              2 |         2.00 |
|  video_clock_BUFG                             | camera_status/p_0_in0_out[490]                                           |                                                                                 |                1 |              2 |         2.00 |
|  video_clock_BUFG                             | camera_status/p_0_in0_out[504]                                           |                                                                                 |                1 |              2 |         2.00 |
|  video_clock_BUFG                             | camera_status/p_0_in0_out[506]                                           |                                                                                 |                1 |              2 |         2.00 |
|  video_clock_BUFG                             | camera_status/p_0_in0_out[474]                                           |                                                                                 |                1 |              2 |         2.00 |
|  video_clock_BUFG                             | camera_status/p_0_in0_out[488]                                           |                                                                                 |                1 |              2 |         2.00 |
|  video_clock_BUFG                             | camera_status/p_0_in0_out[467]                                           |                                                                                 |                1 |              2 |         2.00 |
|  video_clock_BUFG                             | camera_status/p_0_in0_out[486]                                           |                                                                                 |                1 |              2 |         2.00 |
|  video_clock_BUFG                             | camera_status/p_0_in0_out[513]                                           |                                                                                 |                1 |              2 |         2.00 |
|  video_clock_BUFG                             | camera_status/p_0_in0_out[515]                                           |                                                                                 |                1 |              2 |         2.00 |
|  video_clock_BUFG                             | camera_status/p_0_in0_out[459]                                           |                                                                                 |                1 |              2 |         2.00 |
|  video_clock_BUFG                             | camera_status/p_0_in0_out[476]                                           |                                                                                 |                1 |              2 |         2.00 |
|  video_clock_BUFG                             | camera_status/p_0_in0_out[549]                                           |                                                                                 |                1 |              2 |         2.00 |
|  video_clock_BUFG                             | camera_status/p_0_in0_out[552]                                           |                                                                                 |                1 |              2 |         2.00 |
|  video_clock_BUFG                             | camera_status/p_0_in0_out[562]                                           |                                                                                 |                1 |              2 |         2.00 |
|  video_clock_BUFG                             | camera_status/p_0_in0_out[565]                                           |                                                                                 |                1 |              2 |         2.00 |
|  video_clock_BUFG                             | camera_status/p_0_in0_out[528]                                           |                                                                                 |                1 |              2 |         2.00 |
|  video_clock_BUFG                             | camera_status/p_0_in0_out[572]                                           |                                                                                 |                1 |              2 |         2.00 |
|  video_clock_BUFG                             | camera_status/p_0_in0_out[575]                                           |                                                                                 |                1 |              2 |         2.00 |
|  video_clock_BUFG                             | camera_status/p_0_in0_out[535]                                           |                                                                                 |                1 |              2 |         2.00 |
|  video_clock_BUFG                             | camera_status/p_0_in0_out[569]                                           |                                                                                 |                1 |              2 |         2.00 |
|  video_clock_BUFG                             | camera_status/p_0_in0_out[527]                                           |                                                                                 |                1 |              2 |         2.00 |
|  video_clock_BUFG                             | camera_status/p_0_in0_out[530]                                           |                                                                                 |                1 |              2 |         2.00 |
|  video_clock_BUFG                             | camera_status/p_0_in0_out[531]                                           |                                                                                 |                1 |              2 |         2.00 |
|  video_clock_BUFG                             | camera_status/p_0_in0_out[576]                                           |                                                                                 |                1 |              2 |         2.00 |
|  video_clock_BUFG                             | camera_status/p_0_in0_out[578]                                           |                                                                                 |                1 |              2 |         2.00 |
|  video_clock_BUFG                             | camera_status/p_0_in0_out[577]                                           |                                                                                 |                1 |              2 |         2.00 |
|  video_clock_BUFG                             | camera_status/p_0_in0_out[579]                                           |                                                                                 |                1 |              2 |         2.00 |
|  video_clock_BUFG                             | camera_status/p_0_in0_out[574]                                           |                                                                                 |                1 |              2 |         2.00 |
|  video_clock_BUFG                             | camera_status/p_0_in0_out[580]                                           |                                                                                 |                1 |              2 |         2.00 |
|  video_clock_BUFG                             | camera_status/p_0_in0_out[581]                                           |                                                                                 |                1 |              2 |         2.00 |
|  video_clock_BUFG                             | camera_status/p_0_in0_out[582]                                           |                                                                                 |                1 |              2 |         2.00 |
|  video_clock_BUFG                             | camera_status/p_0_in0_out[583]                                           |                                                                                 |                1 |              2 |         2.00 |
|  video_clock_BUFG                             | camera_status/p_0_in0_out[539]                                           |                                                                                 |                1 |              2 |         2.00 |
|  video_clock_BUFG                             | camera_status/p_0_in0_out[520]                                           |                                                                                 |                1 |              2 |         2.00 |
|  video_clock_BUFG                             | camera_status/p_0_in0_out[550]                                           |                                                                                 |                1 |              2 |         2.00 |
|  video_clock_BUFG                             | camera_status/p_0_in0_out[558]                                           |                                                                                 |                1 |              2 |         2.00 |
|  video_clock_BUFG                             | camera_status/p_0_in0_out[553]                                           |                                                                                 |                1 |              2 |         2.00 |
|  video_clock_BUFG                             | camera_status/p_0_in0_out[522]                                           |                                                                                 |                1 |              2 |         2.00 |
|  video_clock_BUFG                             | camera_status/p_0_in0_out[524]                                           |                                                                                 |                1 |              2 |         2.00 |
|  video_clock_BUFG                             | camera_status/p_0_in0_out[557]                                           |                                                                                 |                1 |              2 |         2.00 |
|  video_clock_BUFG                             | camera_status/p_0_in0_out[563]                                           |                                                                                 |                1 |              2 |         2.00 |
|  video_clock_BUFG                             | camera_status/p_0_in0_out[546]                                           |                                                                                 |                1 |              2 |         2.00 |
|  video_clock_BUFG                             | camera_status/p_0_in0_out[545]                                           |                                                                                 |                1 |              2 |         2.00 |
|  video_clock_BUFG                             | camera_status/p_0_in0_out[543]                                           |                                                                                 |                1 |              2 |         2.00 |
|  video_clock_BUFG                             | camera_status/p_0_in0_out[559]                                           |                                                                                 |                1 |              2 |         2.00 |
|  video_clock_BUFG                             | camera_status/p_0_in0_out[564]                                           |                                                                                 |                1 |              2 |         2.00 |
|  video_clock_BUFG                             | camera_status/p_0_in0_out[560]                                           |                                                                                 |                1 |              2 |         2.00 |
|  video_clock_BUFG                             | camera_status/p_0_in0_out[567]                                           |                                                                                 |                1 |              2 |         2.00 |
|  video_clock_BUFG                             | camera_status/p_0_in0_out[534]                                           |                                                                                 |                1 |              2 |         2.00 |
|  video_clock_BUFG                             | camera_status/p_0_in0_out[568]                                           |                                                                                 |                1 |              2 |         2.00 |
|  video_clock_BUFG                             | camera_status/p_0_in0_out[551]                                           |                                                                                 |                1 |              2 |         2.00 |
|  video_clock_BUFG                             | camera_status/p_0_in0_out[547]                                           |                                                                                 |                1 |              2 |         2.00 |
|  video_clock_BUFG                             | camera_status/p_0_in0_out[570]                                           |                                                                                 |                1 |              2 |         2.00 |
|  video_clock_BUFG                             | camera_status/p_0_in0_out[540]                                           |                                                                                 |                1 |              2 |         2.00 |
|  video_clock_BUFG                             | camera_status/p_0_in0_out[526]                                           |                                                                                 |                1 |              2 |         2.00 |
|  video_clock_BUFG                             | camera_status/p_0_in0_out[561]                                           |                                                                                 |                1 |              2 |         2.00 |
|  video_clock_BUFG                             | camera_status/p_0_in0_out[521]                                           |                                                                                 |                1 |              2 |         2.00 |
|  video_clock_BUFG                             | camera_status/p_0_in0_out[523]                                           |                                                                                 |                1 |              2 |         2.00 |
|  video_clock_BUFG                             | camera_status/p_0_in0_out[566]                                           |                                                                                 |                1 |              2 |         2.00 |
|  video_clock_BUFG                             | camera_status/p_0_in0_out[538]                                           |                                                                                 |                1 |              2 |         2.00 |
|  video_clock_BUFG                             | camera_status/p_0_in0_out[536]                                           |                                                                                 |                1 |              2 |         2.00 |
|  video_clock_BUFG                             | camera_status/p_0_in0_out[554]                                           |                                                                                 |                1 |              2 |         2.00 |
|  video_clock_BUFG                             | camera_status/p_0_in0_out[571]                                           |                                                                                 |                1 |              2 |         2.00 |
|  video_clock_BUFG                             | camera_status/p_0_in0_out[544]                                           |                                                                                 |                1 |              2 |         2.00 |
|  video_clock_BUFG                             | camera_status/p_0_in0_out[573]                                           |                                                                                 |                1 |              2 |         2.00 |
|  video_clock_BUFG                             | camera_status/p_0_in0_out[529]                                           |                                                                                 |                1 |              2 |         2.00 |
|  video_clock_BUFG                             | camera_status/p_0_in0_out[548]                                           |                                                                                 |                1 |              2 |         2.00 |
|  video_clock_BUFG                             | camera_status/p_0_in0_out[532]                                           |                                                                                 |                1 |              2 |         2.00 |
|  video_clock_BUFG                             | camera_status/p_0_in0_out[537]                                           |                                                                                 |                1 |              2 |         2.00 |
|  video_clock_BUFG                             | camera_status/p_0_in0_out[541]                                           |                                                                                 |                1 |              2 |         2.00 |
|  video_clock_BUFG                             | camera_status/p_0_in0_out[533]                                           |                                                                                 |                1 |              2 |         2.00 |
|  video_clock_BUFG                             | camera_status/p_0_in0_out[555]                                           |                                                                                 |                1 |              2 |         2.00 |
|  video_clock_BUFG                             | camera_status/p_0_in0_out[556]                                           |                                                                                 |                1 |              2 |         2.00 |
|  video_clock_BUFG                             | camera_status/p_0_in0_out[542]                                           |                                                                                 |                1 |              2 |         2.00 |
|  video_clock_BUFG                             | camera_status/p_0_in0_out[525]                                           |                                                                                 |                1 |              2 |         2.00 |
|  video_clock_BUFG                             | camera_status/p_0_in0_out[594]                                           |                                                                                 |                1 |              2 |         2.00 |
|  video_clock_BUFG                             | camera_status/p_0_in0_out[586]                                           |                                                                                 |                1 |              2 |         2.00 |
|  video_clock_BUFG                             | camera_status/p_0_in0_out[605]                                           |                                                                                 |                1 |              2 |         2.00 |
|  video_clock_BUFG                             | camera_status/p_0_in0_out[608]                                           |                                                                                 |                1 |              2 |         2.00 |
|  video_clock_BUFG                             | camera_status/p_0_in0_out[621]                                           |                                                                                 |                1 |              2 |         2.00 |
|  video_clock_BUFG                             | camera_status/p_0_in0_out[601]                                           |                                                                                 |                1 |              2 |         2.00 |
|  video_clock_BUFG                             | camera_status/p_0_in0_out[587]                                           |                                                                                 |                1 |              2 |         2.00 |
|  video_clock_BUFG                             | camera_status/p_0_in0_out[624]                                           |                                                                                 |                1 |              2 |         2.00 |
|  video_clock_BUFG                             | camera_status/p_0_in0_out[631]                                           |                                                                                 |                1 |              2 |         2.00 |
|  video_clock_BUFG                             | camera_status/p_0_in0_out[623]                                           |                                                                                 |                1 |              2 |         2.00 |
|  video_clock_BUFG                             | camera_status/p_0_in0_out[626]                                           |                                                                                 |                1 |              2 |         2.00 |
|  video_clock_BUFG                             | camera_status/p_0_in0_out[588]                                           |                                                                                 |                1 |              2 |         2.00 |
|  video_clock_BUFG                             | camera_status/p_0_in0_out[599]                                           |                                                                                 |                1 |              2 |         2.00 |
|  video_clock_BUFG                             | camera_status/p_0_in0_out[607]                                           |                                                                                 |                1 |              2 |         2.00 |
|  video_clock_BUFG                             | camera_status/p_0_in0_out[615]                                           |                                                                                 |                1 |              2 |         2.00 |
|  video_clock_BUFG                             | camera_status/p_0_in0_out[627]                                           |                                                                                 |                1 |              2 |         2.00 |
|  video_clock_BUFG                             | camera_status/p_0_in0_out[634]                                           |                                                                                 |                1 |              2 |         2.00 |
|  video_clock_BUFG                             | camera_status/p_0_in0_out[604]                                           |                                                                                 |                1 |              2 |         2.00 |
|  video_clock_BUFG                             | camera_status/p_0_in0_out[636]                                           |                                                                                 |                1 |              2 |         2.00 |
|  video_clock_BUFG                             | camera_status/p_0_in0_out[639]                                           |                                                                                 |                1 |              2 |         2.00 |
|  video_clock_BUFG                             | camera_status/p_0_in0_out[640]                                           |                                                                                 |                1 |              2 |         2.00 |
|  video_clock_BUFG                             | camera_status/p_0_in0_out[637]                                           |                                                                                 |                1 |              2 |         2.00 |
|  video_clock_BUFG                             | camera_status/p_0_in0_out[595]                                           |                                                                                 |                1 |              2 |         2.00 |
|  video_clock_BUFG                             | camera_status/p_0_in0_out[598]                                           |                                                                                 |                1 |              2 |         2.00 |
|  video_clock_BUFG                             | camera_status/p_0_in0_out[606]                                           |                                                                                 |                1 |              2 |         2.00 |
|  video_clock_BUFG                             | camera_status/p_0_in0_out[616]                                           |                                                                                 |                1 |              2 |         2.00 |
|  video_clock_BUFG                             | camera_status/p_0_in0_out[596]                                           |                                                                                 |                1 |              2 |         2.00 |
|  video_clock_BUFG                             | camera_status/p_0_in0_out[603]                                           |                                                                                 |                1 |              2 |         2.00 |
|  video_clock_BUFG                             | camera_status/p_0_in0_out[618]                                           |                                                                                 |                1 |              2 |         2.00 |
|  video_clock_BUFG                             | camera_status/p_0_in0_out[610]                                           |                                                                                 |                1 |              2 |         2.00 |
|  video_clock_BUFG                             | camera_status/p_0_in0_out[593]                                           |                                                                                 |                1 |              2 |         2.00 |
|  video_clock_BUFG                             | camera_status/p_0_in0_out[620]                                           |                                                                                 |                1 |              2 |         2.00 |
|  video_clock_BUFG                             | camera_status/p_0_in0_out[584]                                           |                                                                                 |                1 |              2 |         2.00 |
|  video_clock_BUFG                             | camera_status/p_0_in0_out[612]                                           |                                                                                 |                1 |              2 |         2.00 |
|  video_clock_BUFG                             | camera_status/p_0_in0_out[641]                                           |                                                                                 |                1 |              2 |         2.00 |
|  video_clock_BUFG                             | camera_status/p_0_in0_out[642]                                           |                                                                                 |                1 |              2 |         2.00 |
|  video_clock_BUFG                             | camera_status/p_0_in0_out[614]                                           |                                                                                 |                1 |              2 |         2.00 |
|  video_clock_BUFG                             | camera_status/p_0_in0_out[630]                                           |                                                                                 |                1 |              2 |         2.00 |
|  video_clock_BUFG                             | camera_status/p_0_in0_out[592]                                           |                                                                                 |                1 |              2 |         2.00 |
|  video_clock_BUFG                             | camera_status/p_0_in0_out[597]                                           |                                                                                 |                1 |              2 |         2.00 |
|  video_clock_BUFG                             | camera_status/p_0_in0_out[635]                                           |                                                                                 |                1 |              2 |         2.00 |
|  video_clock_BUFG                             | camera_status/p_0_in0_out[633]                                           |                                                                                 |                1 |              2 |         2.00 |
|  video_clock_BUFG                             | camera_status/p_0_in0_out[643]                                           |                                                                                 |                1 |              2 |         2.00 |
|  video_clock_BUFG                             | camera_status/p_0_in0_out[622]                                           |                                                                                 |                1 |              2 |         2.00 |
|  video_clock_BUFG                             | camera_status/p_0_in0_out[613]                                           |                                                                                 |                1 |              2 |         2.00 |
|  video_clock_BUFG                             | camera_status/p_0_in0_out[617]                                           |                                                                                 |                1 |              2 |         2.00 |
|  video_clock_BUFG                             | camera_status/p_0_in0_out[619]                                           |                                                                                 |                1 |              2 |         2.00 |
|  video_clock_BUFG                             | camera_status/p_0_in0_out[632]                                           |                                                                                 |                1 |              2 |         2.00 |
|  video_clock_BUFG                             | camera_status/p_0_in0_out[644]                                           |                                                                                 |                1 |              2 |         2.00 |
|  video_clock_BUFG                             | camera_status/p_0_in0_out[645]                                           |                                                                                 |                1 |              2 |         2.00 |
|  video_clock_BUFG                             | camera_status/p_0_in0_out[602]                                           |                                                                                 |                1 |              2 |         2.00 |
|  video_clock_BUFG                             | camera_status/p_0_in0_out[589]                                           |                                                                                 |                1 |              2 |         2.00 |
|  video_clock_BUFG                             | camera_status/p_0_in0_out[600]                                           |                                                                                 |                1 |              2 |         2.00 |
|  video_clock_BUFG                             | camera_status/p_0_in0_out[646]                                           |                                                                                 |                1 |              2 |         2.00 |
|  video_clock_BUFG                             | camera_status/p_0_in0_out[609]                                           |                                                                                 |                1 |              2 |         2.00 |
|  video_clock_BUFG                             | camera_status/p_0_in0_out[625]                                           |                                                                                 |                1 |              2 |         2.00 |
|  video_clock_BUFG                             | camera_status/p_0_in0_out[628]                                           |                                                                                 |                1 |              2 |         2.00 |
|  video_clock_BUFG                             | camera_status/p_0_in0_out[638]                                           |                                                                                 |                1 |              2 |         2.00 |
|  video_clock_BUFG                             | camera_status/p_0_in0_out[590]                                           |                                                                                 |                1 |              2 |         2.00 |
|  video_clock_BUFG                             | camera_status/p_0_in0_out[629]                                           |                                                                                 |                1 |              2 |         2.00 |
|  video_clock_BUFG                             | camera_status/p_0_in0_out[611]                                           |                                                                                 |                1 |              2 |         2.00 |
|  video_clock_BUFG                             | camera_status/p_0_in0_out[647]                                           |                                                                                 |                1 |              2 |         2.00 |
|  video_clock_BUFG                             | camera_status/p_0_in0_out[585]                                           |                                                                                 |                1 |              2 |         2.00 |
|  video_clock_BUFG                             | camera_status/p_0_in0_out[591]                                           |                                                                                 |                1 |              2 |         2.00 |
|  video_clock_BUFG                             | camera_status/p_0_in0_out[691]                                           |                                                                                 |                1 |              2 |         2.00 |
|  video_clock_BUFG                             | camera_status/p_0_in0_out[694]                                           |                                                                                 |                1 |              2 |         2.00 |
|  video_clock_BUFG                             | camera_status/p_0_in0_out[703]                                           |                                                                                 |                1 |              2 |         2.00 |
|  video_clock_BUFG                             | camera_status/p_0_in0_out[704]                                           |                                                                                 |                1 |              2 |         2.00 |
|  video_clock_BUFG                             | camera_status/p_0_in0_out[660]                                           |                                                                                 |                1 |              2 |         2.00 |
|  video_clock_BUFG                             | camera_status/p_0_in0_out[663]                                           |                                                                                 |                1 |              2 |         2.00 |
|  video_clock_BUFG                             | camera_status/p_0_in0_out[696]                                           |                                                                                 |                1 |              2 |         2.00 |
|  video_clock_BUFG                             | camera_status/p_0_in0_out[658]                                           |                                                                                 |                1 |              2 |         2.00 |
|  video_clock_BUFG                             | camera_status/p_0_in0_out[648]                                           |                                                                                 |                1 |              2 |         2.00 |
|  video_clock_BUFG                             | camera_status/p_0_in0_out[661]                                           |                                                                                 |                1 |              2 |         2.00 |
|  video_clock_BUFG                             | camera_status/p_0_in0_out[697]                                           |                                                                                 |                1 |              2 |         2.00 |
|  video_clock_BUFG                             | camera_status/p_0_in0_out[700]                                           |                                                                                 |                1 |              2 |         2.00 |
|  video_clock_BUFG                             | camera_status/p_0_in0_out[705]                                           |                                                                                 |                1 |              2 |         2.00 |
|  video_clock_BUFG                             | camera_status/p_0_in0_out[706]                                           |                                                                                 |                1 |              2 |         2.00 |
|  video_clock_BUFG                             | camera_status/p_0_in0_out[707]                                           |                                                                                 |                1 |              2 |         2.00 |
|  video_clock_BUFG                             | camera_status/p_0_in0_out[662]                                           |                                                                                 |                1 |              2 |         2.00 |
|  video_clock_BUFG                             | camera_status/p_0_in0_out[708]                                           |                                                                                 |                1 |              2 |         2.00 |
|  video_clock_BUFG                             | camera_status/p_0_in0_out[709]                                           |                                                                                 |                1 |              2 |         2.00 |
|  video_clock_BUFG                             | camera_status/p_0_in0_out[710]                                           |                                                                                 |                1 |              2 |         2.00 |
|  video_clock_BUFG                             | camera_status/p_0_in0_out[656]                                           |                                                                                 |                1 |              2 |         2.00 |
|  video_clock_BUFG                             | camera_status/p_0_in0_out[711]                                           |                                                                                 |                1 |              2 |         2.00 |
|  video_clock_BUFG                             | camera_status/p_0_in0_out[673]                                           |                                                                                 |                1 |              2 |         2.00 |
|  video_clock_BUFG                             | camera_status/p_0_in0_out[668]                                           |                                                                                 |                1 |              2 |         2.00 |
|  video_clock_BUFG                             | camera_status/p_0_in0_out[681]                                           |                                                                                 |                1 |              2 |         2.00 |
|  video_clock_BUFG                             | camera_status/p_0_in0_out[692]                                           |                                                                                 |                1 |              2 |         2.00 |
|  video_clock_BUFG                             | camera_status/p_0_in0_out[652]                                           |                                                                                 |                1 |              2 |         2.00 |
|  video_clock_BUFG                             | camera_status/p_0_in0_out[677]                                           |                                                                                 |                1 |              2 |         2.00 |
|  video_clock_BUFG                             | camera_status/p_0_in0_out[653]                                           |                                                                                 |                1 |              2 |         2.00 |
|  video_clock_BUFG                             | camera_status/p_0_in0_out[667]                                           |                                                                                 |                1 |              2 |         2.00 |
|  video_clock_BUFG                             | camera_status/p_0_in0_out[695]                                           |                                                                                 |                1 |              2 |         2.00 |
|  video_clock_BUFG                             | camera_status/p_0_in0_out[688]                                           |                                                                                 |                1 |              2 |         2.00 |
|  video_clock_BUFG                             | camera_status/p_0_in0_out[657]                                           |                                                                                 |                1 |              2 |         2.00 |
|  video_clock_BUFG                             | camera_status/p_0_in0_out[669]                                           |                                                                                 |                1 |              2 |         2.00 |
|  video_clock_BUFG                             | camera_status/p_0_in0_out[674]                                           |                                                                                 |                1 |              2 |         2.00 |
|  video_clock_BUFG                             | camera_status/p_0_in0_out[650]                                           |                                                                                 |                1 |              2 |         2.00 |
|  video_clock_BUFG                             | camera_status/p_0_in0_out[670]                                           |                                                                                 |                1 |              2 |         2.00 |
|  video_clock_BUFG                             | camera_status/p_0_in0_out[685]                                           |                                                                                 |                1 |              2 |         2.00 |
|  video_clock_BUFG                             | camera_status/p_0_in0_out[687]                                           |                                                                                 |                1 |              2 |         2.00 |
|  video_clock_BUFG                             | camera_status/p_0_in0_out[699]                                           |                                                                                 |                1 |              2 |         2.00 |
|  video_clock_BUFG                             | camera_status/p_0_in0_out[693]                                           |                                                                                 |                1 |              2 |         2.00 |
|  video_clock_BUFG                             | camera_status/p_0_in0_out[649]                                           |                                                                                 |                1 |              2 |         2.00 |
|  video_clock_BUFG                             | camera_status/p_0_in0_out[659]                                           |                                                                                 |                1 |              2 |         2.00 |
|  video_clock_BUFG                             | camera_status/p_0_in0_out[671]                                           |                                                                                 |                1 |              2 |         2.00 |
|  video_clock_BUFG                             | camera_status/p_0_in0_out[682]                                           |                                                                                 |                1 |              2 |         2.00 |
|  video_clock_BUFG                             | camera_status/p_0_in0_out[651]                                           |                                                                                 |                1 |              2 |         2.00 |
|  video_clock_BUFG                             | camera_status/p_0_in0_out[654]                                           |                                                                                 |                1 |              2 |         2.00 |
|  video_clock_BUFG                             | camera_status/p_0_in0_out[689]                                           |                                                                                 |                1 |              2 |         2.00 |
|  video_clock_BUFG                             | camera_status/p_0_in0_out[676]                                           |                                                                                 |                1 |              2 |         2.00 |
|  video_clock_BUFG                             | camera_status/p_0_in0_out[664]                                           |                                                                                 |                1 |              2 |         2.00 |
|  video_clock_BUFG                             | camera_status/p_0_in0_out[678]                                           |                                                                                 |                1 |              2 |         2.00 |
|  video_clock_BUFG                             | camera_status/p_0_in0_out[680]                                           |                                                                                 |                1 |              2 |         2.00 |
|  video_clock_BUFG                             | camera_status/p_0_in0_out[698]                                           |                                                                                 |                1 |              2 |         2.00 |
|  video_clock_BUFG                             | camera_status/p_0_in0_out[686]                                           |                                                                                 |                1 |              2 |         2.00 |
|  video_clock_BUFG                             | camera_status/p_0_in0_out[701]                                           |                                                                                 |                1 |              2 |         2.00 |
|  video_clock_BUFG                             | camera_status/p_0_in0_out[665]                                           |                                                                                 |                1 |              2 |         2.00 |
|  video_clock_BUFG                             | camera_status/p_0_in0_out[666]                                           |                                                                                 |                1 |              2 |         2.00 |
|  video_clock_BUFG                             | camera_status/p_0_in0_out[675]                                           |                                                                                 |                1 |              2 |         2.00 |
|  video_clock_BUFG                             | camera_status/p_0_in0_out[679]                                           |                                                                                 |                1 |              2 |         2.00 |
|  video_clock_BUFG                             | camera_status/p_0_in0_out[683]                                           |                                                                                 |                1 |              2 |         2.00 |
|  video_clock_BUFG                             | camera_status/p_0_in0_out[690]                                           |                                                                                 |                1 |              2 |         2.00 |
|  video_clock_BUFG                             | camera_status/p_0_in0_out[672]                                           |                                                                                 |                1 |              2 |         2.00 |
|  video_clock_BUFG                             | camera_status/p_0_in0_out[655]                                           |                                                                                 |                1 |              2 |         2.00 |
|  video_clock_BUFG                             | camera_status/p_0_in0_out[684]                                           |                                                                                 |                1 |              2 |         2.00 |
|  video_clock_BUFG                             | camera_status/p_0_in0_out[702]                                           |                                                                                 |                1 |              2 |         2.00 |
|  video_clock_BUFG                             | camera_status/p_0_in0_out[730]                                           |                                                                                 |                1 |              2 |         2.00 |
|  video_clock_BUFG                             | camera_status/p_0_in0_out[720]                                           |                                                                                 |                1 |              2 |         2.00 |
|  video_clock_BUFG                             | camera_status/p_0_in0_out[727]                                           |                                                                                 |                1 |              2 |         2.00 |
|  video_clock_BUFG                             | camera_status/p_0_in0_out[742]                                           |                                                                                 |                1 |              2 |         2.00 |
|  video_clock_BUFG                             | camera_status/p_0_in0_out[713]                                           |                                                                                 |                1 |              2 |         2.00 |
|  video_clock_BUFG                             | camera_status/p_0_in0_out[736]                                           |                                                                                 |                1 |              2 |         2.00 |
|  video_clock_BUFG                             | camera_status/p_0_in0_out[719]                                           |                                                                                 |                1 |              2 |         2.00 |
|  video_clock_BUFG                             | camera_status/p_0_in0_out[748]                                           |                                                                                 |                1 |              2 |         2.00 |
|  video_clock_BUFG                             | camera_status/p_0_in0_out[726]                                           |                                                                                 |                1 |              2 |         2.00 |
|  video_clock_BUFG                             | camera_status/p_0_in0_out[731]                                           |                                                                                 |                1 |              2 |         2.00 |
|  video_clock_BUFG                             | camera_status/p_0_in0_out[750]                                           |                                                                                 |                1 |              2 |         2.00 |
|  video_clock_BUFG                             | camera_status/p_0_in0_out[751]                                           |                                                                                 |                1 |              2 |         2.00 |
|  video_clock_BUFG                             | camera_status/p_0_in0_out[752]                                           |                                                                                 |                1 |              2 |         2.00 |
|  video_clock_BUFG                             | camera_status/p_0_in0_out[757]                                           |                                                                                 |                1 |              2 |         2.00 |
|  video_clock_BUFG                             | camera_status/p_0_in0_out[758]                                           |                                                                                 |                1 |              2 |         2.00 |
|  video_clock_BUFG                             | camera_status/p_0_in0_out[759]                                           |                                                                                 |                1 |              2 |         2.00 |
|  video_clock_BUFG                             | camera_status/p_0_in0_out[766]                                           |                                                                                 |                1 |              2 |         2.00 |
|  video_clock_BUFG                             | camera_status/p_0_in0_out[723]                                           |                                                                                 |                1 |              2 |         2.00 |
|  video_clock_BUFG                             | camera_status/p_0_in0_out[718]                                           |                                                                                 |                1 |              2 |         2.00 |
|  video_clock_BUFG                             | camera_status/p_0_in0_out[746]                                           |                                                                                 |                1 |              2 |         2.00 |
|  video_clock_BUFG                             | camera_status/p_0_in0_out[761]                                           |                                                                                 |                1 |              2 |         2.00 |
|  video_clock_BUFG                             | camera_status/p_0_in0_out[754]                                           |                                                                                 |                1 |              2 |         2.00 |
|  video_clock_BUFG                             | camera_status/p_0_in0_out[722]                                           |                                                                                 |                1 |              2 |         2.00 |
|  video_clock_BUFG                             | camera_status/p_0_in0_out[756]                                           |                                                                                 |                1 |              2 |         2.00 |
|  video_clock_BUFG                             | camera_status/p_0_in0_out[764]                                           |                                                                                 |                1 |              2 |         2.00 |
|  video_clock_BUFG                             | camera_status/p_0_in0_out[715]                                           |                                                                                 |                1 |              2 |         2.00 |
|  video_clock_BUFG                             | camera_status/p_0_in0_out[753]                                           |                                                                                 |                1 |              2 |         2.00 |
|  video_clock_BUFG                             | camera_status/p_0_in0_out[767]                                           |                                                                                 |                1 |              2 |         2.00 |
|  video_clock_BUFG                             | camera_status/p_0_in0_out[724]                                           |                                                                                 |                1 |              2 |         2.00 |
|  video_clock_BUFG                             | camera_status/p_0_in0_out[740]                                           |                                                                                 |                1 |              2 |         2.00 |
|  video_clock_BUFG                             | camera_status/p_0_in0_out[749]                                           |                                                                                 |                1 |              2 |         2.00 |
|  video_clock_BUFG                             | camera_status/p_0_in0_out[760]                                           |                                                                                 |                1 |              2 |         2.00 |
|  video_clock_BUFG                             | camera_status/p_0_in0_out[714]                                           |                                                                                 |                1 |              2 |         2.00 |
|  video_clock_BUFG                             | camera_status/p_0_in0_out[729]                                           |                                                                                 |                1 |              2 |         2.00 |
|  video_clock_BUFG                             | camera_status/p_0_in0_out[747]                                           |                                                                                 |                1 |              2 |         2.00 |
|  video_clock_BUFG                             | camera_status/p_0_in0_out[765]                                           |                                                                                 |                1 |              2 |         2.00 |
|  video_clock_BUFG                             | camera_status/p_0_in0_out[769]                                           |                                                                                 |                1 |              2 |         2.00 |
|  video_clock_BUFG                             | camera_status/p_0_in0_out[770]                                           |                                                                                 |                1 |              2 |         2.00 |
|  video_clock_BUFG                             | camera_status/p_0_in0_out[771]                                           |                                                                                 |                1 |              2 |         2.00 |
|  video_clock_BUFG                             | camera_status/p_0_in0_out[772]                                           |                                                                                 |                1 |              2 |         2.00 |
|  video_clock_BUFG                             | camera_status/p_0_in0_out[743]                                           |                                                                                 |                1 |              2 |         2.00 |
|  video_clock_BUFG                             | camera_status/p_0_in0_out[745]                                           |                                                                                 |                1 |              2 |         2.00 |
|  video_clock_BUFG                             | camera_status/p_0_in0_out[744]                                           |                                                                                 |                1 |              2 |         2.00 |
|  video_clock_BUFG                             | camera_status/p_0_in0_out[773]                                           |                                                                                 |                1 |              2 |         2.00 |
|  video_clock_BUFG                             | camera_status/p_0_in0_out[721]                                           |                                                                                 |                1 |              2 |         2.00 |
|  video_clock_BUFG                             | camera_status/p_0_in0_out[732]                                           |                                                                                 |                1 |              2 |         2.00 |
|  video_clock_BUFG                             | camera_status/p_0_in0_out[734]                                           |                                                                                 |                1 |              2 |         2.00 |
|  video_clock_BUFG                             | camera_status/p_0_in0_out[741]                                           |                                                                                 |                1 |              2 |         2.00 |
|  video_clock_BUFG                             | camera_status/p_0_in0_out[763]                                           |                                                                                 |                1 |              2 |         2.00 |
|  video_clock_BUFG                             | camera_status/p_0_in0_out[768]                                           |                                                                                 |                1 |              2 |         2.00 |
|  video_clock_BUFG                             | camera_status/p_0_in0_out[733]                                           |                                                                                 |                1 |              2 |         2.00 |
|  video_clock_BUFG                             | camera_status/p_0_in0_out[738]                                           |                                                                                 |                1 |              2 |         2.00 |
|  video_clock_BUFG                             | camera_status/p_0_in0_out[712]                                           |                                                                                 |                1 |              2 |         2.00 |
|  video_clock_BUFG                             | camera_status/p_0_in0_out[716]                                           |                                                                                 |                1 |              2 |         2.00 |
|  video_clock_BUFG                             | camera_status/p_0_in0_out[739]                                           |                                                                                 |                1 |              2 |         2.00 |
|  video_clock_BUFG                             | camera_status/p_0_in0_out[762]                                           |                                                                                 |                1 |              2 |         2.00 |
|  video_clock_BUFG                             | camera_status/p_0_in0_out[755]                                           |                                                                                 |                1 |              2 |         2.00 |
|  video_clock_BUFG                             | camera_status/p_0_in0_out[737]                                           |                                                                                 |                1 |              2 |         2.00 |
|  video_clock_BUFG                             | camera_status/p_0_in0_out[725]                                           |                                                                                 |                1 |              2 |         2.00 |
|  video_clock_BUFG                             | camera_status/p_0_in0_out[735]                                           |                                                                                 |                1 |              2 |         2.00 |
|  video_clock_BUFG                             | camera_status/p_0_in0_out[774]                                           |                                                                                 |                1 |              2 |         2.00 |
|  video_clock_BUFG                             | camera_status/p_0_in0_out[775]                                           |                                                                                 |                1 |              2 |         2.00 |
|  video_clock_BUFG                             | camera_status/p_0_in0_out[717]                                           |                                                                                 |                1 |              2 |         2.00 |
|  video_clock_BUFG                             | camera_status/p_0_in0_out[728]                                           |                                                                                 |                1 |              2 |         2.00 |
|  video_clock_BUFG                             | camera_status/p_0_in0_out[779]                                           |                                                                                 |                1 |              2 |         2.00 |
|  video_clock_BUFG                             | camera_status/p_0_in0_out[792]                                           |                                                                                 |                1 |              2 |         2.00 |
|  video_clock_BUFG                             | camera_status/p_0_in0_out[794]                                           |                                                                                 |                1 |              2 |         2.00 |
|  video_clock_BUFG                             | camera_status/p_0_in0_out[817]                                           |                                                                                 |                1 |              2 |         2.00 |
|  video_clock_BUFG                             | camera_status/p_0_in0_out[825]                                           |                                                                                 |                1 |              2 |         2.00 |
|  video_clock_BUFG                             | camera_status/p_0_in0_out[834]                                           |                                                                                 |                1 |              2 |         2.00 |
|  video_clock_BUFG                             | camera_status/p_0_in0_out[812]                                           |                                                                                 |                1 |              2 |         2.00 |
|  video_clock_BUFG                             | camera_status/p_0_in0_out[804]                                           |                                                                                 |                1 |              2 |         2.00 |
|  video_clock_BUFG                             | camera_status/p_0_in0_out[790]                                           |                                                                                 |                1 |              2 |         2.00 |
|  video_clock_BUFG                             | camera_status/p_0_in0_out[835]                                           |                                                                                 |                1 |              2 |         2.00 |
|  video_clock_BUFG                             | camera_status/p_0_in0_out[836]                                           |                                                                                 |                1 |              2 |         2.00 |
|  video_clock_BUFG                             | camera_status/p_0_in0_out[837]                                           |                                                                                 |                1 |              2 |         2.00 |
|  video_clock_BUFG                             | camera_status/p_0_in0_out[838]                                           |                                                                                 |                1 |              2 |         2.00 |
|  video_clock_BUFG                             | camera_status/p_0_in0_out[795]                                           |                                                                                 |                1 |              2 |         2.00 |
|  video_clock_BUFG                             | camera_status/p_0_in0_out[839]                                           |                                                                                 |                1 |              2 |         2.00 |
|  video_clock_BUFG                             | camera_status/p_0_in0_out[806]                                           |                                                                                 |                1 |              2 |         2.00 |
|  video_clock_BUFG                             | camera_status/p_0_in0_out[818]                                           |                                                                                 |                1 |              2 |         2.00 |
|  video_clock_BUFG                             | camera_status/p_0_in0_out[785]                                           |                                                                                 |                1 |              2 |         2.00 |
|  video_clock_BUFG                             | camera_status/p_0_in0_out[814]                                           |                                                                                 |                1 |              2 |         2.00 |
|  video_clock_BUFG                             | camera_status/p_0_in0_out[799]                                           |                                                                                 |                1 |              2 |         2.00 |
|  video_clock_BUFG                             | camera_status/p_0_in0_out[776]                                           |                                                                                 |                1 |              2 |         2.00 |
|  video_clock_BUFG                             | camera_status/p_0_in0_out[805]                                           |                                                                                 |                1 |              2 |         2.00 |
|  video_clock_BUFG                             | camera_status/p_0_in0_out[820]                                           |                                                                                 |                1 |              2 |         2.00 |
|  video_clock_BUFG                             | camera_status/p_0_in0_out[815]                                           |                                                                                 |                1 |              2 |         2.00 |
|  video_clock_BUFG                             | camera_status/p_0_in0_out[802]                                           |                                                                                 |                1 |              2 |         2.00 |
|  video_clock_BUFG                             | camera_status/p_0_in0_out[811]                                           |                                                                                 |                1 |              2 |         2.00 |
|  video_clock_BUFG                             | camera_status/p_0_in0_out[819]                                           |                                                                                 |                1 |              2 |         2.00 |
|  video_clock_BUFG                             | camera_status/p_0_in0_out[831]                                           |                                                                                 |                1 |              2 |         2.00 |
|  video_clock_BUFG                             | camera_status/p_0_in0_out[800]                                           |                                                                                 |                1 |              2 |         2.00 |
|  video_clock_BUFG                             | camera_status/p_0_in0_out[782]                                           |                                                                                 |                1 |              2 |         2.00 |
|  video_clock_BUFG                             | camera_status/p_0_in0_out[787]                                           |                                                                                 |                1 |              2 |         2.00 |
|  video_clock_BUFG                             | camera_status/p_0_in0_out[813]                                           |                                                                                 |                1 |              2 |         2.00 |
|  video_clock_BUFG                             | camera_status/p_0_in0_out[821]                                           |                                                                                 |                1 |              2 |         2.00 |
|  video_clock_BUFG                             | camera_status/p_0_in0_out[783]                                           |                                                                                 |                1 |              2 |         2.00 |
|  video_clock_BUFG                             | camera_status/p_0_in0_out[828]                                           |                                                                                 |                1 |              2 |         2.00 |
|  video_clock_BUFG                             | camera_status/p_0_in0_out[778]                                           |                                                                                 |                1 |              2 |         2.00 |
|  video_clock_BUFG                             | camera_status/p_0_in0_out[808]                                           |                                                                                 |                1 |              2 |         2.00 |
|  video_clock_BUFG                             | camera_status/p_0_in0_out[797]                                           |                                                                                 |                1 |              2 |         2.00 |
|  video_clock_BUFG                             | camera_status/p_0_in0_out[809]                                           |                                                                                 |                1 |              2 |         2.00 |
|  video_clock_BUFG                             | camera_status/p_0_in0_out[786]                                           |                                                                                 |                1 |              2 |         2.00 |
|  video_clock_BUFG                             | camera_status/p_0_in0_out[780]                                           |                                                                                 |                1 |              2 |         2.00 |
|  video_clock_BUFG                             | camera_status/p_0_in0_out[784]                                           |                                                                                 |                1 |              2 |         2.00 |
|  video_clock_BUFG                             | camera_status/p_0_in0_out[777]                                           |                                                                                 |                1 |              2 |         2.00 |
|  video_clock_BUFG                             | camera_status/p_0_in0_out[796]                                           |                                                                                 |                1 |              2 |         2.00 |
|  video_clock_BUFG                             | camera_status/p_0_in0_out[801]                                           |                                                                                 |                1 |              2 |         2.00 |
|  video_clock_BUFG                             | camera_status/p_0_in0_out[807]                                           |                                                                                 |                1 |              2 |         2.00 |
|  video_clock_BUFG                             | camera_status/p_0_in0_out[810]                                           |                                                                                 |                1 |              2 |         2.00 |
|  video_clock_BUFG                             | camera_status/p_0_in0_out[823]                                           |                                                                                 |                1 |              2 |         2.00 |
|  video_clock_BUFG                             | camera_status/p_0_in0_out[824]                                           |                                                                                 |                1 |              2 |         2.00 |
|  video_clock_BUFG                             | camera_status/p_0_in0_out[826]                                           |                                                                                 |                1 |              2 |         2.00 |
|  video_clock_BUFG                             | camera_status/p_0_in0_out[829]                                           |                                                                                 |                1 |              2 |         2.00 |
|  video_clock_BUFG                             | camera_status/p_0_in0_out[798]                                           |                                                                                 |                1 |              2 |         2.00 |
|  video_clock_BUFG                             | camera_status/p_0_in0_out[822]                                           |                                                                                 |                1 |              2 |         2.00 |
|  video_clock_BUFG                             | camera_status/p_0_in0_out[781]                                           |                                                                                 |                1 |              2 |         2.00 |
|  video_clock_BUFG                             | camera_status/p_0_in0_out[793]                                           |                                                                                 |                1 |              2 |         2.00 |
|  video_clock_BUFG                             | camera_status/p_0_in0_out[788]                                           |                                                                                 |                1 |              2 |         2.00 |
|  video_clock_BUFG                             | camera_status/p_0_in0_out[816]                                           |                                                                                 |                1 |              2 |         2.00 |
|  video_clock_BUFG                             | camera_status/p_0_in0_out[791]                                           |                                                                                 |                1 |              2 |         2.00 |
|  video_clock_BUFG                             | camera_status/p_0_in0_out[827]                                           |                                                                                 |                1 |              2 |         2.00 |
|  video_clock_BUFG                             | camera_status/p_0_in0_out[789]                                           |                                                                                 |                1 |              2 |         2.00 |
|  video_clock_BUFG                             | camera_status/p_0_in0_out[803]                                           |                                                                                 |                1 |              2 |         2.00 |
|  video_clock_BUFG                             | camera_status/p_0_in0_out[830]                                           |                                                                                 |                1 |              2 |         2.00 |
|  video_clock_BUFG                             | camera_status/p_0_in0_out[832]                                           |                                                                                 |                1 |              2 |         2.00 |
|  threshold/Clock_1KHz                         |                                                                          |                                                                                 |                1 |              3 |         3.00 |
| ~h_sync_signal_OBUF_BUFG                      |                                                                          |                                                                                 |                1 |              3 |         3.00 |
|  system_clock                                 | camera_status/update_status.state[3]_i_1_n_0                             |                                                                                 |                1 |              4 |         4.00 |
|  system_clock                                 | camera_status/oled_sck_i_3_n_0                                           | camera_status/oled_dc_i_1_n_0                                                   |                1 |              4 |         4.00 |
|  video_clock_BUFG                             | camera_video/timing/visible_frame_reg_1                                  | camera_video/timing/SR[0]                                                       |                2 |              4 |         2.00 |
|  video_clock_BUFG                             | camera_video/FSM_sequential_cState[3]_i_2_n_0                            | camera_video/FSM_sequential_cState[3]_i_1_n_0                                   |                2 |              4 |         2.00 |
|  system_clock                                 | camera_status/oled_buffer[119][6]_i_2_n_0                                | camera_status/oled_buffer[119][6]_i_1_n_0                                       |                1 |              4 |         4.00 |
|  clka                                         | camera_video/FSM_sequential_state[3]_i_1_n_0                             |                                                                                 |                3 |              4 |         1.33 |
|  clock_IBUF_BUFG                              | convert_to_binary/threshold[3]_i_1_n_0                                   |                                                                                 |                1 |              4 |         4.00 |
|  camera_video/xtime/inst/clk_5Mhz             | camera_video/vsync_debounce.Count[4]_i_2_n_0                             | camera_video/debounce_video_source/SR[0]                                        |                1 |              5 |         5.00 |
| ~ov7670_pclk_IBUF_BUFG                        |                                                                          |                                                                                 |                2 |              5 |         2.50 |
|  video_clock_BUFG                             | camera_video/NEXT_STATE_DECODE.rcount[6]_i_1_n_0                         |                                                                                 |                3 |              5 |         1.67 |
|  system_clock                                 | camera_status/initialize_oled_display.index[4]_i_1_n_0                   |                                                                                 |                5 |              5 |         1.00 |
|  video_clock_BUFG                             | camera_video/MemoryWriteAddress[6]_i_2_n_0                               | camera_video/MemoryWriteAddress[6]_i_1_n_0                                      |                1 |              5 |         5.00 |
|  ov7670_pclk_IBUF_BUFG                        |                                                                          |                                                                                 |                2 |              5 |         2.50 |
|  clka                                         | camera_video/picture_process.spi_cmd[25]_i_1_n_0                         | camera_video/picture_process.spi_cmd[31]_i_1_n_0                                |                1 |              6 |         6.00 |
|  camera_video/xtime/inst/clk_camera           |                                                                          | camera_video/Inst_ov7670_controller/slow_clock.delay0_inferred__1/i__n_0        |                2 |              6 |         3.00 |
|  clka                                         | camera_video/picture_process.count[11]_i_1_n_0                           | camera_video/picture_process.count[12]_i_1_n_0                                  |                3 |              6 |         2.00 |
|  system_clock                                 | camera_status/oled_buffer[18][6]_i_1_n_0                                 |                                                                                 |                1 |              7 |         7.00 |
|  system_clock                                 | camera_status/oled_buffer[94][6]_i_1_n_0                                 |                                                                                 |                2 |              7 |         3.50 |
|  system_clock                                 | camera_status/oled_buffer[98][6]_i_1_n_0                                 |                                                                                 |                3 |              7 |         2.33 |
|  system_clock                                 | camera_status/oled_buffer[86][6]_i_1_n_0                                 |                                                                                 |                2 |              7 |         3.50 |
|  system_clock                                 | camera_status/oled_buffer[93][6]_i_1_n_0                                 |                                                                                 |                2 |              7 |         3.50 |
|  system_clock                                 | camera_status/oled_buffer[91][6]_i_1_n_0                                 |                                                                                 |                1 |              7 |         7.00 |
|  system_clock                                 | camera_status/oled_buffer[96][6]_i_1_n_0                                 |                                                                                 |                3 |              7 |         2.33 |
|  system_clock                                 | camera_status/oled_buffer[97][6]_i_1_n_0                                 |                                                                                 |                2 |              7 |         3.50 |
|  system_clock                                 | camera_status/oled_tx.tx_data[7]_i_1_n_0                                 |                                                                                 |                2 |              7 |         3.50 |
| ~ov7670_pclk_IBUF_BUFG                        | camera_video/Inst_ov7670_capture/capture_process.OriginalData[7]_i_1_n_0 |                                                                                 |                1 |              7 |         7.00 |
|  clka                                         | camera_video/picture_process.count[11]_i_1_n_0                           |                                                                                 |                3 |              7 |         2.33 |
|  video_clock_BUFG                             | camera_video/CamHdotAddress[6]_i_2_n_0                                   | camera_video/CamHdotAddress[6]_i_1_n_0                                          |                1 |              7 |         7.00 |
|  clka                                         | camera_video/picture_address_write[0]                                    | camera_video/picture_process.line_count0                                        |                2 |              7 |         3.50 |
|  video_clock_BUFG                             | camera_video/NEXT_STATE_DECODE.wcount[6]_i_2_n_0                         | camera_video/NEXT_STATE_DECODE.wcount[6]_i_1_n_0                                |                2 |              7 |         3.50 |
|  system_clock                                 | camera_status/oled_buffer[115][6]_i_1_n_0                                |                                                                                 |                4 |              7 |         1.75 |
|  system_clock                                 | camera_status/oled_buffer[48][6]_i_1_n_0                                 |                                                                                 |                1 |              7 |         7.00 |
|  clock_IBUF_BUFG                              |                                                                          | camera_status/generate_clock.delay[6]_i_1_n_0                                   |                2 |              7 |         3.50 |
|  system_clock                                 | camera_status/oled_buffer[1][6]_i_1_n_0                                  |                                                                                 |                1 |              7 |         7.00 |
|  system_clock                                 | camera_status/oled_buffer[14][6]_i_1_n_0                                 |                                                                                 |                1 |              7 |         7.00 |
|  system_clock                                 | camera_status/oled_buffer[123][6]_i_1_n_0                                |                                                                                 |                4 |              7 |         1.75 |
|  system_clock                                 | camera_status/oled_buffer[15][6]_i_1_n_0                                 |                                                                                 |                1 |              7 |         7.00 |
|  system_clock                                 | camera_status/oled_buffer[125][6]_i_1_n_0                                |                                                                                 |                1 |              7 |         7.00 |
|  system_clock                                 | camera_status/oled_buffer[11][6]_i_1_n_0                                 |                                                                                 |                1 |              7 |         7.00 |
|  system_clock                                 | camera_status/oled_buffer[23][6]_i_1_n_0                                 |                                                                                 |                1 |              7 |         7.00 |
|  system_clock                                 | camera_status/oled_buffer[24][6]_i_1_n_0                                 |                                                                                 |                2 |              7 |         3.50 |
|  system_clock                                 | camera_status/oled_buffer[127][6]_i_1_n_0                                |                                                                                 |                6 |              7 |         1.17 |
|  system_clock                                 | camera_status/oled_buffer[120][6]_i_1_n_0                                |                                                                                 |                1 |              7 |         7.00 |
|  system_clock                                 | camera_status/oled_buffer[16][6]_i_1_n_0                                 |                                                                                 |                1 |              7 |         7.00 |
|  system_clock                                 | camera_status/oled_buffer[28][6]_i_1_n_0                                 |                                                                                 |                3 |              7 |         2.33 |
|  system_clock                                 | camera_status/oled_buffer[29][6]_i_1_n_0                                 |                                                                                 |                4 |              7 |         1.75 |
|  system_clock                                 | camera_status/oled_buffer[21][6]_i_1_n_0                                 |                                                                                 |                1 |              7 |         7.00 |
|  system_clock                                 | camera_status/oled_buffer[31][6]_i_1_n_0                                 |                                                                                 |                5 |              7 |         1.40 |
|  system_clock                                 | camera_status/oled_buffer[32][6]_i_1_n_0                                 |                                                                                 |                1 |              7 |         7.00 |
|  system_clock                                 | camera_status/oled_buffer[124][6]_i_1_n_0                                |                                                                                 |                5 |              7 |         1.40 |
|  system_clock                                 | camera_status/oled_buffer[13][6]_i_1_n_0                                 |                                                                                 |                1 |              7 |         7.00 |
|  system_clock                                 | camera_status/oled_buffer[17][6]_i_1_n_0                                 |                                                                                 |                1 |              7 |         7.00 |
|  system_clock                                 | camera_status/oled_buffer[33][6]_i_1_n_0                                 |                                                                                 |                2 |              7 |         3.50 |
|  system_clock                                 | camera_status/oled_buffer[126][6]_i_1_n_0                                |                                                                                 |                2 |              7 |         3.50 |
|  system_clock                                 | camera_status/oled_buffer[34][6]_i_1_n_0                                 |                                                                                 |                2 |              7 |         3.50 |
|  system_clock                                 | camera_status/oled_buffer[35][6]_i_1_n_0                                 |                                                                                 |                1 |              7 |         7.00 |
|  system_clock                                 | camera_status/oled_buffer[36][6]_i_1_n_0                                 |                                                                                 |                1 |              7 |         7.00 |
|  system_clock                                 | camera_status/oled_buffer[122][6]_i_1_n_0                                |                                                                                 |                1 |              7 |         7.00 |
|  system_clock                                 | camera_status/oled_buffer[37][6]_i_1_n_0                                 |                                                                                 |                1 |              7 |         7.00 |
|  system_clock                                 | camera_status/oled_buffer[39][6]_i_1_n_0                                 |                                                                                 |                2 |              7 |         3.50 |
|  system_clock                                 | camera_status/oled_buffer[27][6]_i_1_n_0                                 |                                                                                 |                1 |              7 |         7.00 |
|  system_clock                                 | camera_status/oled_buffer[38][6]_i_1_n_0                                 |                                                                                 |                1 |              7 |         7.00 |
|  system_clock                                 | camera_status/oled_buffer[25][6]_i_1_n_0                                 |                                                                                 |                1 |              7 |         7.00 |
|  system_clock                                 | camera_status/oled_buffer[22][6]_i_1_n_0                                 |                                                                                 |                2 |              7 |         3.50 |
|  system_clock                                 | camera_status/oled_buffer[12][6]_i_1_n_0                                 |                                                                                 |                2 |              7 |         3.50 |
|  system_clock                                 | camera_status/oled_buffer[20][6]_i_1_n_0                                 |                                                                                 |                2 |              7 |         3.50 |
|  system_clock                                 | camera_status/oled_buffer[26][6]_i_1_n_0                                 |                                                                                 |                1 |              7 |         7.00 |
|  system_clock                                 | camera_status/oled_buffer[2][6]_i_1_n_0                                  |                                                                                 |                2 |              7 |         3.50 |
|  system_clock                                 | camera_status/oled_buffer[30][6]_i_1_n_0                                 |                                                                                 |                3 |              7 |         2.33 |
|  system_clock                                 | camera_status/oled_buffer[19][6]_i_1_n_0                                 |                                                                                 |                3 |              7 |         2.33 |
|  system_clock                                 | camera_status/oled_buffer[121][6]_i_1_n_0                                |                                                                                 |                3 |              7 |         2.33 |
|  system_clock                                 | camera_status/oled_buffer[65][6]_i_1_n_0                                 |                                                                                 |                1 |              7 |         7.00 |
|  system_clock                                 | camera_status/oled_buffer[77][6]_i_1_n_0                                 |                                                                                 |                2 |              7 |         3.50 |
|  system_clock                                 | camera_status/oled_buffer[78][6]_i_1_n_0                                 |                                                                                 |                5 |              7 |         1.40 |
|  system_clock                                 | camera_status/oled_buffer[7][6]_i_1_n_0                                  |                                                                                 |                2 |              7 |         3.50 |
|  system_clock                                 | camera_status/oled_buffer[80][6]_i_1_n_0                                 |                                                                                 |                1 |              7 |         7.00 |
|  system_clock                                 | camera_status/oled_buffer[43][6]_i_1_n_0                                 |                                                                                 |                1 |              7 |         7.00 |
|  system_clock                                 | camera_status/oled_buffer[81][6]_i_1_n_0                                 |                                                                                 |                2 |              7 |         3.50 |
|  system_clock                                 | camera_status/oled_buffer[41][6]_i_1_n_0                                 |                                                                                 |                1 |              7 |         7.00 |
|  system_clock                                 | camera_status/oled_buffer[82][6]_i_1_n_0                                 |                                                                                 |                2 |              7 |         3.50 |
|  system_clock                                 | camera_status/oled_buffer[47][6]_i_1_n_0                                 |                                                                                 |                4 |              7 |         1.75 |
|  system_clock                                 | camera_status/oled_buffer[53][6]_i_1_n_0                                 |                                                                                 |                1 |              7 |         7.00 |
|  system_clock                                 | camera_status/oled_buffer[67][6]_i_1_n_0                                 |                                                                                 |                1 |              7 |         7.00 |
|  system_clock                                 | camera_status/oled_buffer[71][6]_i_1_n_0                                 |                                                                                 |                1 |              7 |         7.00 |
|  system_clock                                 | camera_status/oled_buffer[79][6]_i_1_n_0                                 |                                                                                 |                6 |              7 |         1.17 |
|  system_clock                                 | camera_status/oled_buffer[83][6]_i_1_n_0                                 |                                                                                 |                1 |              7 |         7.00 |
|  system_clock                                 | camera_status/oled_buffer[84][6]_i_1_n_0                                 |                                                                                 |                1 |              7 |         7.00 |
|  system_clock                                 | camera_status/oled_buffer[85][6]_i_1_n_0                                 |                                                                                 |                1 |              7 |         7.00 |
|  system_clock                                 | camera_status/oled_buffer[52][6]_i_1_n_0                                 |                                                                                 |                1 |              7 |         7.00 |
|  system_clock                                 | camera_status/oled_buffer[56][6]_i_1_n_0                                 |                                                                                 |                2 |              7 |         3.50 |
|  system_clock                                 | camera_status/oled_buffer[44][6]_i_1_n_0                                 |                                                                                 |                3 |              7 |         2.33 |
|  system_clock                                 | camera_status/oled_buffer[50][6]_i_1_n_0                                 |                                                                                 |                2 |              7 |         3.50 |
|  system_clock                                 | camera_status/oled_buffer[57][6]_i_1_n_0                                 |                                                                                 |                3 |              7 |         2.33 |
|  system_clock                                 | camera_status/oled_buffer[59][6]_i_1_n_0                                 |                                                                                 |                1 |              7 |         7.00 |
|  system_clock                                 | camera_status/oled_buffer[5][6]_i_1_n_0                                  |                                                                                 |                1 |              7 |         7.00 |
|  system_clock                                 | camera_status/oled_buffer[62][6]_i_1_n_0                                 |                                                                                 |                2 |              7 |         3.50 |
|  system_clock                                 | camera_status/oled_buffer[66][6]_i_1_n_0                                 |                                                                                 |                1 |              7 |         7.00 |
|  system_clock                                 | camera_status/oled_buffer[9][6]_i_1_n_0                                  |                                                                                 |                5 |              7 |         1.40 |
|  system_clock                                 | camera_status/oled_buffer[4][6]_i_1_n_0                                  |                                                                                 |                1 |              7 |         7.00 |
|  system_clock                                 | camera_status/oled_buffer[40][6]_i_1_n_0                                 |                                                                                 |                2 |              7 |         3.50 |
|  system_clock                                 | camera_status/oled_buffer[72][6]_i_1_n_0                                 |                                                                                 |                2 |              7 |         3.50 |
|  system_clock                                 | camera_status/oled_buffer[3][6]_i_1_n_0                                  |                                                                                 |                2 |              7 |         3.50 |
|  system_clock                                 | camera_status/oled_buffer[74][6]_i_1_n_0                                 |                                                                                 |                1 |              7 |         7.00 |
|  system_clock                                 | camera_status/oled_buffer[75][6]_i_1_n_0                                 |                                                                                 |                1 |              7 |         7.00 |
|  system_clock                                 | camera_status/oled_buffer[70][6]_i_1_n_0                                 |                                                                                 |                1 |              7 |         7.00 |
|  system_clock                                 | camera_status/oled_buffer[76][6]_i_1_n_0                                 |                                                                                 |                1 |              7 |         7.00 |
|  system_clock                                 | camera_status/oled_buffer[42][6]_i_1_n_0                                 |                                                                                 |                1 |              7 |         7.00 |
|  system_clock                                 | camera_status/oled_buffer[45][6]_i_1_n_0                                 |                                                                                 |                5 |              7 |         1.40 |
|  system_clock                                 | camera_status/oled_buffer[46][6]_i_1_n_0                                 |                                                                                 |                2 |              7 |         3.50 |
|  system_clock                                 | camera_status/oled_buffer[49][6]_i_1_n_0                                 |                                                                                 |                1 |              7 |         7.00 |
|  system_clock                                 | camera_status/oled_buffer[58][6]_i_1_n_0                                 |                                                                                 |                2 |              7 |         3.50 |
|  system_clock                                 | camera_status/oled_buffer[64][6]_i_1_n_0                                 |                                                                                 |                1 |              7 |         7.00 |
|  system_clock                                 | camera_status/oled_buffer[55][6]_i_1_n_0                                 |                                                                                 |                1 |              7 |         7.00 |
|  system_clock                                 | camera_status/oled_buffer[60][6]_i_1_n_0                                 |                                                                                 |                1 |              7 |         7.00 |
|  system_clock                                 | camera_status/oled_buffer[54][6]_i_1_n_0                                 |                                                                                 |                1 |              7 |         7.00 |
|  system_clock                                 | camera_status/oled_buffer[61][6]_i_1_n_0                                 |                                                                                 |                1 |              7 |         7.00 |
|  system_clock                                 | camera_status/oled_buffer[68][6]_i_1_n_0                                 |                                                                                 |                3 |              7 |         2.33 |
|  system_clock                                 | camera_status/oled_buffer[69][6]_i_1_n_0                                 |                                                                                 |                1 |              7 |         7.00 |
|  system_clock                                 | camera_status/oled_buffer[6][6]_i_1_n_0                                  |                                                                                 |                1 |              7 |         7.00 |
|  system_clock                                 | camera_status/oled_buffer[73][6]_i_1_n_0                                 |                                                                                 |                1 |              7 |         7.00 |
|  system_clock                                 | camera_status/oled_buffer[51][6]_i_1_n_0                                 |                                                                                 |                1 |              7 |         7.00 |
|  system_clock                                 | camera_status/oled_buffer[63][6]_i_1_n_0                                 |                                                                                 |                6 |              7 |         1.17 |
|  system_clock                                 | camera_status/initialize_oled_display.char[6]_i_1_n_0                    |                                                                                 |                3 |              7 |         2.33 |
|  system_clock                                 | camera_status/oled_buffer[0][6]_i_1_n_0                                  |                                                                                 |                2 |              7 |         3.50 |
|  system_clock                                 | camera_status/oled_buffer[100][6]_i_1_n_0                                |                                                                                 |                1 |              7 |         7.00 |
|  system_clock                                 | camera_status/oled_buffer[101][6]_i_1_n_0                                |                                                                                 |                1 |              7 |         7.00 |
|  system_clock                                 | camera_status/oled_buffer[102][6]_i_1_n_0                                |                                                                                 |                1 |              7 |         7.00 |
|  system_clock                                 | camera_status/oled_buffer[103][6]_i_1_n_0                                |                                                                                 |                2 |              7 |         3.50 |
|  system_clock                                 | camera_status/oled_buffer[109][6]_i_1_n_0                                |                                                                                 |                1 |              7 |         7.00 |
|  system_clock                                 | camera_status/oled_buffer[106][6]_i_1_n_0                                |                                                                                 |                2 |              7 |         3.50 |
|  system_clock                                 | camera_status/oled_buffer[112][6]_i_1_n_0                                |                                                                                 |                2 |              7 |         3.50 |
|  system_clock                                 | camera_status/oled_buffer[117][6]_i_1_n_0                                |                                                                                 |                3 |              7 |         2.33 |
|  system_clock                                 | camera_status/oled_buffer[104][6]_i_1_n_0                                |                                                                                 |                1 |              7 |         7.00 |
|  system_clock                                 | camera_status/oled_buffer[107][6]_i_1_n_0                                |                                                                                 |                2 |              7 |         3.50 |
|  system_clock                                 | camera_status/oled_buffer[118][6]_i_1_n_0                                |                                                                                 |                1 |              7 |         7.00 |
|  system_clock                                 | camera_status/oled_buffer[108][6]_i_1_n_0                                |                                                                                 |                2 |              7 |         3.50 |
|  system_clock                                 | camera_status/oled_buffer[114][6]_i_1_n_0                                |                                                                                 |                4 |              7 |         1.75 |
|  system_clock                                 | camera_status/oled_buffer[10][6]_i_1_n_0                                 |                                                                                 |                2 |              7 |         3.50 |
|  system_clock                                 | camera_status/oled_buffer[105][6]_i_1_n_0                                |                                                                                 |                1 |              7 |         7.00 |
|  system_clock                                 | camera_status/oled_buffer[111][6]_i_1_n_0                                |                                                                                 |                1 |              7 |         7.00 |
|  system_clock                                 | camera_status/oled_buffer[110][6]_i_1_n_0                                |                                                                                 |                1 |              7 |         7.00 |
|  system_clock                                 | camera_status/oled_buffer[116][6]_i_1_n_0                                |                                                                                 |                1 |              7 |         7.00 |
|  system_clock                                 | camera_status/oled_buffer[113][6]_i_1_n_0                                |                                                                                 |                1 |              7 |         7.00 |
|  system_clock                                 | camera_status/oled_buffer[90][6]_i_1_n_0                                 |                                                                                 |                2 |              7 |         3.50 |
|  system_clock                                 | camera_status/oled_buffer[8][6]_i_1_n_0                                  |                                                                                 |                4 |              7 |         1.75 |
|  system_clock                                 | camera_status/oled_buffer[89][6]_i_1_n_0                                 |                                                                                 |                1 |              7 |         7.00 |
|  system_clock                                 | camera_status/oled_buffer[95][6]_i_1_n_0                                 |                                                                                 |                5 |              7 |         1.40 |
|  system_clock                                 | camera_status/oled_buffer[99][6]_i_1_n_0                                 |                                                                                 |                5 |              7 |         1.40 |
|  system_clock                                 | camera_status/oled_buffer[92][6]_i_1_n_0                                 |                                                                                 |                1 |              7 |         7.00 |
|  system_clock                                 | camera_status/oled_buffer[88][6]_i_1_n_0                                 |                                                                                 |                1 |              7 |         7.00 |
|  system_clock                                 | camera_status/oled_buffer[87][6]_i_1_n_0                                 |                                                                                 |                3 |              7 |         2.33 |
|  system_clock                                 | camera_status/initialize_oled_display.graphics_row[1016]_i_2_n_0         | camera_status/initialize_oled_display.graphics_row[1016]_i_1_n_0                |                3 |              8 |         2.67 |
|  Inst_ov7670_controller/i2c_clock             | camera_video/Inst_ov7670_controller/Inst_i2c_sender/divider[7]_i_1_n_0   |                                                                                 |                2 |              8 |         4.00 |
|  Inst_ov7670_controller/i2c_clock             | camera_video/Inst_ov7670_controller/Inst_i2c_sender/E[0]                 | camera_video/Inst_ov7670_controller/Inst_ov7670_registers/address[7]_i_1__0_n_0 |                2 |              8 |         4.00 |
|  system_clock                                 | camera_status/spi_tx_data[7]_i_1_n_0                                     |                                                                                 |                6 |              8 |         1.33 |
| ~video_clock_BUFG                             | camera_video/timing/h_dot_int1                                           |                                                                                 |                5 |              9 |         1.80 |
|  clka                                         | camera_video/picture_process.line_count[0]                               | camera_video/picture_process.line_count0                                        |                3 |              9 |         3.00 |
|  clka                                         |                                                                          |                                                                                 |                5 |             10 |         2.00 |
|  debounce_clock_out/clock_out                 |                                                                          |                                                                                 |                2 |             10 |         5.00 |
|  ov7670_pclk_IBUF_BUFG                        | camera_video/Inst_ov7670_capture/sel                                     | camera_video/Inst_ov7670_capture/address[9]_i_1_n_0                             |                4 |             10 |         2.50 |
|  Inst_ov7670_controller/i2c_clock             | camera_video/Inst_ov7670_controller/Inst_i2c_sender/busy_sr0             | camera_video/Inst_ov7670_controller/Inst_i2c_sender/data_sr[30]_i_1_n_0         |                3 |             11 |         3.67 |
| ~ov7670_pclk_IBUF_BUFG                        | camera_video/Inst_ov7670_capture/p_0_out[95]                             |                                                                                 |                3 |             12 |         4.00 |
| ~ov7670_pclk_IBUF_BUFG                        | camera_video/Inst_ov7670_capture/p_0_out[71]                             |                                                                                 |                2 |             12 |         6.00 |
| ~ov7670_pclk_IBUF_BUFG                        | camera_video/Inst_ov7670_capture/p_0_out[11]                             |                                                                                 |                3 |             12 |         4.00 |
| ~ov7670_pclk_IBUF_BUFG                        | camera_video/Inst_ov7670_capture/p_0_out[59]                             |                                                                                 |                3 |             12 |         4.00 |
| ~ov7670_pclk_IBUF_BUFG                        | camera_video/Inst_ov7670_capture/p_0_out[47]                             |                                                                                 |                4 |             12 |         3.00 |
| ~ov7670_pclk_IBUF_BUFG                        | camera_video/Inst_ov7670_capture/p_0_out[83]                             |                                                                                 |                4 |             12 |         3.00 |
| ~ov7670_pclk_IBUF_BUFG                        | camera_video/Inst_ov7670_capture/p_0_out[35]                             |                                                                                 |                4 |             12 |         3.00 |
| ~ov7670_pclk_IBUF_BUFG                        | camera_video/Inst_ov7670_capture/p_0_out[23]                             |                                                                                 |                2 |             12 |         6.00 |
|  system_clock                                 | camera_status/update_status.text_location[6]_i_1_n_0                     |                                                                                 |                9 |             14 |         1.56 |
|  clock_IBUF_BUFG                              | camera_status/generate_clock.reset_delay[0]                              |                                                                                 |                4 |             14 |         3.50 |
|  Inst_ov7670_controller/i2c_clock             |                                                                          | camera_video/Inst_ov7670_controller/Inst_ov7670_registers/sreg[15]_i_1_n_0      |                7 |             16 |         2.29 |
|  clka                                         | camera_video/picture_process.crc16[0]                                    | camera_video/picture_process.crc160                                             |                4 |             16 |         4.00 |
|  camera_video/xtime/inst/clk_5Mhz             |                                                                          |                                                                                 |                6 |             17 |         2.83 |
|  clock_IBUF_BUFG                              |                                                                          | threshold/clear                                                                 |                5 |             17 |         3.40 |
|  Inst_ov7670_controller/i2c_clock             | camera_video/Inst_ov7670_controller/Inst_i2c_sender/busy_sr0             |                                                                                 |                5 |             21 |         4.20 |
|  camera_video/do_debouncer_clock/clock_2      |                                                                          |                                                                                 |                8 |             21 |         2.62 |
|  video_clock_BUFG                             | camera_video/timing/update_graphics.h_dot_store[0]                       |                                                                                 |               12 |             23 |         1.92 |
|  clka                                         | camera_video/debounce_next_picture/E[0]                                  |                                                                                 |                6 |             24 |         4.00 |
|  camera_video/xtime/inst/clk_200Mhz           | camera_video/do_reset.Delay[0]_i_1_n_0                                   |                                                                                 |                7 |             25 |         3.57 |
|  clka                                         | camera_video/picture_process.spi_cmd[25]_i_1_n_0                         |                                                                                 |                5 |             26 |         5.20 |
|  system_clock                                 |                                                                          |                                                                                 |               13 |             27 |         2.08 |
|  clock_IBUF_BUFG                              |                                                                          |                                                                                 |               10 |             27 |         2.70 |
|  system_clock                                 | camera_status/p_2_in[39]                                                 |                                                                                 |               25 |             28 |         1.12 |
|  Inst_ov7670_controller/i2c_clock             | camera_video/Inst_ov7670_controller/Inst_i2c_sender/busy_sr0             | camera_video/Inst_ov7670_controller/Inst_i2c_sender/busy_sr[31]_i_1_n_0         |                5 |             31 |         6.20 |
|  system_clock                                 | camera_status/initialize_oled_display.column_number_reg[9]_i_1_n_0       |                                                                                 |               16 |             36 |         2.25 |
|  clka                                         | camera_video/picture_process.next_picture_address[0]                     |                                                                                 |                8 |             48 |         6.00 |
|  clka                                         | camera_video/picture_process.data_in[0]                                  |                                                                                 |               23 |             95 |         4.13 |
|  ov7670_pclk_IBUF_BUFG                        | camera_video/Inst_ov7670_capture/href_out                                |                                                                                 |               21 |             96 |         4.57 |
|  clock_IBUF_BUFG                              | camera_video/timing/visible_frame_reg_1                                  |                                                                                 |               22 |             96 |         4.36 |
|  clka                                         | camera_video/picture_write_data[0]                                       |                                                                                 |               26 |             96 |         3.69 |
|  video_clock_BUFG                             | camera_video/timing/E[0]                                                 |                                                                                 |               51 |            192 |         3.76 |
|  video_clock_BUFG                             | camera_video/timing/visible_frame_reg_1                                  |                                                                                 |               50 |            192 |         3.84 |
|  video_clock_BUFG                             |                                                                          |                                                                                 |               79 |            237 |         3.00 |
| ~video_clock_BUFG                             | histogram_gray/E[0]                                                      |                                                                                 |              137 |            384 |         2.80 |
|  system_clock                                 | camera_status/initialize_oled_display.graphics_row[0]_i_1_n_0            |                                                                                 |              339 |           1016 |         3.00 |
| ~video_clock_BUFG                             |                                                                          |                                                                                 |              504 |           1167 |         2.32 |
+-----------------------------------------------+--------------------------------------------------------------------------+---------------------------------------------------------------------------------+------------------+----------------+--------------+


