Copyright 1986-2022 Xilinx, Inc. All Rights Reserved. Copyright 2022-2025 Advanced Micro Devices, Inc. All Rights Reserved.
---------------------------------------------------------------------------------------------------------------------------------------------------------------------------------------------------------------
| Tool Version : Vivado v.2025.2 (win64) Build 6299465 Fri Nov 14 19:35:11 GMT 2025
| Date         : Wed May 13 15:13:25 2026
| Host         : Salbarnus running 64-bit major release  (build 9200)
| Command      : report_timing_summary -max_paths 10 -report_unconstrained -file camera_timing_summary_routed.rpt -pb camera_timing_summary_routed.pb -rpx camera_timing_summary_routed.rpx -warn_on_violation
| Design       : camera
| Device       : 7a100t-csg324
| Speed File   : -1  PRODUCTION 1.23 2018-06-13
| Design State : Routed
---------------------------------------------------------------------------------------------------------------------------------------------------------------------------------------------------------------

Timing Summary Report

------------------------------------------------------------------------------------------------
| Timer Settings
| --------------
------------------------------------------------------------------------------------------------

  Enable Multi Corner Analysis               :  Yes
  Enable Pessimism Removal                   :  Yes
  Pessimism Removal Resolution               :  Nearest Common Node
  Enable Input Delay Default Clock           :  No
  Enable Preset / Clear Arcs                 :  No
  Disable Flight Delays                      :  No
  Ignore I/O Paths                           :  No
  Timing Early Launch at Borrowing Latches   :  No
  Borrow Time for Max Delay Exceptions       :  Yes
  Merge Timing Exceptions                    :  Yes
  Inter-SLR Compensation                     :  Conservative

  Corner  Analyze    Analyze    
  Name    Max Paths  Min Paths  
  ------  ---------  ---------  
  Slow    Yes        Yes        
  Fast    Yes        Yes        


------------------------------------------------------------------------------------------------
| Report Methodology
| ------------------
------------------------------------------------------------------------------------------------

Rule       Severity          Description                                         Violations  
---------  ----------------  --------------------------------------------------  ----------  
TIMING-4   Critical Warning  Invalid primary clock redefinition on a clock tree  1           
TIMING-17  Critical Warning  Non-clocked sequential cell                         1000        
TIMING-27  Critical Warning  Invalid primary clock on hierarchical pin           1           
HPDR-1     Warning           Port pin direction inconsistency                    1           
TIMING-18  Warning           Missing input or output delay                       20          
ULMTCS-1   Warning           Control Sets use limits recommend reduction         1           

Note: This report is based on the most recent report_methodology run and may not be up-to-date. Run report_methodology on the current design for the latest report.



check_timing report

Table of Contents
-----------------
1. checking no_clock (7805)
2. checking constant_clock (0)
3. checking pulse_width_clock (0)
4. checking unconstrained_internal_endpoints (19750)
5. checking no_input_delay (29)
6. checking no_output_delay (52)
7. checking multiple_clock (0)
8. checking generated_clocks (0)
9. checking loops (0)
10. checking partial_input_delay (0)
11. checking partial_output_delay (0)
12. checking latch_loops (0)

1. checking no_clock (7805)
---------------------------
 There are 579 register/latch pins with no clock driven by root clock pin: ov7670_pclk (HIGH)

 There is 1 register/latch pin with no clock driven by root clock pin: ov7670_vsync (HIGH)

 There are 2061 register/latch pins with no clock driven by root clock pin: camera_status/system_clock_reg/Q (HIGH)

 There are 98 register/latch pins with no clock driven by root clock pin: camera_video/Inst_ov7670_controller/i2c_clock_reg/Q (HIGH)

 There are 361 register/latch pins with no clock driven by root clock pin: camera_video/debounce_video_source/button_out_reg_rep/Q (HIGH)

 There are 21 register/latch pins with no clock driven by root clock pin: camera_video/do_debouncer_clock/generate_clock.clock_reg/Q (HIGH)

 There is 1 register/latch pin with no clock driven by root clock pin: camera_video/picture_vsync_reg/Q (HIGH)

 There are 4667 register/latch pins with no clock driven by root clock pin: camera_video/timing/clock_25Mhz_reg/Q (HIGH)

 There are 3 register/latch pins with no clock driven by root clock pin: camera_video/timing/h_sync_reg/Q (HIGH)

 There are 10 register/latch pins with no clock driven by root clock pin: debounce_clock_out/generate_clock.clock_reg/Q (HIGH)

 There are 3 register/latch pins with no clock driven by root clock pin: threshold/Clock_1KHz_reg/Q (HIGH)


2. checking constant_clock (0)
------------------------------
 There are 0 register/latch pins with constant_clock.


3. checking pulse_width_clock (0)
---------------------------------
 There are 0 register/latch pins which need pulse_width check


4. checking unconstrained_internal_endpoints (19750)
----------------------------------------------------
 There are 19750 pins that are not constrained for maximum delay. (HIGH)

 There are 0 pins that are not constrained for maximum delay due to constant clock.


5. checking no_input_delay (29)
-------------------------------
 There are 29 input ports with no input delay specified. (HIGH)

 There are 0 input ports with no input delay but user has a false path constraint.


6. checking no_output_delay (52)
--------------------------------
 There are 51 ports with no output delay specified. (HIGH)

 There are 0 ports with no output delay but user has a false path constraint

 There is 1 port with no output delay but with a timing clock defined on it or propagating through it (LOW)


7. checking multiple_clock (0)
------------------------------
 There are 0 register/latch pins with multiple clocks.


8. checking generated_clocks (0)
--------------------------------
 There are 0 generated clocks that are not connected to a clock source.


9. checking loops (0)
---------------------
 There are 0 combinational loops in the design.


10. checking partial_input_delay (0)
------------------------------------
 There are 0 input ports with partial input delay specified.


11. checking partial_output_delay (0)
-------------------------------------
 There are 0 ports with partial output delay specified.


12. checking latch_loops (0)
----------------------------
 There are 0 combinational latch loops in the design through latch input



------------------------------------------------------------------------------------------------
| Design Timing Summary
| ---------------------
------------------------------------------------------------------------------------------------

    WNS(ns)      TNS(ns)  TNS Failing Endpoints  TNS Total Endpoints      WHS(ns)      THS(ns)  THS Failing Endpoints  THS Total Endpoints     WPWS(ns)     TPWS(ns)  TPWS Failing Endpoints  TPWS Total Endpoints  
    -------      -------  ---------------------  -------------------      -------      -------  ---------------------  -------------------     --------     --------  ----------------------  --------------------  
      1.074        0.000                      0                  302        0.052        0.000                      0                  302        2.000        0.000                       0                   232  


All user specified timing constraints are met.


------------------------------------------------------------------------------------------------
| Clock Summary
| -------------
------------------------------------------------------------------------------------------------

Clock                            Waveform(ns)         Period(ns)      Frequency(MHz)
-----                            ------------         ----------      --------------
camera_video/xtime/inst/clk_in1  {0.000 5.000}        10.000          100.000         
  clk_200Mhz_clk_wiz_0           {0.000 2.500}        5.000           200.000         
  clk_5Mhz_clk_wiz_0             {0.000 100.000}      200.000         5.000           
  clk_camera_clk_wiz_0           {0.000 41.667}       83.333          12.000          
  clkfbout_clk_wiz_0             {0.000 5.000}        10.000          100.000         
sys_clk_pin                      {0.000 5.000}        10.000          100.000         


------------------------------------------------------------------------------------------------
| Intra Clock Table
| -----------------
------------------------------------------------------------------------------------------------

Clock                                WNS(ns)      TNS(ns)  TNS Failing Endpoints  TNS Total Endpoints      WHS(ns)      THS(ns)  THS Failing Endpoints  THS Total Endpoints     WPWS(ns)     TPWS(ns)  TPWS Failing Endpoints  TPWS Total Endpoints  
-----                                -------      -------  ---------------------  -------------------      -------      -------  ---------------------  -------------------     --------     --------  ----------------------  --------------------  
camera_video/xtime/inst/clk_in1                                                                                                                                                    3.000        0.000                       0                     1  
  clk_200Mhz_clk_wiz_0                 1.074        0.000                      0                   51        0.206        0.000                      0                   51        2.000        0.000                       0                    28  
  clk_5Mhz_clk_wiz_0                 195.784        0.000                      0                   32        0.213        0.000                      0                   32       13.360        0.000                       0                    24  
  clk_camera_clk_wiz_0                80.911        0.000                      0                   14        0.210        0.000                      0                   14       41.167        0.000                       0                    10  
  clkfbout_clk_wiz_0                                                                                                                                                               7.845        0.000                       0                     3  
sys_clk_pin                            4.325        0.000                      0                  205        0.052        0.000                      0                  205        4.020        0.000                       0                   166  


------------------------------------------------------------------------------------------------
| Inter Clock Table
| -----------------
------------------------------------------------------------------------------------------------

From Clock    To Clock          WNS(ns)      TNS(ns)  TNS Failing Endpoints  TNS Total Endpoints      WHS(ns)      THS(ns)  THS Failing Endpoints  THS Total Endpoints  
----------    --------          -------      -------  ---------------------  -------------------      -------      -------  ---------------------  -------------------  


------------------------------------------------------------------------------------------------
| Other Path Groups Table
| -----------------------
------------------------------------------------------------------------------------------------

Path Group    From Clock    To Clock          WNS(ns)      TNS(ns)  TNS Failing Endpoints  TNS Total Endpoints      WHS(ns)      THS(ns)  THS Failing Endpoints  THS Total Endpoints  
----------    ----------    --------          -------      -------  ---------------------  -------------------      -------      -------  ---------------------  -------------------  


------------------------------------------------------------------------------------------------
| User Ignored Path Table
| -----------------------
------------------------------------------------------------------------------------------------

Path Group    From Clock    To Clock    
----------    ----------    --------    


------------------------------------------------------------------------------------------------
| Unconstrained Path Table
| ------------------------
------------------------------------------------------------------------------------------------

Path Group            From Clock            To Clock            
----------            ----------            --------            
(none)                                                            
(none)                clk_200Mhz_clk_wiz_0                        
(none)                clk_5Mhz_clk_wiz_0                          
(none)                clk_camera_clk_wiz_0                        
(none)                sys_clk_pin                                 
(none)                                      clk_5Mhz_clk_wiz_0    
(none)                                      sys_clk_pin           


------------------------------------------------------------------------------------------------
| Timing Details
| --------------
------------------------------------------------------------------------------------------------


---------------------------------------------------------------------------------------------------
From Clock:  camera_video/xtime/inst/clk_in1
  To Clock:  camera_video/xtime/inst/clk_in1

Setup :           NA  Failing Endpoints,  Worst Slack           NA  ,  Total Violation           NA
Hold  :           NA  Failing Endpoints,  Worst Slack           NA  ,  Total Violation           NA
PW    :            0  Failing Endpoints,  Worst Slack        3.000ns,  Total Violation        0.000ns
---------------------------------------------------------------------------------------------------


Pulse Width Checks
--------------------------------------------------------------------------------------
Clock Name:         camera_video/xtime/inst/clk_in1
Waveform(ns):       { 0.000 5.000 }
Period(ns):         10.000
Sources:            { camera_video/xtime/inst/clk_in1 }

Check Type        Corner  Lib Pin            Reference Pin  Required(ns)  Actual(ns)  Slack(ns)  Location         Pin
Min Period        n/a     MMCME2_ADV/CLKIN1  n/a            1.249         10.000      8.751      MMCME2_ADV_X0Y0  camera_video/xtime/inst/mmcm_adv_inst/CLKIN1
Max Period        n/a     MMCME2_ADV/CLKIN1  n/a            100.000       10.000      90.000     MMCME2_ADV_X0Y0  camera_video/xtime/inst/mmcm_adv_inst/CLKIN1
Low Pulse Width   Slow    MMCME2_ADV/CLKIN1  n/a            2.000         5.000       3.000      MMCME2_ADV_X0Y0  camera_video/xtime/inst/mmcm_adv_inst/CLKIN1
Low Pulse Width   Fast    MMCME2_ADV/CLKIN1  n/a            2.000         5.000       3.000      MMCME2_ADV_X0Y0  camera_video/xtime/inst/mmcm_adv_inst/CLKIN1
High Pulse Width  Slow    MMCME2_ADV/CLKIN1  n/a            2.000         5.000       3.000      MMCME2_ADV_X0Y0  camera_video/xtime/inst/mmcm_adv_inst/CLKIN1
High Pulse Width  Fast    MMCME2_ADV/CLKIN1  n/a            2.000         5.000       3.000      MMCME2_ADV_X0Y0  camera_video/xtime/inst/mmcm_adv_inst/CLKIN1



---------------------------------------------------------------------------------------------------
From Clock:  clk_200Mhz_clk_wiz_0
  To Clock:  clk_200Mhz_clk_wiz_0

Setup :            0  Failing Endpoints,  Worst Slack        1.074ns,  Total Violation        0.000ns
Hold  :            0  Failing Endpoints,  Worst Slack        0.206ns,  Total Violation        0.000ns
PW    :            0  Failing Endpoints,  Worst Slack        2.000ns,  Total Violation        0.000ns
---------------------------------------------------------------------------------------------------


Max Delay Paths
--------------------------------------------------------------------------------------
Slack (MET) :             1.074ns  (required time - arrival time)
  Source:                 camera_video/do_reset.Delay_reg[5]/C
                            (rising edge-triggered cell FDRE clocked by clk_200Mhz_clk_wiz_0  {rise@0.000ns fall@2.500ns period=5.000ns})
  Destination:            camera_video/do_reset.Delay_reg[24]/CE
                            (rising edge-triggered cell FDRE clocked by clk_200Mhz_clk_wiz_0  {rise@0.000ns fall@2.500ns period=5.000ns})
  Path Group:             clk_200Mhz_clk_wiz_0
  Path Type:              Setup (Max at Slow Process Corner)
  Requirement:            5.000ns  (clk_200Mhz_clk_wiz_0 rise@5.000ns - clk_200Mhz_clk_wiz_0 rise@0.000ns)
  Data Path Delay:        3.394ns  (logic 0.766ns (22.570%)  route 2.628ns (77.430%))
  Logic Levels:           2  (LUT5=1 LUT6=1)
  Clock Path Skew:        -0.288ns (DCD - SCD + CPR)
    Destination Clock Delay (DCD):    1.522ns = ( 6.522 - 5.000 ) 
    Source Clock Delay      (SCD):    1.818ns
    Clock Pessimism Removal (CPR):    0.008ns
  Clock Uncertainty:      0.075ns  ((TSJ^2 + DJ^2)^1/2) / 2 + PE
    Total System Jitter     (TSJ):    0.071ns
    Discrete Jitter          (DJ):    0.132ns
    Phase Error              (PE):    0.000ns

    Location             Delay type                Incr(ns)  Path(ns)    Netlist Resource(s)
  -------------------------------------------------------------------    -------------------
                         (clock clk_200Mhz_clk_wiz_0 rise edge)
                                                      0.000     0.000 r  
    BUFGCTRL_X0Y4        BUFG                         0.000     0.000 r  clock_IBUF_BUFG_inst/O
                         net (fo=166, routed)         1.807     1.807    camera_video/xtime/inst/clk_in1
    MMCME2_ADV_X0Y0      MMCME2_ADV (Prop_mmcme2_adv_CLKIN1_CLKOUT0)
                                                     -3.922    -2.114 r  camera_video/xtime/inst/mmcm_adv_inst/CLKOUT0
                         net (fo=1, routed)           2.018    -0.096    camera_video/xtime/inst/clk_200Mhz_clk_wiz_0
    BUFGCTRL_X0Y6        BUFG (Prop_bufg_I_O)         0.096    -0.000 r  camera_video/xtime/inst/clkout1_buf/O
                         net (fo=26, routed)          1.818     1.818    camera_video/clk_200Mhz
    SLICE_X14Y46         FDRE                                         r  camera_video/do_reset.Delay_reg[5]/C
  -------------------------------------------------------------------    -------------------
    SLICE_X14Y46         FDRE (Prop_fdre_C_Q)         0.518     2.336 r  camera_video/do_reset.Delay_reg[5]/Q
                         net (fo=2, routed)           1.048     3.385    camera_video/do_reset.Delay_reg[5]
    SLICE_X15Y46         LUT6 (Prop_lut6_I0_O)        0.124     3.509 r  camera_video/do_reset.Delay[0]_i_3/O
                         net (fo=1, routed)           0.761     4.270    camera_video/do_reset.Delay[0]_i_3_n_0
    SLICE_X15Y47         LUT5 (Prop_lut5_I0_O)        0.124     4.394 r  camera_video/do_reset.Delay[0]_i_1/O
                         net (fo=26, routed)          0.818     5.212    camera_video/do_reset.Delay[0]_i_1_n_0
    SLICE_X14Y51         FDRE                                         r  camera_video/do_reset.Delay_reg[24]/CE
  -------------------------------------------------------------------    -------------------

                         (clock clk_200Mhz_clk_wiz_0 rise edge)
                                                      5.000     5.000 r  
    BUFGCTRL_X0Y4        BUFG                         0.000     5.000 r  clock_IBUF_BUFG_inst/O
                         net (fo=166, routed)         1.680     6.680    camera_video/xtime/inst/clk_in1
    MMCME2_ADV_X0Y0      MMCME2_ADV (Prop_mmcme2_adv_CLKIN1_CLKOUT0)
                                                     -3.694     2.986 r  camera_video/xtime/inst/mmcm_adv_inst/CLKOUT0
                         net (fo=1, routed)           1.923     4.909    camera_video/xtime/inst/clk_200Mhz_clk_wiz_0
    BUFGCTRL_X0Y6        BUFG (Prop_bufg_I_O)         0.091     5.000 r  camera_video/xtime/inst/clkout1_buf/O
                         net (fo=26, routed)          1.522     6.522    camera_video/clk_200Mhz
    SLICE_X14Y51         FDRE                                         r  camera_video/do_reset.Delay_reg[24]/C
                         clock pessimism              0.008     6.530    
                         clock uncertainty           -0.075     6.455    
    SLICE_X14Y51         FDRE (Setup_fdre_C_CE)      -0.169     6.286    camera_video/do_reset.Delay_reg[24]
  -------------------------------------------------------------------
                         required time                          6.286    
                         arrival time                          -5.212    
  -------------------------------------------------------------------
                         slack                                  1.074    

Slack (MET) :             1.239ns  (required time - arrival time)
  Source:                 camera_video/do_reset.Delay_reg[5]/C
                            (rising edge-triggered cell FDRE clocked by clk_200Mhz_clk_wiz_0  {rise@0.000ns fall@2.500ns period=5.000ns})
  Destination:            camera_video/do_reset.Delay_reg[20]/CE
                            (rising edge-triggered cell FDRE clocked by clk_200Mhz_clk_wiz_0  {rise@0.000ns fall@2.500ns period=5.000ns})
  Path Group:             clk_200Mhz_clk_wiz_0
  Path Type:              Setup (Max at Slow Process Corner)
  Requirement:            5.000ns  (clk_200Mhz_clk_wiz_0 rise@5.000ns - clk_200Mhz_clk_wiz_0 rise@0.000ns)
  Data Path Delay:        3.229ns  (logic 0.766ns (23.725%)  route 2.463ns (76.275%))
  Logic Levels:           2  (LUT5=1 LUT6=1)
  Clock Path Skew:        -0.288ns (DCD - SCD + CPR)
    Destination Clock Delay (DCD):    1.522ns = ( 6.522 - 5.000 ) 
    Source Clock Delay      (SCD):    1.818ns
    Clock Pessimism Removal (CPR):    0.008ns
  Clock Uncertainty:      0.075ns  ((TSJ^2 + DJ^2)^1/2) / 2 + PE
    Total System Jitter     (TSJ):    0.071ns
    Discrete Jitter          (DJ):    0.132ns
    Phase Error              (PE):    0.000ns

    Location             Delay type                Incr(ns)  Path(ns)    Netlist Resource(s)
  -------------------------------------------------------------------    -------------------
                         (clock clk_200Mhz_clk_wiz_0 rise edge)
                                                      0.000     0.000 r  
    BUFGCTRL_X0Y4        BUFG                         0.000     0.000 r  clock_IBUF_BUFG_inst/O
                         net (fo=166, routed)         1.807     1.807    camera_video/xtime/inst/clk_in1
    MMCME2_ADV_X0Y0      MMCME2_ADV (Prop_mmcme2_adv_CLKIN1_CLKOUT0)
                                                     -3.922    -2.114 r  camera_video/xtime/inst/mmcm_adv_inst/CLKOUT0
                         net (fo=1, routed)           2.018    -0.096    camera_video/xtime/inst/clk_200Mhz_clk_wiz_0
    BUFGCTRL_X0Y6        BUFG (Prop_bufg_I_O)         0.096    -0.000 r  camera_video/xtime/inst/clkout1_buf/O
                         net (fo=26, routed)          1.818     1.818    camera_video/clk_200Mhz
    SLICE_X14Y46         FDRE                                         r  camera_video/do_reset.Delay_reg[5]/C
  -------------------------------------------------------------------    -------------------
    SLICE_X14Y46         FDRE (Prop_fdre_C_Q)         0.518     2.336 r  camera_video/do_reset.Delay_reg[5]/Q
                         net (fo=2, routed)           1.048     3.385    camera_video/do_reset.Delay_reg[5]
    SLICE_X15Y46         LUT6 (Prop_lut6_I0_O)        0.124     3.509 r  camera_video/do_reset.Delay[0]_i_3/O
                         net (fo=1, routed)           0.761     4.270    camera_video/do_reset.Delay[0]_i_3_n_0
    SLICE_X15Y47         LUT5 (Prop_lut5_I0_O)        0.124     4.394 r  camera_video/do_reset.Delay[0]_i_1/O
                         net (fo=26, routed)          0.653     5.047    camera_video/do_reset.Delay[0]_i_1_n_0
    SLICE_X14Y50         FDRE                                         r  camera_video/do_reset.Delay_reg[20]/CE
  -------------------------------------------------------------------    -------------------

                         (clock clk_200Mhz_clk_wiz_0 rise edge)
                                                      5.000     5.000 r  
    BUFGCTRL_X0Y4        BUFG                         0.000     5.000 r  clock_IBUF_BUFG_inst/O
                         net (fo=166, routed)         1.680     6.680    camera_video/xtime/inst/clk_in1
    MMCME2_ADV_X0Y0      MMCME2_ADV (Prop_mmcme2_adv_CLKIN1_CLKOUT0)
                                                     -3.694     2.986 r  camera_video/xtime/inst/mmcm_adv_inst/CLKOUT0
                         net (fo=1, routed)           1.923     4.909    camera_video/xtime/inst/clk_200Mhz_clk_wiz_0
    BUFGCTRL_X0Y6        BUFG (Prop_bufg_I_O)         0.091     5.000 r  camera_video/xtime/inst/clkout1_buf/O
                         net (fo=26, routed)          1.522     6.522    camera_video/clk_200Mhz
    SLICE_X14Y50         FDRE                                         r  camera_video/do_reset.Delay_reg[20]/C
                         clock pessimism              0.008     6.530    
                         clock uncertainty           -0.075     6.455    
    SLICE_X14Y50         FDRE (Setup_fdre_C_CE)      -0.169     6.286    camera_video/do_reset.Delay_reg[20]
  -------------------------------------------------------------------
                         required time                          6.286    
                         arrival time                          -5.047    
  -------------------------------------------------------------------
                         slack                                  1.239    

Slack (MET) :             1.239ns  (required time - arrival time)
  Source:                 camera_video/do_reset.Delay_reg[5]/C
                            (rising edge-triggered cell FDRE clocked by clk_200Mhz_clk_wiz_0  {rise@0.000ns fall@2.500ns period=5.000ns})
  Destination:            camera_video/do_reset.Delay_reg[21]/CE
                            (rising edge-triggered cell FDRE clocked by clk_200Mhz_clk_wiz_0  {rise@0.000ns fall@2.500ns period=5.000ns})
  Path Group:             clk_200Mhz_clk_wiz_0
  Path Type:              Setup (Max at Slow Process Corner)
  Requirement:            5.000ns  (clk_200Mhz_clk_wiz_0 rise@5.000ns - clk_200Mhz_clk_wiz_0 rise@0.000ns)
  Data Path Delay:        3.229ns  (logic 0.766ns (23.725%)  route 2.463ns (76.275%))
  Logic Levels:           2  (LUT5=1 LUT6=1)
  Clock Path Skew:        -0.288ns (DCD - SCD + CPR)
    Destination Clock Delay (DCD):    1.522ns = ( 6.522 - 5.000 ) 
    Source Clock Delay      (SCD):    1.818ns
    Clock Pessimism Removal (CPR):    0.008ns
  Clock Uncertainty:      0.075ns  ((TSJ^2 + DJ^2)^1/2) / 2 + PE
    Total System Jitter     (TSJ):    0.071ns
    Discrete Jitter          (DJ):    0.132ns
    Phase Error              (PE):    0.000ns

    Location             Delay type                Incr(ns)  Path(ns)    Netlist Resource(s)
  -------------------------------------------------------------------    -------------------
                         (clock clk_200Mhz_clk_wiz_0 rise edge)
                                                      0.000     0.000 r  
    BUFGCTRL_X0Y4        BUFG                         0.000     0.000 r  clock_IBUF_BUFG_inst/O
                         net (fo=166, routed)         1.807     1.807    camera_video/xtime/inst/clk_in1
    MMCME2_ADV_X0Y0      MMCME2_ADV (Prop_mmcme2_adv_CLKIN1_CLKOUT0)
                                                     -3.922    -2.114 r  camera_video/xtime/inst/mmcm_adv_inst/CLKOUT0
                         net (fo=1, routed)           2.018    -0.096    camera_video/xtime/inst/clk_200Mhz_clk_wiz_0
    BUFGCTRL_X0Y6        BUFG (Prop_bufg_I_O)         0.096    -0.000 r  camera_video/xtime/inst/clkout1_buf/O
                         net (fo=26, routed)          1.818     1.818    camera_video/clk_200Mhz
    SLICE_X14Y46         FDRE                                         r  camera_video/do_reset.Delay_reg[5]/C
  -------------------------------------------------------------------    -------------------
    SLICE_X14Y46         FDRE (Prop_fdre_C_Q)         0.518     2.336 r  camera_video/do_reset.Delay_reg[5]/Q
                         net (fo=2, routed)           1.048     3.385    camera_video/do_reset.Delay_reg[5]
    SLICE_X15Y46         LUT6 (Prop_lut6_I0_O)        0.124     3.509 r  camera_video/do_reset.Delay[0]_i_3/O
                         net (fo=1, routed)           0.761     4.270    camera_video/do_reset.Delay[0]_i_3_n_0
    SLICE_X15Y47         LUT5 (Prop_lut5_I0_O)        0.124     4.394 r  camera_video/do_reset.Delay[0]_i_1/O
                         net (fo=26, routed)          0.653     5.047    camera_video/do_reset.Delay[0]_i_1_n_0
    SLICE_X14Y50         FDRE                                         r  camera_video/do_reset.Delay_reg[21]/CE
  -------------------------------------------------------------------    -------------------

                         (clock clk_200Mhz_clk_wiz_0 rise edge)
                                                      5.000     5.000 r  
    BUFGCTRL_X0Y4        BUFG                         0.000     5.000 r  clock_IBUF_BUFG_inst/O
                         net (fo=166, routed)         1.680     6.680    camera_video/xtime/inst/clk_in1
    MMCME2_ADV_X0Y0      MMCME2_ADV (Prop_mmcme2_adv_CLKIN1_CLKOUT0)
                                                     -3.694     2.986 r  camera_video/xtime/inst/mmcm_adv_inst/CLKOUT0
                         net (fo=1, routed)           1.923     4.909    camera_video/xtime/inst/clk_200Mhz_clk_wiz_0
    BUFGCTRL_X0Y6        BUFG (Prop_bufg_I_O)         0.091     5.000 r  camera_video/xtime/inst/clkout1_buf/O
                         net (fo=26, routed)          1.522     6.522    camera_video/clk_200Mhz
    SLICE_X14Y50         FDRE                                         r  camera_video/do_reset.Delay_reg[21]/C
                         clock pessimism              0.008     6.530    
                         clock uncertainty           -0.075     6.455    
    SLICE_X14Y50         FDRE (Setup_fdre_C_CE)      -0.169     6.286    camera_video/do_reset.Delay_reg[21]
  -------------------------------------------------------------------
                         required time                          6.286    
                         arrival time                          -5.047    
  -------------------------------------------------------------------
                         slack                                  1.239    

Slack (MET) :             1.239ns  (required time - arrival time)
  Source:                 camera_video/do_reset.Delay_reg[5]/C
                            (rising edge-triggered cell FDRE clocked by clk_200Mhz_clk_wiz_0  {rise@0.000ns fall@2.500ns period=5.000ns})
  Destination:            camera_video/do_reset.Delay_reg[22]/CE
                            (rising edge-triggered cell FDRE clocked by clk_200Mhz_clk_wiz_0  {rise@0.000ns fall@2.500ns period=5.000ns})
  Path Group:             clk_200Mhz_clk_wiz_0
  Path Type:              Setup (Max at Slow Process Corner)
  Requirement:            5.000ns  (clk_200Mhz_clk_wiz_0 rise@5.000ns - clk_200Mhz_clk_wiz_0 rise@0.000ns)
  Data Path Delay:        3.229ns  (logic 0.766ns (23.725%)  route 2.463ns (76.275%))
  Logic Levels:           2  (LUT5=1 LUT6=1)
  Clock Path Skew:        -0.288ns (DCD - SCD + CPR)
    Destination Clock Delay (DCD):    1.522ns = ( 6.522 - 5.000 ) 
    Source Clock Delay      (SCD):    1.818ns
    Clock Pessimism Removal (CPR):    0.008ns
  Clock Uncertainty:      0.075ns  ((TSJ^2 + DJ^2)^1/2) / 2 + PE
    Total System Jitter     (TSJ):    0.071ns
    Discrete Jitter          (DJ):    0.132ns
    Phase Error              (PE):    0.000ns

    Location             Delay type                Incr(ns)  Path(ns)    Netlist Resource(s)
  -------------------------------------------------------------------    -------------------
                         (clock clk_200Mhz_clk_wiz_0 rise edge)
                                                      0.000     0.000 r  
    BUFGCTRL_X0Y4        BUFG                         0.000     0.000 r  clock_IBUF_BUFG_inst/O
                         net (fo=166, routed)         1.807     1.807    camera_video/xtime/inst/clk_in1
    MMCME2_ADV_X0Y0      MMCME2_ADV (Prop_mmcme2_adv_CLKIN1_CLKOUT0)
                                                     -3.922    -2.114 r  camera_video/xtime/inst/mmcm_adv_inst/CLKOUT0
                         net (fo=1, routed)           2.018    -0.096    camera_video/xtime/inst/clk_200Mhz_clk_wiz_0
    BUFGCTRL_X0Y6        BUFG (Prop_bufg_I_O)         0.096    -0.000 r  camera_video/xtime/inst/clkout1_buf/O
                         net (fo=26, routed)          1.818     1.818    camera_video/clk_200Mhz
    SLICE_X14Y46         FDRE                                         r  camera_video/do_reset.Delay_reg[5]/C
  -------------------------------------------------------------------    -------------------
    SLICE_X14Y46         FDRE (Prop_fdre_C_Q)         0.518     2.336 r  camera_video/do_reset.Delay_reg[5]/Q
                         net (fo=2, routed)           1.048     3.385    camera_video/do_reset.Delay_reg[5]
    SLICE_X15Y46         LUT6 (Prop_lut6_I0_O)        0.124     3.509 r  camera_video/do_reset.Delay[0]_i_3/O
                         net (fo=1, routed)           0.761     4.270    camera_video/do_reset.Delay[0]_i_3_n_0
    SLICE_X15Y47         LUT5 (Prop_lut5_I0_O)        0.124     4.394 r  camera_video/do_reset.Delay[0]_i_1/O
                         net (fo=26, routed)          0.653     5.047    camera_video/do_reset.Delay[0]_i_1_n_0
    SLICE_X14Y50         FDRE                                         r  camera_video/do_reset.Delay_reg[22]/CE
  -------------------------------------------------------------------    -------------------

                         (clock clk_200Mhz_clk_wiz_0 rise edge)
                                                      5.000     5.000 r  
    BUFGCTRL_X0Y4        BUFG                         0.000     5.000 r  clock_IBUF_BUFG_inst/O
                         net (fo=166, routed)         1.680     6.680    camera_video/xtime/inst/clk_in1
    MMCME2_ADV_X0Y0      MMCME2_ADV (Prop_mmcme2_adv_CLKIN1_CLKOUT0)
                                                     -3.694     2.986 r  camera_video/xtime/inst/mmcm_adv_inst/CLKOUT0
                         net (fo=1, routed)           1.923     4.909    camera_video/xtime/inst/clk_200Mhz_clk_wiz_0
    BUFGCTRL_X0Y6        BUFG (Prop_bufg_I_O)         0.091     5.000 r  camera_video/xtime/inst/clkout1_buf/O
                         net (fo=26, routed)          1.522     6.522    camera_video/clk_200Mhz
    SLICE_X14Y50         FDRE                                         r  camera_video/do_reset.Delay_reg[22]/C
                         clock pessimism              0.008     6.530    
                         clock uncertainty           -0.075     6.455    
    SLICE_X14Y50         FDRE (Setup_fdre_C_CE)      -0.169     6.286    camera_video/do_reset.Delay_reg[22]
  -------------------------------------------------------------------
                         required time                          6.286    
                         arrival time                          -5.047    
  -------------------------------------------------------------------
                         slack                                  1.239    

Slack (MET) :             1.239ns  (required time - arrival time)
  Source:                 camera_video/do_reset.Delay_reg[5]/C
                            (rising edge-triggered cell FDRE clocked by clk_200Mhz_clk_wiz_0  {rise@0.000ns fall@2.500ns period=5.000ns})
  Destination:            camera_video/do_reset.Delay_reg[23]/CE
                            (rising edge-triggered cell FDRE clocked by clk_200Mhz_clk_wiz_0  {rise@0.000ns fall@2.500ns period=5.000ns})
  Path Group:             clk_200Mhz_clk_wiz_0
  Path Type:              Setup (Max at Slow Process Corner)
  Requirement:            5.000ns  (clk_200Mhz_clk_wiz_0 rise@5.000ns - clk_200Mhz_clk_wiz_0 rise@0.000ns)
  Data Path Delay:        3.229ns  (logic 0.766ns (23.725%)  route 2.463ns (76.275%))
  Logic Levels:           2  (LUT5=1 LUT6=1)
  Clock Path Skew:        -0.288ns (DCD - SCD + CPR)
    Destination Clock Delay (DCD):    1.522ns = ( 6.522 - 5.000 ) 
    Source Clock Delay      (SCD):    1.818ns
    Clock Pessimism Removal (CPR):    0.008ns
  Clock Uncertainty:      0.075ns  ((TSJ^2 + DJ^2)^1/2) / 2 + PE
    Total System Jitter     (TSJ):    0.071ns
    Discrete Jitter          (DJ):    0.132ns
    Phase Error              (PE):    0.000ns

    Location             Delay type                Incr(ns)  Path(ns)    Netlist Resource(s)
  -------------------------------------------------------------------    -------------------
                         (clock clk_200Mhz_clk_wiz_0 rise edge)
                                                      0.000     0.000 r  
    BUFGCTRL_X0Y4        BUFG                         0.000     0.000 r  clock_IBUF_BUFG_inst/O
                         net (fo=166, routed)         1.807     1.807    camera_video/xtime/inst/clk_in1
    MMCME2_ADV_X0Y0      MMCME2_ADV (Prop_mmcme2_adv_CLKIN1_CLKOUT0)
                                                     -3.922    -2.114 r  camera_video/xtime/inst/mmcm_adv_inst/CLKOUT0
                         net (fo=1, routed)           2.018    -0.096    camera_video/xtime/inst/clk_200Mhz_clk_wiz_0
    BUFGCTRL_X0Y6        BUFG (Prop_bufg_I_O)         0.096    -0.000 r  camera_video/xtime/inst/clkout1_buf/O
                         net (fo=26, routed)          1.818     1.818    camera_video/clk_200Mhz
    SLICE_X14Y46         FDRE                                         r  camera_video/do_reset.Delay_reg[5]/C
  -------------------------------------------------------------------    -------------------
    SLICE_X14Y46         FDRE (Prop_fdre_C_Q)         0.518     2.336 r  camera_video/do_reset.Delay_reg[5]/Q
                         net (fo=2, routed)           1.048     3.385    camera_video/do_reset.Delay_reg[5]
    SLICE_X15Y46         LUT6 (Prop_lut6_I0_O)        0.124     3.509 r  camera_video/do_reset.Delay[0]_i_3/O
                         net (fo=1, routed)           0.761     4.270    camera_video/do_reset.Delay[0]_i_3_n_0
    SLICE_X15Y47         LUT5 (Prop_lut5_I0_O)        0.124     4.394 r  camera_video/do_reset.Delay[0]_i_1/O
                         net (fo=26, routed)          0.653     5.047    camera_video/do_reset.Delay[0]_i_1_n_0
    SLICE_X14Y50         FDRE                                         r  camera_video/do_reset.Delay_reg[23]/CE
  -------------------------------------------------------------------    -------------------

                         (clock clk_200Mhz_clk_wiz_0 rise edge)
                                                      5.000     5.000 r  
    BUFGCTRL_X0Y4        BUFG                         0.000     5.000 r  clock_IBUF_BUFG_inst/O
                         net (fo=166, routed)         1.680     6.680    camera_video/xtime/inst/clk_in1
    MMCME2_ADV_X0Y0      MMCME2_ADV (Prop_mmcme2_adv_CLKIN1_CLKOUT0)
                                                     -3.694     2.986 r  camera_video/xtime/inst/mmcm_adv_inst/CLKOUT0
                         net (fo=1, routed)           1.923     4.909    camera_video/xtime/inst/clk_200Mhz_clk_wiz_0
    BUFGCTRL_X0Y6        BUFG (Prop_bufg_I_O)         0.091     5.000 r  camera_video/xtime/inst/clkout1_buf/O
                         net (fo=26, routed)          1.522     6.522    camera_video/clk_200Mhz
    SLICE_X14Y50         FDRE                                         r  camera_video/do_reset.Delay_reg[23]/C
                         clock pessimism              0.008     6.530    
                         clock uncertainty           -0.075     6.455    
    SLICE_X14Y50         FDRE (Setup_fdre_C_CE)      -0.169     6.286    camera_video/do_reset.Delay_reg[23]
  -------------------------------------------------------------------
                         required time                          6.286    
                         arrival time                          -5.047    
  -------------------------------------------------------------------
                         slack                                  1.239    

Slack (MET) :             1.481ns  (required time - arrival time)
  Source:                 camera_video/do_reset.Delay_reg[5]/C
                            (rising edge-triggered cell FDRE clocked by clk_200Mhz_clk_wiz_0  {rise@0.000ns fall@2.500ns period=5.000ns})
  Destination:            camera_video/do_reset.Delay_reg[16]/CE
                            (rising edge-triggered cell FDRE clocked by clk_200Mhz_clk_wiz_0  {rise@0.000ns fall@2.500ns period=5.000ns})
  Path Group:             clk_200Mhz_clk_wiz_0
  Path Type:              Setup (Max at Slow Process Corner)
  Requirement:            5.000ns  (clk_200Mhz_clk_wiz_0 rise@5.000ns - clk_200Mhz_clk_wiz_0 rise@0.000ns)
  Data Path Delay:        3.251ns  (logic 0.766ns (23.565%)  route 2.485ns (76.435%))
  Logic Levels:           2  (LUT5=1 LUT6=1)
  Clock Path Skew:        -0.024ns (DCD - SCD + CPR)
    Destination Clock Delay (DCD):    1.690ns = ( 6.690 - 5.000 ) 
    Source Clock Delay      (SCD):    1.818ns
    Clock Pessimism Removal (CPR):    0.104ns
  Clock Uncertainty:      0.075ns  ((TSJ^2 + DJ^2)^1/2) / 2 + PE
    Total System Jitter     (TSJ):    0.071ns
    Discrete Jitter          (DJ):    0.132ns
    Phase Error              (PE):    0.000ns

    Location             Delay type                Incr(ns)  Path(ns)    Netlist Resource(s)
  -------------------------------------------------------------------    -------------------
                         (clock clk_200Mhz_clk_wiz_0 rise edge)
                                                      0.000     0.000 r  
    BUFGCTRL_X0Y4        BUFG                         0.000     0.000 r  clock_IBUF_BUFG_inst/O
                         net (fo=166, routed)         1.807     1.807    camera_video/xtime/inst/clk_in1
    MMCME2_ADV_X0Y0      MMCME2_ADV (Prop_mmcme2_adv_CLKIN1_CLKOUT0)
                                                     -3.922    -2.114 r  camera_video/xtime/inst/mmcm_adv_inst/CLKOUT0
                         net (fo=1, routed)           2.018    -0.096    camera_video/xtime/inst/clk_200Mhz_clk_wiz_0
    BUFGCTRL_X0Y6        BUFG (Prop_bufg_I_O)         0.096    -0.000 r  camera_video/xtime/inst/clkout1_buf/O
                         net (fo=26, routed)          1.818     1.818    camera_video/clk_200Mhz
    SLICE_X14Y46         FDRE                                         r  camera_video/do_reset.Delay_reg[5]/C
  -------------------------------------------------------------------    -------------------
    SLICE_X14Y46         FDRE (Prop_fdre_C_Q)         0.518     2.336 r  camera_video/do_reset.Delay_reg[5]/Q
                         net (fo=2, routed)           1.048     3.385    camera_video/do_reset.Delay_reg[5]
    SLICE_X15Y46         LUT6 (Prop_lut6_I0_O)        0.124     3.509 r  camera_video/do_reset.Delay[0]_i_3/O
                         net (fo=1, routed)           0.761     4.270    camera_video/do_reset.Delay[0]_i_3_n_0
    SLICE_X15Y47         LUT5 (Prop_lut5_I0_O)        0.124     4.394 r  camera_video/do_reset.Delay[0]_i_1/O
                         net (fo=26, routed)          0.675     5.069    camera_video/do_reset.Delay[0]_i_1_n_0
    SLICE_X14Y49         FDRE                                         r  camera_video/do_reset.Delay_reg[16]/CE
  -------------------------------------------------------------------    -------------------

                         (clock clk_200Mhz_clk_wiz_0 rise edge)
                                                      5.000     5.000 r  
    BUFGCTRL_X0Y4        BUFG                         0.000     5.000 r  clock_IBUF_BUFG_inst/O
                         net (fo=166, routed)         1.680     6.680    camera_video/xtime/inst/clk_in1
    MMCME2_ADV_X0Y0      MMCME2_ADV (Prop_mmcme2_adv_CLKIN1_CLKOUT0)
                                                     -3.694     2.986 r  camera_video/xtime/inst/mmcm_adv_inst/CLKOUT0
                         net (fo=1, routed)           1.923     4.909    camera_video/xtime/inst/clk_200Mhz_clk_wiz_0
    BUFGCTRL_X0Y6        BUFG (Prop_bufg_I_O)         0.091     5.000 r  camera_video/xtime/inst/clkout1_buf/O
                         net (fo=26, routed)          1.690     6.690    camera_video/clk_200Mhz
    SLICE_X14Y49         FDRE                                         r  camera_video/do_reset.Delay_reg[16]/C
                         clock pessimism              0.104     6.794    
                         clock uncertainty           -0.075     6.719    
    SLICE_X14Y49         FDRE (Setup_fdre_C_CE)      -0.169     6.550    camera_video/do_reset.Delay_reg[16]
  -------------------------------------------------------------------
                         required time                          6.550    
                         arrival time                          -5.069    
  -------------------------------------------------------------------
                         slack                                  1.481    

Slack (MET) :             1.481ns  (required time - arrival time)
  Source:                 camera_video/do_reset.Delay_reg[5]/C
                            (rising edge-triggered cell FDRE clocked by clk_200Mhz_clk_wiz_0  {rise@0.000ns fall@2.500ns period=5.000ns})
  Destination:            camera_video/do_reset.Delay_reg[17]/CE
                            (rising edge-triggered cell FDRE clocked by clk_200Mhz_clk_wiz_0  {rise@0.000ns fall@2.500ns period=5.000ns})
  Path Group:             clk_200Mhz_clk_wiz_0
  Path Type:              Setup (Max at Slow Process Corner)
  Requirement:            5.000ns  (clk_200Mhz_clk_wiz_0 rise@5.000ns - clk_200Mhz_clk_wiz_0 rise@0.000ns)
  Data Path Delay:        3.251ns  (logic 0.766ns (23.565%)  route 2.485ns (76.435%))
  Logic Levels:           2  (LUT5=1 LUT6=1)
  Clock Path Skew:        -0.024ns (DCD - SCD + CPR)
    Destination Clock Delay (DCD):    1.690ns = ( 6.690 - 5.000 ) 
    Source Clock Delay      (SCD):    1.818ns
    Clock Pessimism Removal (CPR):    0.104ns
  Clock Uncertainty:      0.075ns  ((TSJ^2 + DJ^2)^1/2) / 2 + PE
    Total System Jitter     (TSJ):    0.071ns
    Discrete Jitter          (DJ):    0.132ns
    Phase Error              (PE):    0.000ns

    Location             Delay type                Incr(ns)  Path(ns)    Netlist Resource(s)
  -------------------------------------------------------------------    -------------------
                         (clock clk_200Mhz_clk_wiz_0 rise edge)
                                                      0.000     0.000 r  
    BUFGCTRL_X0Y4        BUFG                         0.000     0.000 r  clock_IBUF_BUFG_inst/O
                         net (fo=166, routed)         1.807     1.807    camera_video/xtime/inst/clk_in1
    MMCME2_ADV_X0Y0      MMCME2_ADV (Prop_mmcme2_adv_CLKIN1_CLKOUT0)
                                                     -3.922    -2.114 r  camera_video/xtime/inst/mmcm_adv_inst/CLKOUT0
                         net (fo=1, routed)           2.018    -0.096    camera_video/xtime/inst/clk_200Mhz_clk_wiz_0
    BUFGCTRL_X0Y6        BUFG (Prop_bufg_I_O)         0.096    -0.000 r  camera_video/xtime/inst/clkout1_buf/O
                         net (fo=26, routed)          1.818     1.818    camera_video/clk_200Mhz
    SLICE_X14Y46         FDRE                                         r  camera_video/do_reset.Delay_reg[5]/C
  -------------------------------------------------------------------    -------------------
    SLICE_X14Y46         FDRE (Prop_fdre_C_Q)         0.518     2.336 r  camera_video/do_reset.Delay_reg[5]/Q
                         net (fo=2, routed)           1.048     3.385    camera_video/do_reset.Delay_reg[5]
    SLICE_X15Y46         LUT6 (Prop_lut6_I0_O)        0.124     3.509 r  camera_video/do_reset.Delay[0]_i_3/O
                         net (fo=1, routed)           0.761     4.270    camera_video/do_reset.Delay[0]_i_3_n_0
    SLICE_X15Y47         LUT5 (Prop_lut5_I0_O)        0.124     4.394 r  camera_video/do_reset.Delay[0]_i_1/O
                         net (fo=26, routed)          0.675     5.069    camera_video/do_reset.Delay[0]_i_1_n_0
    SLICE_X14Y49         FDRE                                         r  camera_video/do_reset.Delay_reg[17]/CE
  -------------------------------------------------------------------    -------------------

                         (clock clk_200Mhz_clk_wiz_0 rise edge)
                                                      5.000     5.000 r  
    BUFGCTRL_X0Y4        BUFG                         0.000     5.000 r  clock_IBUF_BUFG_inst/O
                         net (fo=166, routed)         1.680     6.680    camera_video/xtime/inst/clk_in1
    MMCME2_ADV_X0Y0      MMCME2_ADV (Prop_mmcme2_adv_CLKIN1_CLKOUT0)
                                                     -3.694     2.986 r  camera_video/xtime/inst/mmcm_adv_inst/CLKOUT0
                         net (fo=1, routed)           1.923     4.909    camera_video/xtime/inst/clk_200Mhz_clk_wiz_0
    BUFGCTRL_X0Y6        BUFG (Prop_bufg_I_O)         0.091     5.000 r  camera_video/xtime/inst/clkout1_buf/O
                         net (fo=26, routed)          1.690     6.690    camera_video/clk_200Mhz
    SLICE_X14Y49         FDRE                                         r  camera_video/do_reset.Delay_reg[17]/C
                         clock pessimism              0.104     6.794    
                         clock uncertainty           -0.075     6.719    
    SLICE_X14Y49         FDRE (Setup_fdre_C_CE)      -0.169     6.550    camera_video/do_reset.Delay_reg[17]
  -------------------------------------------------------------------
                         required time                          6.550    
                         arrival time                          -5.069    
  -------------------------------------------------------------------
                         slack                                  1.481    

Slack (MET) :             1.481ns  (required time - arrival time)
  Source:                 camera_video/do_reset.Delay_reg[5]/C
                            (rising edge-triggered cell FDRE clocked by clk_200Mhz_clk_wiz_0  {rise@0.000ns fall@2.500ns period=5.000ns})
  Destination:            camera_video/do_reset.Delay_reg[18]/CE
                            (rising edge-triggered cell FDRE clocked by clk_200Mhz_clk_wiz_0  {rise@0.000ns fall@2.500ns period=5.000ns})
  Path Group:             clk_200Mhz_clk_wiz_0
  Path Type:              Setup (Max at Slow Process Corner)
  Requirement:            5.000ns  (clk_200Mhz_clk_wiz_0 rise@5.000ns - clk_200Mhz_clk_wiz_0 rise@0.000ns)
  Data Path Delay:        3.251ns  (logic 0.766ns (23.565%)  route 2.485ns (76.435%))
  Logic Levels:           2  (LUT5=1 LUT6=1)
  Clock Path Skew:        -0.024ns (DCD - SCD + CPR)
    Destination Clock Delay (DCD):    1.690ns = ( 6.690 - 5.000 ) 
    Source Clock Delay      (SCD):    1.818ns
    Clock Pessimism Removal (CPR):    0.104ns
  Clock Uncertainty:      0.075ns  ((TSJ^2 + DJ^2)^1/2) / 2 + PE
    Total System Jitter     (TSJ):    0.071ns
    Discrete Jitter          (DJ):    0.132ns
    Phase Error              (PE):    0.000ns

    Location             Delay type                Incr(ns)  Path(ns)    Netlist Resource(s)
  -------------------------------------------------------------------    -------------------
                         (clock clk_200Mhz_clk_wiz_0 rise edge)
                                                      0.000     0.000 r  
    BUFGCTRL_X0Y4        BUFG                         0.000     0.000 r  clock_IBUF_BUFG_inst/O
                         net (fo=166, routed)         1.807     1.807    camera_video/xtime/inst/clk_in1
    MMCME2_ADV_X0Y0      MMCME2_ADV (Prop_mmcme2_adv_CLKIN1_CLKOUT0)
                                                     -3.922    -2.114 r  camera_video/xtime/inst/mmcm_adv_inst/CLKOUT0
                         net (fo=1, routed)           2.018    -0.096    camera_video/xtime/inst/clk_200Mhz_clk_wiz_0
    BUFGCTRL_X0Y6        BUFG (Prop_bufg_I_O)         0.096    -0.000 r  camera_video/xtime/inst/clkout1_buf/O
                         net (fo=26, routed)          1.818     1.818    camera_video/clk_200Mhz
    SLICE_X14Y46         FDRE                                         r  camera_video/do_reset.Delay_reg[5]/C
  -------------------------------------------------------------------    -------------------
    SLICE_X14Y46         FDRE (Prop_fdre_C_Q)         0.518     2.336 r  camera_video/do_reset.Delay_reg[5]/Q
                         net (fo=2, routed)           1.048     3.385    camera_video/do_reset.Delay_reg[5]
    SLICE_X15Y46         LUT6 (Prop_lut6_I0_O)        0.124     3.509 r  camera_video/do_reset.Delay[0]_i_3/O
                         net (fo=1, routed)           0.761     4.270    camera_video/do_reset.Delay[0]_i_3_n_0
    SLICE_X15Y47         LUT5 (Prop_lut5_I0_O)        0.124     4.394 r  camera_video/do_reset.Delay[0]_i_1/O
                         net (fo=26, routed)          0.675     5.069    camera_video/do_reset.Delay[0]_i_1_n_0
    SLICE_X14Y49         FDRE                                         r  camera_video/do_reset.Delay_reg[18]/CE
  -------------------------------------------------------------------    -------------------

                         (clock clk_200Mhz_clk_wiz_0 rise edge)
                                                      5.000     5.000 r  
    BUFGCTRL_X0Y4        BUFG                         0.000     5.000 r  clock_IBUF_BUFG_inst/O
                         net (fo=166, routed)         1.680     6.680    camera_video/xtime/inst/clk_in1
    MMCME2_ADV_X0Y0      MMCME2_ADV (Prop_mmcme2_adv_CLKIN1_CLKOUT0)
                                                     -3.694     2.986 r  camera_video/xtime/inst/mmcm_adv_inst/CLKOUT0
                         net (fo=1, routed)           1.923     4.909    camera_video/xtime/inst/clk_200Mhz_clk_wiz_0
    BUFGCTRL_X0Y6        BUFG (Prop_bufg_I_O)         0.091     5.000 r  camera_video/xtime/inst/clkout1_buf/O
                         net (fo=26, routed)          1.690     6.690    camera_video/clk_200Mhz
    SLICE_X14Y49         FDRE                                         r  camera_video/do_reset.Delay_reg[18]/C
                         clock pessimism              0.104     6.794    
                         clock uncertainty           -0.075     6.719    
    SLICE_X14Y49         FDRE (Setup_fdre_C_CE)      -0.169     6.550    camera_video/do_reset.Delay_reg[18]
  -------------------------------------------------------------------
                         required time                          6.550    
                         arrival time                          -5.069    
  -------------------------------------------------------------------
                         slack                                  1.481    

Slack (MET) :             1.481ns  (required time - arrival time)
  Source:                 camera_video/do_reset.Delay_reg[5]/C
                            (rising edge-triggered cell FDRE clocked by clk_200Mhz_clk_wiz_0  {rise@0.000ns fall@2.500ns period=5.000ns})
  Destination:            camera_video/do_reset.Delay_reg[19]/CE
                            (rising edge-triggered cell FDRE clocked by clk_200Mhz_clk_wiz_0  {rise@0.000ns fall@2.500ns period=5.000ns})
  Path Group:             clk_200Mhz_clk_wiz_0
  Path Type:              Setup (Max at Slow Process Corner)
  Requirement:            5.000ns  (clk_200Mhz_clk_wiz_0 rise@5.000ns - clk_200Mhz_clk_wiz_0 rise@0.000ns)
  Data Path Delay:        3.251ns  (logic 0.766ns (23.565%)  route 2.485ns (76.435%))
  Logic Levels:           2  (LUT5=1 LUT6=1)
  Clock Path Skew:        -0.024ns (DCD - SCD + CPR)
    Destination Clock Delay (DCD):    1.690ns = ( 6.690 - 5.000 ) 
    Source Clock Delay      (SCD):    1.818ns
    Clock Pessimism Removal (CPR):    0.104ns
  Clock Uncertainty:      0.075ns  ((TSJ^2 + DJ^2)^1/2) / 2 + PE
    Total System Jitter     (TSJ):    0.071ns
    Discrete Jitter          (DJ):    0.132ns
    Phase Error              (PE):    0.000ns

    Location             Delay type                Incr(ns)  Path(ns)    Netlist Resource(s)
  -------------------------------------------------------------------    -------------------
                         (clock clk_200Mhz_clk_wiz_0 rise edge)
                                                      0.000     0.000 r  
    BUFGCTRL_X0Y4        BUFG                         0.000     0.000 r  clock_IBUF_BUFG_inst/O
                         net (fo=166, routed)         1.807     1.807    camera_video/xtime/inst/clk_in1
    MMCME2_ADV_X0Y0      MMCME2_ADV (Prop_mmcme2_adv_CLKIN1_CLKOUT0)
                                                     -3.922    -2.114 r  camera_video/xtime/inst/mmcm_adv_inst/CLKOUT0
                         net (fo=1, routed)           2.018    -0.096    camera_video/xtime/inst/clk_200Mhz_clk_wiz_0
    BUFGCTRL_X0Y6        BUFG (Prop_bufg_I_O)         0.096    -0.000 r  camera_video/xtime/inst/clkout1_buf/O
                         net (fo=26, routed)          1.818     1.818    camera_video/clk_200Mhz
    SLICE_X14Y46         FDRE                                         r  camera_video/do_reset.Delay_reg[5]/C
  -------------------------------------------------------------------    -------------------
    SLICE_X14Y46         FDRE (Prop_fdre_C_Q)         0.518     2.336 r  camera_video/do_reset.Delay_reg[5]/Q
                         net (fo=2, routed)           1.048     3.385    camera_video/do_reset.Delay_reg[5]
    SLICE_X15Y46         LUT6 (Prop_lut6_I0_O)        0.124     3.509 r  camera_video/do_reset.Delay[0]_i_3/O
                         net (fo=1, routed)           0.761     4.270    camera_video/do_reset.Delay[0]_i_3_n_0
    SLICE_X15Y47         LUT5 (Prop_lut5_I0_O)        0.124     4.394 r  camera_video/do_reset.Delay[0]_i_1/O
                         net (fo=26, routed)          0.675     5.069    camera_video/do_reset.Delay[0]_i_1_n_0
    SLICE_X14Y49         FDRE                                         r  camera_video/do_reset.Delay_reg[19]/CE
  -------------------------------------------------------------------    -------------------

                         (clock clk_200Mhz_clk_wiz_0 rise edge)
                                                      5.000     5.000 r  
    BUFGCTRL_X0Y4        BUFG                         0.000     5.000 r  clock_IBUF_BUFG_inst/O
                         net (fo=166, routed)         1.680     6.680    camera_video/xtime/inst/clk_in1
    MMCME2_ADV_X0Y0      MMCME2_ADV (Prop_mmcme2_adv_CLKIN1_CLKOUT0)
                                                     -3.694     2.986 r  camera_video/xtime/inst/mmcm_adv_inst/CLKOUT0
                         net (fo=1, routed)           1.923     4.909    camera_video/xtime/inst/clk_200Mhz_clk_wiz_0
    BUFGCTRL_X0Y6        BUFG (Prop_bufg_I_O)         0.091     5.000 r  camera_video/xtime/inst/clkout1_buf/O
                         net (fo=26, routed)          1.690     6.690    camera_video/clk_200Mhz
    SLICE_X14Y49         FDRE                                         r  camera_video/do_reset.Delay_reg[19]/C
                         clock pessimism              0.104     6.794    
                         clock uncertainty           -0.075     6.719    
    SLICE_X14Y49         FDRE (Setup_fdre_C_CE)      -0.169     6.550    camera_video/do_reset.Delay_reg[19]
  -------------------------------------------------------------------
                         required time                          6.550    
                         arrival time                          -5.069    
  -------------------------------------------------------------------
                         slack                                  1.481    

Slack (MET) :             1.583ns  (required time - arrival time)
  Source:                 camera_video/do_reset.Delay_reg[5]/C
                            (rising edge-triggered cell FDRE clocked by clk_200Mhz_clk_wiz_0  {rise@0.000ns fall@2.500ns period=5.000ns})
  Destination:            camera_video/do_reset.Delay_reg[10]/CE
                            (rising edge-triggered cell FDRE clocked by clk_200Mhz_clk_wiz_0  {rise@0.000ns fall@2.500ns period=5.000ns})
  Path Group:             clk_200Mhz_clk_wiz_0
  Path Type:              Setup (Max at Slow Process Corner)
  Requirement:            5.000ns  (clk_200Mhz_clk_wiz_0 rise@5.000ns - clk_200Mhz_clk_wiz_0 rise@0.000ns)
  Data Path Delay:        3.149ns  (logic 0.766ns (24.324%)  route 2.383ns (75.676%))
  Logic Levels:           2  (LUT5=1 LUT6=1)
  Clock Path Skew:        -0.024ns (DCD - SCD + CPR)
    Destination Clock Delay (DCD):    1.690ns = ( 6.690 - 5.000 ) 
    Source Clock Delay      (SCD):    1.818ns
    Clock Pessimism Removal (CPR):    0.104ns
  Clock Uncertainty:      0.075ns  ((TSJ^2 + DJ^2)^1/2) / 2 + PE
    Total System Jitter     (TSJ):    0.071ns
    Discrete Jitter          (DJ):    0.132ns
    Phase Error              (PE):    0.000ns

    Location             Delay type                Incr(ns)  Path(ns)    Netlist Resource(s)
  -------------------------------------------------------------------    -------------------
                         (clock clk_200Mhz_clk_wiz_0 rise edge)
                                                      0.000     0.000 r  
    BUFGCTRL_X0Y4        BUFG                         0.000     0.000 r  clock_IBUF_BUFG_inst/O
                         net (fo=166, routed)         1.807     1.807    camera_video/xtime/inst/clk_in1
    MMCME2_ADV_X0Y0      MMCME2_ADV (Prop_mmcme2_adv_CLKIN1_CLKOUT0)
                                                     -3.922    -2.114 r  camera_video/xtime/inst/mmcm_adv_inst/CLKOUT0
                         net (fo=1, routed)           2.018    -0.096    camera_video/xtime/inst/clk_200Mhz_clk_wiz_0
    BUFGCTRL_X0Y6        BUFG (Prop_bufg_I_O)         0.096    -0.000 r  camera_video/xtime/inst/clkout1_buf/O
                         net (fo=26, routed)          1.818     1.818    camera_video/clk_200Mhz
    SLICE_X14Y46         FDRE                                         r  camera_video/do_reset.Delay_reg[5]/C
  -------------------------------------------------------------------    -------------------
    SLICE_X14Y46         FDRE (Prop_fdre_C_Q)         0.518     2.336 r  camera_video/do_reset.Delay_reg[5]/Q
                         net (fo=2, routed)           1.048     3.385    camera_video/do_reset.Delay_reg[5]
    SLICE_X15Y46         LUT6 (Prop_lut6_I0_O)        0.124     3.509 r  camera_video/do_reset.Delay[0]_i_3/O
                         net (fo=1, routed)           0.761     4.270    camera_video/do_reset.Delay[0]_i_3_n_0
    SLICE_X15Y47         LUT5 (Prop_lut5_I0_O)        0.124     4.394 r  camera_video/do_reset.Delay[0]_i_1/O
                         net (fo=26, routed)          0.574     4.968    camera_video/do_reset.Delay[0]_i_1_n_0
    SLICE_X14Y47         FDRE                                         r  camera_video/do_reset.Delay_reg[10]/CE
  -------------------------------------------------------------------    -------------------

                         (clock clk_200Mhz_clk_wiz_0 rise edge)
                                                      5.000     5.000 r  
    BUFGCTRL_X0Y4        BUFG                         0.000     5.000 r  clock_IBUF_BUFG_inst/O
                         net (fo=166, routed)         1.680     6.680    camera_video/xtime/inst/clk_in1
    MMCME2_ADV_X0Y0      MMCME2_ADV (Prop_mmcme2_adv_CLKIN1_CLKOUT0)
                                                     -3.694     2.986 r  camera_video/xtime/inst/mmcm_adv_inst/CLKOUT0
                         net (fo=1, routed)           1.923     4.909    camera_video/xtime/inst/clk_200Mhz_clk_wiz_0
    BUFGCTRL_X0Y6        BUFG (Prop_bufg_I_O)         0.091     5.000 r  camera_video/xtime/inst/clkout1_buf/O
                         net (fo=26, routed)          1.690     6.690    camera_video/clk_200Mhz
    SLICE_X14Y47         FDRE                                         r  camera_video/do_reset.Delay_reg[10]/C
                         clock pessimism              0.104     6.794    
                         clock uncertainty           -0.075     6.719    
    SLICE_X14Y47         FDRE (Setup_fdre_C_CE)      -0.169     6.550    camera_video/do_reset.Delay_reg[10]
  -------------------------------------------------------------------
                         required time                          6.550    
                         arrival time                          -4.968    
  -------------------------------------------------------------------
                         slack                                  1.583    





Min Delay Paths
--------------------------------------------------------------------------------------
Slack (MET) :             0.206ns  (arrival time - required time)
  Source:                 camera_video/do_reset.Delay_reg[14]/C
                            (rising edge-triggered cell FDRE clocked by clk_200Mhz_clk_wiz_0  {rise@0.000ns fall@2.500ns period=5.000ns})
  Destination:            camera_video/do_reset.Delay_reg[20]/D
                            (rising edge-triggered cell FDRE clocked by clk_200Mhz_clk_wiz_0  {rise@0.000ns fall@2.500ns period=5.000ns})
  Path Group:             clk_200Mhz_clk_wiz_0
  Path Type:              Hold (Min at Fast Process Corner)
  Requirement:            0.000ns  (clk_200Mhz_clk_wiz_0 rise@0.000ns - clk_200Mhz_clk_wiz_0 rise@0.000ns)
  Data Path Delay:        0.539ns  (logic 0.413ns (76.598%)  route 0.126ns (23.402%))
  Logic Levels:           3  (CARRY4=3)
  Clock Path Skew:        0.199ns (DCD - SCD - CPR)
    Destination Clock Delay (DCD):    0.845ns
    Source Clock Delay      (SCD):    0.640ns
    Clock Pessimism Removal (CPR):    0.005ns

    Location             Delay type                Incr(ns)  Path(ns)    Netlist Resource(s)
  -------------------------------------------------------------------    -------------------
                         (clock clk_200Mhz_clk_wiz_0 rise edge)
                                                      0.000     0.000 r  
    BUFGCTRL_X0Y4        BUFG                         0.000     0.000 r  clock_IBUF_BUFG_inst/O
                         net (fo=166, routed)         0.622     0.622    camera_video/xtime/inst/clk_in1
    MMCME2_ADV_X0Y0      MMCME2_ADV (Prop_mmcme2_adv_CLKIN1_CLKOUT0)
                                                     -1.296    -0.674 r  camera_video/xtime/inst/mmcm_adv_inst/CLKOUT0
                         net (fo=1, routed)           0.648    -0.026    camera_video/xtime/inst/clk_200Mhz_clk_wiz_0
    BUFGCTRL_X0Y6        BUFG (Prop_bufg_I_O)         0.026     0.000 r  camera_video/xtime/inst/clkout1_buf/O
                         net (fo=26, routed)          0.640     0.640    camera_video/clk_200Mhz
    SLICE_X14Y48         FDRE                                         r  camera_video/do_reset.Delay_reg[14]/C
  -------------------------------------------------------------------    -------------------
    SLICE_X14Y48         FDRE (Prop_fdre_C_Q)         0.164     0.804 r  camera_video/do_reset.Delay_reg[14]/Q
                         net (fo=2, routed)           0.125     0.930    camera_video/do_reset.Delay_reg[14]
    SLICE_X14Y48         CARRY4 (Prop_carry4_S[2]_CO[3])
                                                      0.156     1.086 r  camera_video/do_reset.Delay_reg[12]_i_1/CO[3]
                         net (fo=1, routed)           0.000     1.086    camera_video/do_reset.Delay_reg[12]_i_1_n_0
    SLICE_X14Y49         CARRY4 (Prop_carry4_CI_CO[3])
                                                      0.040     1.126 r  camera_video/do_reset.Delay_reg[16]_i_1/CO[3]
                         net (fo=1, routed)           0.001     1.126    camera_video/do_reset.Delay_reg[16]_i_1_n_0
    SLICE_X14Y50         CARRY4 (Prop_carry4_CI_O[0])
                                                      0.053     1.179 r  camera_video/do_reset.Delay_reg[20]_i_1/O[0]
                         net (fo=1, routed)           0.000     1.179    camera_video/do_reset.Delay_reg[20]_i_1_n_7
    SLICE_X14Y50         FDRE                                         r  camera_video/do_reset.Delay_reg[20]/D
  -------------------------------------------------------------------    -------------------

                         (clock clk_200Mhz_clk_wiz_0 rise edge)
                                                      0.000     0.000 r  
    BUFGCTRL_X0Y4        BUFG                         0.000     0.000 r  clock_IBUF_BUFG_inst/O
                         net (fo=166, routed)         0.896     0.896    camera_video/xtime/inst/clk_in1
    MMCME2_ADV_X0Y0      MMCME2_ADV (Prop_mmcme2_adv_CLKIN1_CLKOUT0)
                                                     -1.625    -0.729 r  camera_video/xtime/inst/mmcm_adv_inst/CLKOUT0
                         net (fo=1, routed)           0.700    -0.029    camera_video/xtime/inst/clk_200Mhz_clk_wiz_0
    BUFGCTRL_X0Y6        BUFG (Prop_bufg_I_O)         0.029     0.000 r  camera_video/xtime/inst/clkout1_buf/O
                         net (fo=26, routed)          0.845     0.845    camera_video/clk_200Mhz
    SLICE_X14Y50         FDRE                                         r  camera_video/do_reset.Delay_reg[20]/C
                         clock pessimism             -0.005     0.840    
    SLICE_X14Y50         FDRE (Hold_fdre_C_D)         0.134     0.974    camera_video/do_reset.Delay_reg[20]
  -------------------------------------------------------------------
                         required time                         -0.974    
                         arrival time                           1.179    
  -------------------------------------------------------------------
                         slack                                  0.206    

Slack (MET) :             0.219ns  (arrival time - required time)
  Source:                 camera_video/do_reset.Delay_reg[14]/C
                            (rising edge-triggered cell FDRE clocked by clk_200Mhz_clk_wiz_0  {rise@0.000ns fall@2.500ns period=5.000ns})
  Destination:            camera_video/do_reset.Delay_reg[22]/D
                            (rising edge-triggered cell FDRE clocked by clk_200Mhz_clk_wiz_0  {rise@0.000ns fall@2.500ns period=5.000ns})
  Path Group:             clk_200Mhz_clk_wiz_0
  Path Type:              Hold (Min at Fast Process Corner)
  Requirement:            0.000ns  (clk_200Mhz_clk_wiz_0 rise@0.000ns - clk_200Mhz_clk_wiz_0 rise@0.000ns)
  Data Path Delay:        0.552ns  (logic 0.426ns (77.149%)  route 0.126ns (22.851%))
  Logic Levels:           3  (CARRY4=3)
  Clock Path Skew:        0.199ns (DCD - SCD - CPR)
    Destination Clock Delay (DCD):    0.845ns
    Source Clock Delay      (SCD):    0.640ns
    Clock Pessimism Removal (CPR):    0.005ns

    Location             Delay type                Incr(ns)  Path(ns)    Netlist Resource(s)
  -------------------------------------------------------------------    -------------------
                         (clock clk_200Mhz_clk_wiz_0 rise edge)
                                                      0.000     0.000 r  
    BUFGCTRL_X0Y4        BUFG                         0.000     0.000 r  clock_IBUF_BUFG_inst/O
                         net (fo=166, routed)         0.622     0.622    camera_video/xtime/inst/clk_in1
    MMCME2_ADV_X0Y0      MMCME2_ADV (Prop_mmcme2_adv_CLKIN1_CLKOUT0)
                                                     -1.296    -0.674 r  camera_video/xtime/inst/mmcm_adv_inst/CLKOUT0
                         net (fo=1, routed)           0.648    -0.026    camera_video/xtime/inst/clk_200Mhz_clk_wiz_0
    BUFGCTRL_X0Y6        BUFG (Prop_bufg_I_O)         0.026     0.000 r  camera_video/xtime/inst/clkout1_buf/O
                         net (fo=26, routed)          0.640     0.640    camera_video/clk_200Mhz
    SLICE_X14Y48         FDRE                                         r  camera_video/do_reset.Delay_reg[14]/C
  -------------------------------------------------------------------    -------------------
    SLICE_X14Y48         FDRE (Prop_fdre_C_Q)         0.164     0.804 r  camera_video/do_reset.Delay_reg[14]/Q
                         net (fo=2, routed)           0.125     0.930    camera_video/do_reset.Delay_reg[14]
    SLICE_X14Y48         CARRY4 (Prop_carry4_S[2]_CO[3])
                                                      0.156     1.086 r  camera_video/do_reset.Delay_reg[12]_i_1/CO[3]
                         net (fo=1, routed)           0.000     1.086    camera_video/do_reset.Delay_reg[12]_i_1_n_0
    SLICE_X14Y49         CARRY4 (Prop_carry4_CI_CO[3])
                                                      0.040     1.126 r  camera_video/do_reset.Delay_reg[16]_i_1/CO[3]
                         net (fo=1, routed)           0.001     1.126    camera_video/do_reset.Delay_reg[16]_i_1_n_0
    SLICE_X14Y50         CARRY4 (Prop_carry4_CI_O[2])
                                                      0.066     1.192 r  camera_video/do_reset.Delay_reg[20]_i_1/O[2]
                         net (fo=1, routed)           0.000     1.192    camera_video/do_reset.Delay_reg[20]_i_1_n_5
    SLICE_X14Y50         FDRE                                         r  camera_video/do_reset.Delay_reg[22]/D
  -------------------------------------------------------------------    -------------------

                         (clock clk_200Mhz_clk_wiz_0 rise edge)
                                                      0.000     0.000 r  
    BUFGCTRL_X0Y4        BUFG                         0.000     0.000 r  clock_IBUF_BUFG_inst/O
                         net (fo=166, routed)         0.896     0.896    camera_video/xtime/inst/clk_in1
    MMCME2_ADV_X0Y0      MMCME2_ADV (Prop_mmcme2_adv_CLKIN1_CLKOUT0)
                                                     -1.625    -0.729 r  camera_video/xtime/inst/mmcm_adv_inst/CLKOUT0
                         net (fo=1, routed)           0.700    -0.029    camera_video/xtime/inst/clk_200Mhz_clk_wiz_0
    BUFGCTRL_X0Y6        BUFG (Prop_bufg_I_O)         0.029     0.000 r  camera_video/xtime/inst/clkout1_buf/O
                         net (fo=26, routed)          0.845     0.845    camera_video/clk_200Mhz
    SLICE_X14Y50         FDRE                                         r  camera_video/do_reset.Delay_reg[22]/C
                         clock pessimism             -0.005     0.840    
    SLICE_X14Y50         FDRE (Hold_fdre_C_D)         0.134     0.974    camera_video/do_reset.Delay_reg[22]
  -------------------------------------------------------------------
                         required time                         -0.974    
                         arrival time                           1.192    
  -------------------------------------------------------------------
                         slack                                  0.219    

Slack (MET) :             0.242ns  (arrival time - required time)
  Source:                 camera_video/do_reset.Delay_reg[14]/C
                            (rising edge-triggered cell FDRE clocked by clk_200Mhz_clk_wiz_0  {rise@0.000ns fall@2.500ns period=5.000ns})
  Destination:            camera_video/do_reset.Delay_reg[21]/D
                            (rising edge-triggered cell FDRE clocked by clk_200Mhz_clk_wiz_0  {rise@0.000ns fall@2.500ns period=5.000ns})
  Path Group:             clk_200Mhz_clk_wiz_0
  Path Type:              Hold (Min at Fast Process Corner)
  Requirement:            0.000ns  (clk_200Mhz_clk_wiz_0 rise@0.000ns - clk_200Mhz_clk_wiz_0 rise@0.000ns)
  Data Path Delay:        0.575ns  (logic 0.449ns (78.063%)  route 0.126ns (21.937%))
  Logic Levels:           3  (CARRY4=3)
  Clock Path Skew:        0.199ns (DCD - SCD - CPR)
    Destination Clock Delay (DCD):    0.845ns
    Source Clock Delay      (SCD):    0.640ns
    Clock Pessimism Removal (CPR):    0.005ns

    Location             Delay type                Incr(ns)  Path(ns)    Netlist Resource(s)
  -------------------------------------------------------------------    -------------------
                         (clock clk_200Mhz_clk_wiz_0 rise edge)
                                                      0.000     0.000 r  
    BUFGCTRL_X0Y4        BUFG                         0.000     0.000 r  clock_IBUF_BUFG_inst/O
                         net (fo=166, routed)         0.622     0.622    camera_video/xtime/inst/clk_in1
    MMCME2_ADV_X0Y0      MMCME2_ADV (Prop_mmcme2_adv_CLKIN1_CLKOUT0)
                                                     -1.296    -0.674 r  camera_video/xtime/inst/mmcm_adv_inst/CLKOUT0
                         net (fo=1, routed)           0.648    -0.026    camera_video/xtime/inst/clk_200Mhz_clk_wiz_0
    BUFGCTRL_X0Y6        BUFG (Prop_bufg_I_O)         0.026     0.000 r  camera_video/xtime/inst/clkout1_buf/O
                         net (fo=26, routed)          0.640     0.640    camera_video/clk_200Mhz
    SLICE_X14Y48         FDRE                                         r  camera_video/do_reset.Delay_reg[14]/C
  -------------------------------------------------------------------    -------------------
    SLICE_X14Y48         FDRE (Prop_fdre_C_Q)         0.164     0.804 r  camera_video/do_reset.Delay_reg[14]/Q
                         net (fo=2, routed)           0.125     0.930    camera_video/do_reset.Delay_reg[14]
    SLICE_X14Y48         CARRY4 (Prop_carry4_S[2]_CO[3])
                                                      0.156     1.086 r  camera_video/do_reset.Delay_reg[12]_i_1/CO[3]
                         net (fo=1, routed)           0.000     1.086    camera_video/do_reset.Delay_reg[12]_i_1_n_0
    SLICE_X14Y49         CARRY4 (Prop_carry4_CI_CO[3])
                                                      0.040     1.126 r  camera_video/do_reset.Delay_reg[16]_i_1/CO[3]
                         net (fo=1, routed)           0.001     1.126    camera_video/do_reset.Delay_reg[16]_i_1_n_0
    SLICE_X14Y50         CARRY4 (Prop_carry4_CI_O[1])
                                                      0.089     1.215 r  camera_video/do_reset.Delay_reg[20]_i_1/O[1]
                         net (fo=1, routed)           0.000     1.215    camera_video/do_reset.Delay_reg[20]_i_1_n_6
    SLICE_X14Y50         FDRE                                         r  camera_video/do_reset.Delay_reg[21]/D
  -------------------------------------------------------------------    -------------------

                         (clock clk_200Mhz_clk_wiz_0 rise edge)
                                                      0.000     0.000 r  
    BUFGCTRL_X0Y4        BUFG                         0.000     0.000 r  clock_IBUF_BUFG_inst/O
                         net (fo=166, routed)         0.896     0.896    camera_video/xtime/inst/clk_in1
    MMCME2_ADV_X0Y0      MMCME2_ADV (Prop_mmcme2_adv_CLKIN1_CLKOUT0)
                                                     -1.625    -0.729 r  camera_video/xtime/inst/mmcm_adv_inst/CLKOUT0
                         net (fo=1, routed)           0.700    -0.029    camera_video/xtime/inst/clk_200Mhz_clk_wiz_0
    BUFGCTRL_X0Y6        BUFG (Prop_bufg_I_O)         0.029     0.000 r  camera_video/xtime/inst/clkout1_buf/O
                         net (fo=26, routed)          0.845     0.845    camera_video/clk_200Mhz
    SLICE_X14Y50         FDRE                                         r  camera_video/do_reset.Delay_reg[21]/C
                         clock pessimism             -0.005     0.840    
    SLICE_X14Y50         FDRE (Hold_fdre_C_D)         0.134     0.974    camera_video/do_reset.Delay_reg[21]
  -------------------------------------------------------------------
                         required time                         -0.974    
                         arrival time                           1.215    
  -------------------------------------------------------------------
                         slack                                  0.242    

Slack (MET) :             0.244ns  (arrival time - required time)
  Source:                 camera_video/do_reset.Delay_reg[14]/C
                            (rising edge-triggered cell FDRE clocked by clk_200Mhz_clk_wiz_0  {rise@0.000ns fall@2.500ns period=5.000ns})
  Destination:            camera_video/do_reset.Delay_reg[23]/D
                            (rising edge-triggered cell FDRE clocked by clk_200Mhz_clk_wiz_0  {rise@0.000ns fall@2.500ns period=5.000ns})
  Path Group:             clk_200Mhz_clk_wiz_0
  Path Type:              Hold (Min at Fast Process Corner)
  Requirement:            0.000ns  (clk_200Mhz_clk_wiz_0 rise@0.000ns - clk_200Mhz_clk_wiz_0 rise@0.000ns)
  Data Path Delay:        0.577ns  (logic 0.451ns (78.139%)  route 0.126ns (21.861%))
  Logic Levels:           3  (CARRY4=3)
  Clock Path Skew:        0.199ns (DCD - SCD - CPR)
    Destination Clock Delay (DCD):    0.845ns
    Source Clock Delay      (SCD):    0.640ns
    Clock Pessimism Removal (CPR):    0.005ns

    Location             Delay type                Incr(ns)  Path(ns)    Netlist Resource(s)
  -------------------------------------------------------------------    -------------------
                         (clock clk_200Mhz_clk_wiz_0 rise edge)
                                                      0.000     0.000 r  
    BUFGCTRL_X0Y4        BUFG                         0.000     0.000 r  clock_IBUF_BUFG_inst/O
                         net (fo=166, routed)         0.622     0.622    camera_video/xtime/inst/clk_in1
    MMCME2_ADV_X0Y0      MMCME2_ADV (Prop_mmcme2_adv_CLKIN1_CLKOUT0)
                                                     -1.296    -0.674 r  camera_video/xtime/inst/mmcm_adv_inst/CLKOUT0
                         net (fo=1, routed)           0.648    -0.026    camera_video/xtime/inst/clk_200Mhz_clk_wiz_0
    BUFGCTRL_X0Y6        BUFG (Prop_bufg_I_O)         0.026     0.000 r  camera_video/xtime/inst/clkout1_buf/O
                         net (fo=26, routed)          0.640     0.640    camera_video/clk_200Mhz
    SLICE_X14Y48         FDRE                                         r  camera_video/do_reset.Delay_reg[14]/C
  -------------------------------------------------------------------    -------------------
    SLICE_X14Y48         FDRE (Prop_fdre_C_Q)         0.164     0.804 r  camera_video/do_reset.Delay_reg[14]/Q
                         net (fo=2, routed)           0.125     0.930    camera_video/do_reset.Delay_reg[14]
    SLICE_X14Y48         CARRY4 (Prop_carry4_S[2]_CO[3])
                                                      0.156     1.086 r  camera_video/do_reset.Delay_reg[12]_i_1/CO[3]
                         net (fo=1, routed)           0.000     1.086    camera_video/do_reset.Delay_reg[12]_i_1_n_0
    SLICE_X14Y49         CARRY4 (Prop_carry4_CI_CO[3])
                                                      0.040     1.126 r  camera_video/do_reset.Delay_reg[16]_i_1/CO[3]
                         net (fo=1, routed)           0.001     1.126    camera_video/do_reset.Delay_reg[16]_i_1_n_0
    SLICE_X14Y50         CARRY4 (Prop_carry4_CI_O[3])
                                                      0.091     1.217 r  camera_video/do_reset.Delay_reg[20]_i_1/O[3]
                         net (fo=1, routed)           0.000     1.217    camera_video/do_reset.Delay_reg[20]_i_1_n_4
    SLICE_X14Y50         FDRE                                         r  camera_video/do_reset.Delay_reg[23]/D
  -------------------------------------------------------------------    -------------------

                         (clock clk_200Mhz_clk_wiz_0 rise edge)
                                                      0.000     0.000 r  
    BUFGCTRL_X0Y4        BUFG                         0.000     0.000 r  clock_IBUF_BUFG_inst/O
                         net (fo=166, routed)         0.896     0.896    camera_video/xtime/inst/clk_in1
    MMCME2_ADV_X0Y0      MMCME2_ADV (Prop_mmcme2_adv_CLKIN1_CLKOUT0)
                                                     -1.625    -0.729 r  camera_video/xtime/inst/mmcm_adv_inst/CLKOUT0
                         net (fo=1, routed)           0.700    -0.029    camera_video/xtime/inst/clk_200Mhz_clk_wiz_0
    BUFGCTRL_X0Y6        BUFG (Prop_bufg_I_O)         0.029     0.000 r  camera_video/xtime/inst/clkout1_buf/O
                         net (fo=26, routed)          0.845     0.845    camera_video/clk_200Mhz
    SLICE_X14Y50         FDRE                                         r  camera_video/do_reset.Delay_reg[23]/C
                         clock pessimism             -0.005     0.840    
    SLICE_X14Y50         FDRE (Hold_fdre_C_D)         0.134     0.974    camera_video/do_reset.Delay_reg[23]
  -------------------------------------------------------------------
                         required time                         -0.974    
                         arrival time                           1.217    
  -------------------------------------------------------------------
                         slack                                  0.244    

Slack (MET) :             0.246ns  (arrival time - required time)
  Source:                 camera_video/do_reset.Delay_reg[14]/C
                            (rising edge-triggered cell FDRE clocked by clk_200Mhz_clk_wiz_0  {rise@0.000ns fall@2.500ns period=5.000ns})
  Destination:            camera_video/do_reset.Delay_reg[24]/D
                            (rising edge-triggered cell FDRE clocked by clk_200Mhz_clk_wiz_0  {rise@0.000ns fall@2.500ns period=5.000ns})
  Path Group:             clk_200Mhz_clk_wiz_0
  Path Type:              Hold (Min at Fast Process Corner)
  Requirement:            0.000ns  (clk_200Mhz_clk_wiz_0 rise@0.000ns - clk_200Mhz_clk_wiz_0 rise@0.000ns)
  Data Path Delay:        0.579ns  (logic 0.453ns (78.214%)  route 0.126ns (21.786%))
  Logic Levels:           4  (CARRY4=4)
  Clock Path Skew:        0.199ns (DCD - SCD - CPR)
    Destination Clock Delay (DCD):    0.845ns
    Source Clock Delay      (SCD):    0.640ns
    Clock Pessimism Removal (CPR):    0.005ns

    Location             Delay type                Incr(ns)  Path(ns)    Netlist Resource(s)
  -------------------------------------------------------------------    -------------------
                         (clock clk_200Mhz_clk_wiz_0 rise edge)
                                                      0.000     0.000 r  
    BUFGCTRL_X0Y4        BUFG                         0.000     0.000 r  clock_IBUF_BUFG_inst/O
                         net (fo=166, routed)         0.622     0.622    camera_video/xtime/inst/clk_in1
    MMCME2_ADV_X0Y0      MMCME2_ADV (Prop_mmcme2_adv_CLKIN1_CLKOUT0)
                                                     -1.296    -0.674 r  camera_video/xtime/inst/mmcm_adv_inst/CLKOUT0
                         net (fo=1, routed)           0.648    -0.026    camera_video/xtime/inst/clk_200Mhz_clk_wiz_0
    BUFGCTRL_X0Y6        BUFG (Prop_bufg_I_O)         0.026     0.000 r  camera_video/xtime/inst/clkout1_buf/O
                         net (fo=26, routed)          0.640     0.640    camera_video/clk_200Mhz
    SLICE_X14Y48         FDRE                                         r  camera_video/do_reset.Delay_reg[14]/C
  -------------------------------------------------------------------    -------------------
    SLICE_X14Y48         FDRE (Prop_fdre_C_Q)         0.164     0.804 r  camera_video/do_reset.Delay_reg[14]/Q
                         net (fo=2, routed)           0.125     0.930    camera_video/do_reset.Delay_reg[14]
    SLICE_X14Y48         CARRY4 (Prop_carry4_S[2]_CO[3])
                                                      0.156     1.086 r  camera_video/do_reset.Delay_reg[12]_i_1/CO[3]
                         net (fo=1, routed)           0.000     1.086    camera_video/do_reset.Delay_reg[12]_i_1_n_0
    SLICE_X14Y49         CARRY4 (Prop_carry4_CI_CO[3])
                                                      0.040     1.126 r  camera_video/do_reset.Delay_reg[16]_i_1/CO[3]
                         net (fo=1, routed)           0.001     1.126    camera_video/do_reset.Delay_reg[16]_i_1_n_0
    SLICE_X14Y50         CARRY4 (Prop_carry4_CI_CO[3])
                                                      0.040     1.166 r  camera_video/do_reset.Delay_reg[20]_i_1/CO[3]
                         net (fo=1, routed)           0.000     1.166    camera_video/do_reset.Delay_reg[20]_i_1_n_0
    SLICE_X14Y51         CARRY4 (Prop_carry4_CI_O[0])
                                                      0.053     1.219 r  camera_video/do_reset.Delay_reg[24]_i_1/O[0]
                         net (fo=1, routed)           0.000     1.219    camera_video/do_reset.Delay_reg[24]_i_1_n_7
    SLICE_X14Y51         FDRE                                         r  camera_video/do_reset.Delay_reg[24]/D
  -------------------------------------------------------------------    -------------------

                         (clock clk_200Mhz_clk_wiz_0 rise edge)
                                                      0.000     0.000 r  
    BUFGCTRL_X0Y4        BUFG                         0.000     0.000 r  clock_IBUF_BUFG_inst/O
                         net (fo=166, routed)         0.896     0.896    camera_video/xtime/inst/clk_in1
    MMCME2_ADV_X0Y0      MMCME2_ADV (Prop_mmcme2_adv_CLKIN1_CLKOUT0)
                                                     -1.625    -0.729 r  camera_video/xtime/inst/mmcm_adv_inst/CLKOUT0
                         net (fo=1, routed)           0.700    -0.029    camera_video/xtime/inst/clk_200Mhz_clk_wiz_0
    BUFGCTRL_X0Y6        BUFG (Prop_bufg_I_O)         0.029     0.000 r  camera_video/xtime/inst/clkout1_buf/O
                         net (fo=26, routed)          0.845     0.845    camera_video/clk_200Mhz
    SLICE_X14Y51         FDRE                                         r  camera_video/do_reset.Delay_reg[24]/C
                         clock pessimism             -0.005     0.840    
    SLICE_X14Y51         FDRE (Hold_fdre_C_D)         0.134     0.974    camera_video/do_reset.Delay_reg[24]
  -------------------------------------------------------------------
                         required time                         -0.974    
                         arrival time                           1.219    
  -------------------------------------------------------------------
                         slack                                  0.246    

Slack (MET) :             0.265ns  (arrival time - required time)
  Source:                 camera_video/do_reset.Delay_reg[14]/C
                            (rising edge-triggered cell FDRE clocked by clk_200Mhz_clk_wiz_0  {rise@0.000ns fall@2.500ns period=5.000ns})
  Destination:            camera_video/do_reset.Delay_reg[14]/D
                            (rising edge-triggered cell FDRE clocked by clk_200Mhz_clk_wiz_0  {rise@0.000ns fall@2.500ns period=5.000ns})
  Path Group:             clk_200Mhz_clk_wiz_0
  Path Type:              Hold (Min at Fast Process Corner)
  Requirement:            0.000ns  (clk_200Mhz_clk_wiz_0 rise@0.000ns - clk_200Mhz_clk_wiz_0 rise@0.000ns)
  Data Path Delay:        0.399ns  (logic 0.274ns (68.589%)  route 0.125ns (31.411%))
  Logic Levels:           1  (CARRY4=1)
  Clock Path Skew:        0.000ns (DCD - SCD - CPR)
    Destination Clock Delay (DCD):    0.915ns
    Source Clock Delay      (SCD):    0.640ns
    Clock Pessimism Removal (CPR):    0.274ns

    Location             Delay type                Incr(ns)  Path(ns)    Netlist Resource(s)
  -------------------------------------------------------------------    -------------------
                         (clock clk_200Mhz_clk_wiz_0 rise edge)
                                                      0.000     0.000 r  
    BUFGCTRL_X0Y4        BUFG                         0.000     0.000 r  clock_IBUF_BUFG_inst/O
                         net (fo=166, routed)         0.622     0.622    camera_video/xtime/inst/clk_in1
    MMCME2_ADV_X0Y0      MMCME2_ADV (Prop_mmcme2_adv_CLKIN1_CLKOUT0)
                                                     -1.296    -0.674 r  camera_video/xtime/inst/mmcm_adv_inst/CLKOUT0
                         net (fo=1, routed)           0.648    -0.026    camera_video/xtime/inst/clk_200Mhz_clk_wiz_0
    BUFGCTRL_X0Y6        BUFG (Prop_bufg_I_O)         0.026     0.000 r  camera_video/xtime/inst/clkout1_buf/O
                         net (fo=26, routed)          0.640     0.640    camera_video/clk_200Mhz
    SLICE_X14Y48         FDRE                                         r  camera_video/do_reset.Delay_reg[14]/C
  -------------------------------------------------------------------    -------------------
    SLICE_X14Y48         FDRE (Prop_fdre_C_Q)         0.164     0.804 r  camera_video/do_reset.Delay_reg[14]/Q
                         net (fo=2, routed)           0.125     0.930    camera_video/do_reset.Delay_reg[14]
    SLICE_X14Y48         CARRY4 (Prop_carry4_S[2]_O[2])
                                                      0.110     1.040 r  camera_video/do_reset.Delay_reg[12]_i_1/O[2]
                         net (fo=1, routed)           0.000     1.040    camera_video/do_reset.Delay_reg[12]_i_1_n_5
    SLICE_X14Y48         FDRE                                         r  camera_video/do_reset.Delay_reg[14]/D
  -------------------------------------------------------------------    -------------------

                         (clock clk_200Mhz_clk_wiz_0 rise edge)
                                                      0.000     0.000 r  
    BUFGCTRL_X0Y4        BUFG                         0.000     0.000 r  clock_IBUF_BUFG_inst/O
                         net (fo=166, routed)         0.896     0.896    camera_video/xtime/inst/clk_in1
    MMCME2_ADV_X0Y0      MMCME2_ADV (Prop_mmcme2_adv_CLKIN1_CLKOUT0)
                                                     -1.625    -0.729 r  camera_video/xtime/inst/mmcm_adv_inst/CLKOUT0
                         net (fo=1, routed)           0.700    -0.029    camera_video/xtime/inst/clk_200Mhz_clk_wiz_0
    BUFGCTRL_X0Y6        BUFG (Prop_bufg_I_O)         0.029     0.000 r  camera_video/xtime/inst/clkout1_buf/O
                         net (fo=26, routed)          0.915     0.915    camera_video/clk_200Mhz
    SLICE_X14Y48         FDRE                                         r  camera_video/do_reset.Delay_reg[14]/C
                         clock pessimism             -0.274     0.640    
    SLICE_X14Y48         FDRE (Hold_fdre_C_D)         0.134     0.774    camera_video/do_reset.Delay_reg[14]
  -------------------------------------------------------------------
                         required time                         -0.774    
                         arrival time                           1.040    
  -------------------------------------------------------------------
                         slack                                  0.265    

Slack (MET) :             0.266ns  (arrival time - required time)
  Source:                 camera_video/do_reset.Delay_reg[10]/C
                            (rising edge-triggered cell FDRE clocked by clk_200Mhz_clk_wiz_0  {rise@0.000ns fall@2.500ns period=5.000ns})
  Destination:            camera_video/do_reset.Delay_reg[10]/D
                            (rising edge-triggered cell FDRE clocked by clk_200Mhz_clk_wiz_0  {rise@0.000ns fall@2.500ns period=5.000ns})
  Path Group:             clk_200Mhz_clk_wiz_0
  Path Type:              Hold (Min at Fast Process Corner)
  Requirement:            0.000ns  (clk_200Mhz_clk_wiz_0 rise@0.000ns - clk_200Mhz_clk_wiz_0 rise@0.000ns)
  Data Path Delay:        0.400ns  (logic 0.274ns (68.524%)  route 0.126ns (31.476%))
  Logic Levels:           1  (CARRY4=1)
  Clock Path Skew:        0.000ns (DCD - SCD - CPR)
    Destination Clock Delay (DCD):    0.915ns
    Source Clock Delay      (SCD):    0.640ns
    Clock Pessimism Removal (CPR):    0.274ns

    Location             Delay type                Incr(ns)  Path(ns)    Netlist Resource(s)
  -------------------------------------------------------------------    -------------------
                         (clock clk_200Mhz_clk_wiz_0 rise edge)
                                                      0.000     0.000 r  
    BUFGCTRL_X0Y4        BUFG                         0.000     0.000 r  clock_IBUF_BUFG_inst/O
                         net (fo=166, routed)         0.622     0.622    camera_video/xtime/inst/clk_in1
    MMCME2_ADV_X0Y0      MMCME2_ADV (Prop_mmcme2_adv_CLKIN1_CLKOUT0)
                                                     -1.296    -0.674 r  camera_video/xtime/inst/mmcm_adv_inst/CLKOUT0
                         net (fo=1, routed)           0.648    -0.026    camera_video/xtime/inst/clk_200Mhz_clk_wiz_0
    BUFGCTRL_X0Y6        BUFG (Prop_bufg_I_O)         0.026     0.000 r  camera_video/xtime/inst/clkout1_buf/O
                         net (fo=26, routed)          0.640     0.640    camera_video/clk_200Mhz
    SLICE_X14Y47         FDRE                                         r  camera_video/do_reset.Delay_reg[10]/C
  -------------------------------------------------------------------    -------------------
    SLICE_X14Y47         FDRE (Prop_fdre_C_Q)         0.164     0.804 r  camera_video/do_reset.Delay_reg[10]/Q
                         net (fo=2, routed)           0.126     0.930    camera_video/do_reset.Delay_reg[10]
    SLICE_X14Y47         CARRY4 (Prop_carry4_S[2]_O[2])
                                                      0.110     1.040 r  camera_video/do_reset.Delay_reg[8]_i_1/O[2]
                         net (fo=1, routed)           0.000     1.040    camera_video/do_reset.Delay_reg[8]_i_1_n_5
    SLICE_X14Y47         FDRE                                         r  camera_video/do_reset.Delay_reg[10]/D
  -------------------------------------------------------------------    -------------------

                         (clock clk_200Mhz_clk_wiz_0 rise edge)
                                                      0.000     0.000 r  
    BUFGCTRL_X0Y4        BUFG                         0.000     0.000 r  clock_IBUF_BUFG_inst/O
                         net (fo=166, routed)         0.896     0.896    camera_video/xtime/inst/clk_in1
    MMCME2_ADV_X0Y0      MMCME2_ADV (Prop_mmcme2_adv_CLKIN1_CLKOUT0)
                                                     -1.625    -0.729 r  camera_video/xtime/inst/mmcm_adv_inst/CLKOUT0
                         net (fo=1, routed)           0.700    -0.029    camera_video/xtime/inst/clk_200Mhz_clk_wiz_0
    BUFGCTRL_X0Y6        BUFG (Prop_bufg_I_O)         0.029     0.000 r  camera_video/xtime/inst/clkout1_buf/O
                         net (fo=26, routed)          0.915     0.915    camera_video/clk_200Mhz
    SLICE_X14Y47         FDRE                                         r  camera_video/do_reset.Delay_reg[10]/C
                         clock pessimism             -0.274     0.640    
    SLICE_X14Y47         FDRE (Hold_fdre_C_D)         0.134     0.774    camera_video/do_reset.Delay_reg[10]
  -------------------------------------------------------------------
                         required time                         -0.774    
                         arrival time                           1.040    
  -------------------------------------------------------------------
                         slack                                  0.266    

Slack (MET) :             0.267ns  (arrival time - required time)
  Source:                 camera_video/do_reset.Delay_reg[2]/C
                            (rising edge-triggered cell FDRE clocked by clk_200Mhz_clk_wiz_0  {rise@0.000ns fall@2.500ns period=5.000ns})
  Destination:            camera_video/do_reset.Delay_reg[2]/D
                            (rising edge-triggered cell FDRE clocked by clk_200Mhz_clk_wiz_0  {rise@0.000ns fall@2.500ns period=5.000ns})
  Path Group:             clk_200Mhz_clk_wiz_0
  Path Type:              Hold (Min at Fast Process Corner)
  Requirement:            0.000ns  (clk_200Mhz_clk_wiz_0 rise@0.000ns - clk_200Mhz_clk_wiz_0 rise@0.000ns)
  Data Path Delay:        0.401ns  (logic 0.274ns (68.412%)  route 0.127ns (31.588%))
  Logic Levels:           1  (CARRY4=1)
  Clock Path Skew:        0.000ns (DCD - SCD - CPR)
    Destination Clock Delay (DCD):    0.914ns
    Source Clock Delay      (SCD):    0.639ns
    Clock Pessimism Removal (CPR):    0.274ns

    Location             Delay type                Incr(ns)  Path(ns)    Netlist Resource(s)
  -------------------------------------------------------------------    -------------------
                         (clock clk_200Mhz_clk_wiz_0 rise edge)
                                                      0.000     0.000 r  
    BUFGCTRL_X0Y4        BUFG                         0.000     0.000 r  clock_IBUF_BUFG_inst/O
                         net (fo=166, routed)         0.622     0.622    camera_video/xtime/inst/clk_in1
    MMCME2_ADV_X0Y0      MMCME2_ADV (Prop_mmcme2_adv_CLKIN1_CLKOUT0)
                                                     -1.296    -0.674 r  camera_video/xtime/inst/mmcm_adv_inst/CLKOUT0
                         net (fo=1, routed)           0.648    -0.026    camera_video/xtime/inst/clk_200Mhz_clk_wiz_0
    BUFGCTRL_X0Y6        BUFG (Prop_bufg_I_O)         0.026     0.000 r  camera_video/xtime/inst/clkout1_buf/O
                         net (fo=26, routed)          0.639     0.639    camera_video/clk_200Mhz
    SLICE_X14Y45         FDRE                                         r  camera_video/do_reset.Delay_reg[2]/C
  -------------------------------------------------------------------    -------------------
    SLICE_X14Y45         FDRE (Prop_fdre_C_Q)         0.164     0.803 r  camera_video/do_reset.Delay_reg[2]/Q
                         net (fo=2, routed)           0.127     0.930    camera_video/do_reset.Delay_reg[2]
    SLICE_X14Y45         CARRY4 (Prop_carry4_S[2]_O[2])
                                                      0.110     1.040 r  camera_video/do_reset.Delay_reg[0]_i_2/O[2]
                         net (fo=1, routed)           0.000     1.040    camera_video/do_reset.Delay_reg[0]_i_2_n_5
    SLICE_X14Y45         FDRE                                         r  camera_video/do_reset.Delay_reg[2]/D
  -------------------------------------------------------------------    -------------------

                         (clock clk_200Mhz_clk_wiz_0 rise edge)
                                                      0.000     0.000 r  
    BUFGCTRL_X0Y4        BUFG                         0.000     0.000 r  clock_IBUF_BUFG_inst/O
                         net (fo=166, routed)         0.896     0.896    camera_video/xtime/inst/clk_in1
    MMCME2_ADV_X0Y0      MMCME2_ADV (Prop_mmcme2_adv_CLKIN1_CLKOUT0)
                                                     -1.625    -0.729 r  camera_video/xtime/inst/mmcm_adv_inst/CLKOUT0
                         net (fo=1, routed)           0.700    -0.029    camera_video/xtime/inst/clk_200Mhz_clk_wiz_0
    BUFGCTRL_X0Y6        BUFG (Prop_bufg_I_O)         0.029     0.000 r  camera_video/xtime/inst/clkout1_buf/O
                         net (fo=26, routed)          0.914     0.914    camera_video/clk_200Mhz
    SLICE_X14Y45         FDRE                                         r  camera_video/do_reset.Delay_reg[2]/C
                         clock pessimism             -0.274     0.639    
    SLICE_X14Y45         FDRE (Hold_fdre_C_D)         0.134     0.773    camera_video/do_reset.Delay_reg[2]
  -------------------------------------------------------------------
                         required time                         -0.773    
                         arrival time                           1.040    
  -------------------------------------------------------------------
                         slack                                  0.267    

Slack (MET) :             0.301ns  (arrival time - required time)
  Source:                 camera_video/do_reset.Delay_reg[14]/C
                            (rising edge-triggered cell FDRE clocked by clk_200Mhz_clk_wiz_0  {rise@0.000ns fall@2.500ns period=5.000ns})
  Destination:            camera_video/do_reset.Delay_reg[15]/D
                            (rising edge-triggered cell FDRE clocked by clk_200Mhz_clk_wiz_0  {rise@0.000ns fall@2.500ns period=5.000ns})
  Path Group:             clk_200Mhz_clk_wiz_0
  Path Type:              Hold (Min at Fast Process Corner)
  Requirement:            0.000ns  (clk_200Mhz_clk_wiz_0 rise@0.000ns - clk_200Mhz_clk_wiz_0 rise@0.000ns)
  Data Path Delay:        0.435ns  (logic 0.310ns (71.185%)  route 0.125ns (28.815%))
  Logic Levels:           1  (CARRY4=1)
  Clock Path Skew:        0.000ns (DCD - SCD - CPR)
    Destination Clock Delay (DCD):    0.915ns
    Source Clock Delay      (SCD):    0.640ns
    Clock Pessimism Removal (CPR):    0.274ns

    Location             Delay type                Incr(ns)  Path(ns)    Netlist Resource(s)
  -------------------------------------------------------------------    -------------------
                         (clock clk_200Mhz_clk_wiz_0 rise edge)
                                                      0.000     0.000 r  
    BUFGCTRL_X0Y4        BUFG                         0.000     0.000 r  clock_IBUF_BUFG_inst/O
                         net (fo=166, routed)         0.622     0.622    camera_video/xtime/inst/clk_in1
    MMCME2_ADV_X0Y0      MMCME2_ADV (Prop_mmcme2_adv_CLKIN1_CLKOUT0)
                                                     -1.296    -0.674 r  camera_video/xtime/inst/mmcm_adv_inst/CLKOUT0
                         net (fo=1, routed)           0.648    -0.026    camera_video/xtime/inst/clk_200Mhz_clk_wiz_0
    BUFGCTRL_X0Y6        BUFG (Prop_bufg_I_O)         0.026     0.000 r  camera_video/xtime/inst/clkout1_buf/O
                         net (fo=26, routed)          0.640     0.640    camera_video/clk_200Mhz
    SLICE_X14Y48         FDRE                                         r  camera_video/do_reset.Delay_reg[14]/C
  -------------------------------------------------------------------    -------------------
    SLICE_X14Y48         FDRE (Prop_fdre_C_Q)         0.164     0.804 r  camera_video/do_reset.Delay_reg[14]/Q
                         net (fo=2, routed)           0.125     0.930    camera_video/do_reset.Delay_reg[14]
    SLICE_X14Y48         CARRY4 (Prop_carry4_S[2]_O[3])
                                                      0.146     1.076 r  camera_video/do_reset.Delay_reg[12]_i_1/O[3]
                         net (fo=1, routed)           0.000     1.076    camera_video/do_reset.Delay_reg[12]_i_1_n_4
    SLICE_X14Y48         FDRE                                         r  camera_video/do_reset.Delay_reg[15]/D
  -------------------------------------------------------------------    -------------------

                         (clock clk_200Mhz_clk_wiz_0 rise edge)
                                                      0.000     0.000 r  
    BUFGCTRL_X0Y4        BUFG                         0.000     0.000 r  clock_IBUF_BUFG_inst/O
                         net (fo=166, routed)         0.896     0.896    camera_video/xtime/inst/clk_in1
    MMCME2_ADV_X0Y0      MMCME2_ADV (Prop_mmcme2_adv_CLKIN1_CLKOUT0)
                                                     -1.625    -0.729 r  camera_video/xtime/inst/mmcm_adv_inst/CLKOUT0
                         net (fo=1, routed)           0.700    -0.029    camera_video/xtime/inst/clk_200Mhz_clk_wiz_0
    BUFGCTRL_X0Y6        BUFG (Prop_bufg_I_O)         0.029     0.000 r  camera_video/xtime/inst/clkout1_buf/O
                         net (fo=26, routed)          0.915     0.915    camera_video/clk_200Mhz
    SLICE_X14Y48         FDRE                                         r  camera_video/do_reset.Delay_reg[15]/C
                         clock pessimism             -0.274     0.640    
    SLICE_X14Y48         FDRE (Hold_fdre_C_D)         0.134     0.774    camera_video/do_reset.Delay_reg[15]
  -------------------------------------------------------------------
                         required time                         -0.774    
                         arrival time                           1.076    
  -------------------------------------------------------------------
                         slack                                  0.301    

Slack (MET) :             0.302ns  (arrival time - required time)
  Source:                 camera_video/do_reset.Delay_reg[10]/C
                            (rising edge-triggered cell FDRE clocked by clk_200Mhz_clk_wiz_0  {rise@0.000ns fall@2.500ns period=5.000ns})
  Destination:            camera_video/do_reset.Delay_reg[11]/D
                            (rising edge-triggered cell FDRE clocked by clk_200Mhz_clk_wiz_0  {rise@0.000ns fall@2.500ns period=5.000ns})
  Path Group:             clk_200Mhz_clk_wiz_0
  Path Type:              Hold (Min at Fast Process Corner)
  Requirement:            0.000ns  (clk_200Mhz_clk_wiz_0 rise@0.000ns - clk_200Mhz_clk_wiz_0 rise@0.000ns)
  Data Path Delay:        0.436ns  (logic 0.310ns (71.124%)  route 0.126ns (28.876%))
  Logic Levels:           1  (CARRY4=1)
  Clock Path Skew:        0.000ns (DCD - SCD - CPR)
    Destination Clock Delay (DCD):    0.915ns
    Source Clock Delay      (SCD):    0.640ns
    Clock Pessimism Removal (CPR):    0.274ns

    Location             Delay type                Incr(ns)  Path(ns)    Netlist Resource(s)
  -------------------------------------------------------------------    -------------------
                         (clock clk_200Mhz_clk_wiz_0 rise edge)
                                                      0.000     0.000 r  
    BUFGCTRL_X0Y4        BUFG                         0.000     0.000 r  clock_IBUF_BUFG_inst/O
                         net (fo=166, routed)         0.622     0.622    camera_video/xtime/inst/clk_in1
    MMCME2_ADV_X0Y0      MMCME2_ADV (Prop_mmcme2_adv_CLKIN1_CLKOUT0)
                                                     -1.296    -0.674 r  camera_video/xtime/inst/mmcm_adv_inst/CLKOUT0
                         net (fo=1, routed)           0.648    -0.026    camera_video/xtime/inst/clk_200Mhz_clk_wiz_0
    BUFGCTRL_X0Y6        BUFG (Prop_bufg_I_O)         0.026     0.000 r  camera_video/xtime/inst/clkout1_buf/O
                         net (fo=26, routed)          0.640     0.640    camera_video/clk_200Mhz
    SLICE_X14Y47         FDRE                                         r  camera_video/do_reset.Delay_reg[10]/C
  -------------------------------------------------------------------    -------------------
    SLICE_X14Y47         FDRE (Prop_fdre_C_Q)         0.164     0.804 r  camera_video/do_reset.Delay_reg[10]/Q
                         net (fo=2, routed)           0.126     0.930    camera_video/do_reset.Delay_reg[10]
    SLICE_X14Y47         CARRY4 (Prop_carry4_S[2]_O[3])
                                                      0.146     1.076 r  camera_video/do_reset.Delay_reg[8]_i_1/O[3]
                         net (fo=1, routed)           0.000     1.076    camera_video/do_reset.Delay_reg[8]_i_1_n_4
    SLICE_X14Y47         FDRE                                         r  camera_video/do_reset.Delay_reg[11]/D
  -------------------------------------------------------------------    -------------------

                         (clock clk_200Mhz_clk_wiz_0 rise edge)
                                                      0.000     0.000 r  
    BUFGCTRL_X0Y4        BUFG                         0.000     0.000 r  clock_IBUF_BUFG_inst/O
                         net (fo=166, routed)         0.896     0.896    camera_video/xtime/inst/clk_in1
    MMCME2_ADV_X0Y0      MMCME2_ADV (Prop_mmcme2_adv_CLKIN1_CLKOUT0)
                                                     -1.625    -0.729 r  camera_video/xtime/inst/mmcm_adv_inst/CLKOUT0
                         net (fo=1, routed)           0.700    -0.029    camera_video/xtime/inst/clk_200Mhz_clk_wiz_0
    BUFGCTRL_X0Y6        BUFG (Prop_bufg_I_O)         0.029     0.000 r  camera_video/xtime/inst/clkout1_buf/O
                         net (fo=26, routed)          0.915     0.915    camera_video/clk_200Mhz
    SLICE_X14Y47         FDRE                                         r  camera_video/do_reset.Delay_reg[11]/C
                         clock pessimism             -0.274     0.640    
    SLICE_X14Y47         FDRE (Hold_fdre_C_D)         0.134     0.774    camera_video/do_reset.Delay_reg[11]
  -------------------------------------------------------------------
                         required time                         -0.774    
                         arrival time                           1.076    
  -------------------------------------------------------------------
                         slack                                  0.302    





Pulse Width Checks
--------------------------------------------------------------------------------------
Clock Name:         clk_200Mhz_clk_wiz_0
Waveform(ns):       { 0.000 2.500 }
Period(ns):         5.000
Sources:            { camera_video/xtime/inst/mmcm_adv_inst/CLKOUT0 }

Check Type        Corner  Lib Pin             Reference Pin  Required(ns)  Actual(ns)  Slack(ns)  Location         Pin
Min Period        n/a     BUFG/I              n/a            2.155         5.000       2.845      BUFGCTRL_X0Y6    camera_video/xtime/inst/clkout1_buf/I
Min Period        n/a     MMCME2_ADV/CLKOUT0  n/a            1.249         5.000       3.751      MMCME2_ADV_X0Y0  camera_video/xtime/inst/mmcm_adv_inst/CLKOUT0
Min Period        n/a     FDRE/C              n/a            1.000         5.000       4.000      SLICE_X14Y45     camera_video/do_reset.Delay_reg[0]/C
Min Period        n/a     FDRE/C              n/a            1.000         5.000       4.000      SLICE_X14Y47     camera_video/do_reset.Delay_reg[10]/C
Min Period        n/a     FDRE/C              n/a            1.000         5.000       4.000      SLICE_X14Y47     camera_video/do_reset.Delay_reg[11]/C
Min Period        n/a     FDRE/C              n/a            1.000         5.000       4.000      SLICE_X14Y48     camera_video/do_reset.Delay_reg[12]/C
Min Period        n/a     FDRE/C              n/a            1.000         5.000       4.000      SLICE_X14Y48     camera_video/do_reset.Delay_reg[13]/C
Min Period        n/a     FDRE/C              n/a            1.000         5.000       4.000      SLICE_X14Y48     camera_video/do_reset.Delay_reg[14]/C
Min Period        n/a     FDRE/C              n/a            1.000         5.000       4.000      SLICE_X14Y48     camera_video/do_reset.Delay_reg[15]/C
Min Period        n/a     FDRE/C              n/a            1.000         5.000       4.000      SLICE_X14Y49     camera_video/do_reset.Delay_reg[16]/C
Max Period        n/a     MMCME2_ADV/CLKOUT0  n/a            213.360       5.000       208.360    MMCME2_ADV_X0Y0  camera_video/xtime/inst/mmcm_adv_inst/CLKOUT0
Low Pulse Width   Slow    FDRE/C              n/a            0.500         2.500       2.000      SLICE_X14Y45     camera_video/do_reset.Delay_reg[0]/C
Low Pulse Width   Fast    FDRE/C              n/a            0.500         2.500       2.000      SLICE_X14Y45     camera_video/do_reset.Delay_reg[0]/C
Low Pulse Width   Slow    FDRE/C              n/a            0.500         2.500       2.000      SLICE_X14Y47     camera_video/do_reset.Delay_reg[10]/C
Low Pulse Width   Fast    FDRE/C              n/a            0.500         2.500       2.000      SLICE_X14Y47     camera_video/do_reset.Delay_reg[10]/C
Low Pulse Width   Slow    FDRE/C              n/a            0.500         2.500       2.000      SLICE_X14Y47     camera_video/do_reset.Delay_reg[11]/C
Low Pulse Width   Fast    FDRE/C              n/a            0.500         2.500       2.000      SLICE_X14Y47     camera_video/do_reset.Delay_reg[11]/C
Low Pulse Width   Slow    FDRE/C              n/a            0.500         2.500       2.000      SLICE_X14Y48     camera_video/do_reset.Delay_reg[12]/C
Low Pulse Width   Fast    FDRE/C              n/a            0.500         2.500       2.000      SLICE_X14Y48     camera_video/do_reset.Delay_reg[12]/C
Low Pulse Width   Slow    FDRE/C              n/a            0.500         2.500       2.000      SLICE_X14Y48     camera_video/do_reset.Delay_reg[13]/C
Low Pulse Width   Fast    FDRE/C              n/a            0.500         2.500       2.000      SLICE_X14Y48     camera_video/do_reset.Delay_reg[13]/C
High Pulse Width  Slow    FDRE/C              n/a            0.500         2.500       2.000      SLICE_X14Y45     camera_video/do_reset.Delay_reg[0]/C
High Pulse Width  Fast    FDRE/C              n/a            0.500         2.500       2.000      SLICE_X14Y45     camera_video/do_reset.Delay_reg[0]/C
High Pulse Width  Slow    FDRE/C              n/a            0.500         2.500       2.000      SLICE_X14Y47     camera_video/do_reset.Delay_reg[10]/C
High Pulse Width  Fast    FDRE/C              n/a            0.500         2.500       2.000      SLICE_X14Y47     camera_video/do_reset.Delay_reg[10]/C
High Pulse Width  Slow    FDRE/C              n/a            0.500         2.500       2.000      SLICE_X14Y47     camera_video/do_reset.Delay_reg[11]/C
High Pulse Width  Fast    FDRE/C              n/a            0.500         2.500       2.000      SLICE_X14Y47     camera_video/do_reset.Delay_reg[11]/C
High Pulse Width  Slow    FDRE/C              n/a            0.500         2.500       2.000      SLICE_X14Y48     camera_video/do_reset.Delay_reg[12]/C
High Pulse Width  Fast    FDRE/C              n/a            0.500         2.500       2.000      SLICE_X14Y48     camera_video/do_reset.Delay_reg[12]/C
High Pulse Width  Slow    FDRE/C              n/a            0.500         2.500       2.000      SLICE_X14Y48     camera_video/do_reset.Delay_reg[13]/C
High Pulse Width  Fast    FDRE/C              n/a            0.500         2.500       2.000      SLICE_X14Y48     camera_video/do_reset.Delay_reg[13]/C



---------------------------------------------------------------------------------------------------
From Clock:  clk_5Mhz_clk_wiz_0
  To Clock:  clk_5Mhz_clk_wiz_0

Setup :            0  Failing Endpoints,  Worst Slack      195.784ns,  Total Violation        0.000ns
Hold  :            0  Failing Endpoints,  Worst Slack        0.213ns,  Total Violation        0.000ns
PW    :            0  Failing Endpoints,  Worst Slack       13.360ns,  Total Violation        0.000ns
---------------------------------------------------------------------------------------------------


Max Delay Paths
--------------------------------------------------------------------------------------
Slack (MET) :             195.784ns  (required time - arrival time)
  Source:                 camera_video/do_debouncer_clock/generate_clock.delay_reg[5]/C
                            (rising edge-triggered cell FDRE clocked by clk_5Mhz_clk_wiz_0  {rise@0.000ns fall@100.000ns period=200.000ns})
  Destination:            camera_video/do_debouncer_clock/generate_clock.clock_reg/D
                            (rising edge-triggered cell FDRE clocked by clk_5Mhz_clk_wiz_0  {rise@0.000ns fall@100.000ns period=200.000ns})
  Path Group:             clk_5Mhz_clk_wiz_0
  Path Type:              Setup (Max at Slow Process Corner)
  Requirement:            200.000ns  (clk_5Mhz_clk_wiz_0 rise@200.000ns - clk_5Mhz_clk_wiz_0 rise@0.000ns)
  Data Path Delay:        4.126ns  (logic 1.731ns (41.956%)  route 2.395ns (58.044%))
  Logic Levels:           4  (CARRY4=2 LUT6=2)
  Clock Path Skew:        -0.025ns (DCD - SCD + CPR)
    Destination Clock Delay (DCD):    1.688ns = ( 201.688 - 200.000 ) 
    Source Clock Delay      (SCD):    1.817ns
    Clock Pessimism Removal (CPR):    0.104ns
  Clock Uncertainty:      0.142ns  ((TSJ^2 + DJ^2)^1/2) / 2 + PE
    Total System Jitter     (TSJ):    0.071ns
    Discrete Jitter          (DJ):    0.275ns
    Phase Error              (PE):    0.000ns

    Location             Delay type                Incr(ns)  Path(ns)    Netlist Resource(s)
  -------------------------------------------------------------------    -------------------
                         (clock clk_5Mhz_clk_wiz_0 rise edge)
                                                      0.000     0.000 r  
    BUFGCTRL_X0Y4        BUFG                         0.000     0.000 r  clock_IBUF_BUFG_inst/O
                         net (fo=166, routed)         1.807     1.807    camera_video/xtime/inst/clk_in1
    MMCME2_ADV_X0Y0      MMCME2_ADV (Prop_mmcme2_adv_CLKIN1_CLKOUT2)
                                                     -3.922    -2.114 r  camera_video/xtime/inst/mmcm_adv_inst/CLKOUT2
                         net (fo=1, routed)           2.018    -0.096    camera_video/xtime/inst/clk_5Mhz_clk_wiz_0
    BUFGCTRL_X0Y7        BUFG (Prop_bufg_I_O)         0.096    -0.000 r  camera_video/xtime/inst/clkout3_buf/O
                         net (fo=22, routed)          1.817     1.817    camera_video/do_debouncer_clock/CLK
    SLICE_X13Y41         FDRE                                         r  camera_video/do_debouncer_clock/generate_clock.delay_reg[5]/C
  -------------------------------------------------------------------    -------------------
    SLICE_X13Y41         FDRE (Prop_fdre_C_Q)         0.456     2.273 r  camera_video/do_debouncer_clock/generate_clock.delay_reg[5]/Q
                         net (fo=2, routed)           0.638     2.911    camera_video/do_debouncer_clock/generate_clock.delay_reg[5]
    SLICE_X12Y41         CARRY4 (Prop_carry4_S[0]_CO[3])
                                                      0.637     3.548 r  camera_video/do_debouncer_clock/generate_clock.clock_reg_i_5/CO[3]
                         net (fo=1, routed)           0.000     3.548    camera_video/do_debouncer_clock/generate_clock.clock_reg_i_5_n_0
    SLICE_X12Y42         CARRY4 (Prop_carry4_CI_O[0])
                                                      0.219     3.767 f  camera_video/do_debouncer_clock/generate_clock.clock_reg_i_6/O[0]
                         net (fo=1, routed)           0.860     4.627    camera_video/do_debouncer_clock/generate_clock.clock_reg_i_6_n_7
    SLICE_X14Y41         LUT6 (Prop_lut6_I4_O)        0.295     4.922 r  camera_video/do_debouncer_clock/generate_clock.clock_i_2/O
                         net (fo=1, routed)           0.897     5.819    camera_video/do_debouncer_clock/generate_clock.clock_i_2_n_0
    SLICE_X14Y41         LUT6 (Prop_lut6_I0_O)        0.124     5.943 r  camera_video/do_debouncer_clock/generate_clock.clock_i_1/O
                         net (fo=1, routed)           0.000     5.943    camera_video/do_debouncer_clock/generate_clock.clock_i_1_n_0
    SLICE_X14Y41         FDRE                                         r  camera_video/do_debouncer_clock/generate_clock.clock_reg/D
  -------------------------------------------------------------------    -------------------

                         (clock clk_5Mhz_clk_wiz_0 rise edge)
                                                    200.000   200.000 r  
    BUFGCTRL_X0Y4        BUFG                         0.000   200.000 r  clock_IBUF_BUFG_inst/O
                         net (fo=166, routed)         1.680   201.680    camera_video/xtime/inst/clk_in1
    MMCME2_ADV_X0Y0      MMCME2_ADV (Prop_mmcme2_adv_CLKIN1_CLKOUT2)
                                                     -3.694   197.986 r  camera_video/xtime/inst/mmcm_adv_inst/CLKOUT2
                         net (fo=1, routed)           1.923   199.909    camera_video/xtime/inst/clk_5Mhz_clk_wiz_0
    BUFGCTRL_X0Y7        BUFG (Prop_bufg_I_O)         0.091   200.000 r  camera_video/xtime/inst/clkout3_buf/O
                         net (fo=22, routed)          1.688   201.688    camera_video/do_debouncer_clock/CLK
    SLICE_X14Y41         FDRE                                         r  camera_video/do_debouncer_clock/generate_clock.clock_reg/C
                         clock pessimism              0.104   201.792    
                         clock uncertainty           -0.142   201.650    
    SLICE_X14Y41         FDRE (Setup_fdre_C_D)        0.077   201.727    camera_video/do_debouncer_clock/generate_clock.clock_reg
  -------------------------------------------------------------------
                         required time                        201.727    
                         arrival time                          -5.943    
  -------------------------------------------------------------------
                         slack                                195.784    

Slack (MET) :             197.303ns  (required time - arrival time)
  Source:                 camera_video/vsync_debounce.vsync_previous_reg/C
                            (rising edge-triggered cell FDRE clocked by clk_5Mhz_clk_wiz_0  {rise@0.000ns fall@100.000ns period=200.000ns})
  Destination:            camera_video/vsync_debounce.Count_reg[0]/R
                            (rising edge-triggered cell FDRE clocked by clk_5Mhz_clk_wiz_0  {rise@0.000ns fall@100.000ns period=200.000ns})
  Path Group:             clk_5Mhz_clk_wiz_0
  Path Type:              Setup (Max at Slow Process Corner)
  Requirement:            200.000ns  (clk_5Mhz_clk_wiz_0 rise@200.000ns - clk_5Mhz_clk_wiz_0 rise@0.000ns)
  Data Path Delay:        1.902ns  (logic 0.608ns (31.963%)  route 1.294ns (68.037%))
  Logic Levels:           1  (LUT4=1)
  Clock Path Skew:        -0.022ns (DCD - SCD + CPR)
    Destination Clock Delay (DCD):    1.686ns = ( 201.686 - 200.000 ) 
    Source Clock Delay      (SCD):    1.817ns
    Clock Pessimism Removal (CPR):    0.109ns
  Clock Uncertainty:      0.142ns  ((TSJ^2 + DJ^2)^1/2) / 2 + PE
    Total System Jitter     (TSJ):    0.071ns
    Discrete Jitter          (DJ):    0.275ns
    Phase Error              (PE):    0.000ns

    Location             Delay type                Incr(ns)  Path(ns)    Netlist Resource(s)
  -------------------------------------------------------------------    -------------------
                         (clock clk_5Mhz_clk_wiz_0 rise edge)
                                                      0.000     0.000 r  
    BUFGCTRL_X0Y4        BUFG                         0.000     0.000 r  clock_IBUF_BUFG_inst/O
                         net (fo=166, routed)         1.807     1.807    camera_video/xtime/inst/clk_in1
    MMCME2_ADV_X0Y0      MMCME2_ADV (Prop_mmcme2_adv_CLKIN1_CLKOUT2)
                                                     -3.922    -2.114 r  camera_video/xtime/inst/mmcm_adv_inst/CLKOUT2
                         net (fo=1, routed)           2.018    -0.096    camera_video/xtime/inst/clk_5Mhz_clk_wiz_0
    BUFGCTRL_X0Y7        BUFG (Prop_bufg_I_O)         0.096    -0.000 r  camera_video/xtime/inst/clkout3_buf/O
                         net (fo=22, routed)          1.817     1.817    camera_video/clk_5Mhz
    SLICE_X18Y44         FDRE                                         r  camera_video/vsync_debounce.vsync_previous_reg/C
  -------------------------------------------------------------------    -------------------
    SLICE_X18Y44         FDRE (Prop_fdre_C_Q)         0.456     2.273 r  camera_video/vsync_debounce.vsync_previous_reg/Q
                         net (fo=3, routed)           0.669     2.942    camera_video/debounce_video_source/vsync_debounce.vsync_previous
    SLICE_X18Y44         LUT4 (Prop_lut4_I0_O)        0.152     3.094 r  camera_video/debounce_video_source/vsync_debounce.Count[4]_i_1/O
                         net (fo=5, routed)           0.625     3.720    camera_video/clear
    SLICE_X19Y44         FDRE                                         r  camera_video/vsync_debounce.Count_reg[0]/R
  -------------------------------------------------------------------    -------------------

                         (clock clk_5Mhz_clk_wiz_0 rise edge)
                                                    200.000   200.000 r  
    BUFGCTRL_X0Y4        BUFG                         0.000   200.000 r  clock_IBUF_BUFG_inst/O
                         net (fo=166, routed)         1.680   201.680    camera_video/xtime/inst/clk_in1
    MMCME2_ADV_X0Y0      MMCME2_ADV (Prop_mmcme2_adv_CLKIN1_CLKOUT2)
                                                     -3.694   197.986 r  camera_video/xtime/inst/mmcm_adv_inst/CLKOUT2
                         net (fo=1, routed)           1.923   199.909    camera_video/xtime/inst/clk_5Mhz_clk_wiz_0
    BUFGCTRL_X0Y7        BUFG (Prop_bufg_I_O)         0.091   200.000 r  camera_video/xtime/inst/clkout3_buf/O
                         net (fo=22, routed)          1.686   201.686    camera_video/clk_5Mhz
    SLICE_X19Y44         FDRE                                         r  camera_video/vsync_debounce.Count_reg[0]/C
                         clock pessimism              0.109   201.795    
                         clock uncertainty           -0.142   201.653    
    SLICE_X19Y44         FDRE (Setup_fdre_C_R)       -0.631   201.022    camera_video/vsync_debounce.Count_reg[0]
  -------------------------------------------------------------------
                         required time                        201.022    
                         arrival time                          -3.720    
  -------------------------------------------------------------------
                         slack                                197.303    

Slack (MET) :             197.303ns  (required time - arrival time)
  Source:                 camera_video/vsync_debounce.vsync_previous_reg/C
                            (rising edge-triggered cell FDRE clocked by clk_5Mhz_clk_wiz_0  {rise@0.000ns fall@100.000ns period=200.000ns})
  Destination:            camera_video/vsync_debounce.Count_reg[1]/R
                            (rising edge-triggered cell FDRE clocked by clk_5Mhz_clk_wiz_0  {rise@0.000ns fall@100.000ns period=200.000ns})
  Path Group:             clk_5Mhz_clk_wiz_0
  Path Type:              Setup (Max at Slow Process Corner)
  Requirement:            200.000ns  (clk_5Mhz_clk_wiz_0 rise@200.000ns - clk_5Mhz_clk_wiz_0 rise@0.000ns)
  Data Path Delay:        1.902ns  (logic 0.608ns (31.963%)  route 1.294ns (68.037%))
  Logic Levels:           1  (LUT4=1)
  Clock Path Skew:        -0.022ns (DCD - SCD + CPR)
    Destination Clock Delay (DCD):    1.686ns = ( 201.686 - 200.000 ) 
    Source Clock Delay      (SCD):    1.817ns
    Clock Pessimism Removal (CPR):    0.109ns
  Clock Uncertainty:      0.142ns  ((TSJ^2 + DJ^2)^1/2) / 2 + PE
    Total System Jitter     (TSJ):    0.071ns
    Discrete Jitter          (DJ):    0.275ns
    Phase Error              (PE):    0.000ns

    Location             Delay type                Incr(ns)  Path(ns)    Netlist Resource(s)
  -------------------------------------------------------------------    -------------------
                         (clock clk_5Mhz_clk_wiz_0 rise edge)
                                                      0.000     0.000 r  
    BUFGCTRL_X0Y4        BUFG                         0.000     0.000 r  clock_IBUF_BUFG_inst/O
                         net (fo=166, routed)         1.807     1.807    camera_video/xtime/inst/clk_in1
    MMCME2_ADV_X0Y0      MMCME2_ADV (Prop_mmcme2_adv_CLKIN1_CLKOUT2)
                                                     -3.922    -2.114 r  camera_video/xtime/inst/mmcm_adv_inst/CLKOUT2
                         net (fo=1, routed)           2.018    -0.096    camera_video/xtime/inst/clk_5Mhz_clk_wiz_0
    BUFGCTRL_X0Y7        BUFG (Prop_bufg_I_O)         0.096    -0.000 r  camera_video/xtime/inst/clkout3_buf/O
                         net (fo=22, routed)          1.817     1.817    camera_video/clk_5Mhz
    SLICE_X18Y44         FDRE                                         r  camera_video/vsync_debounce.vsync_previous_reg/C
  -------------------------------------------------------------------    -------------------
    SLICE_X18Y44         FDRE (Prop_fdre_C_Q)         0.456     2.273 r  camera_video/vsync_debounce.vsync_previous_reg/Q
                         net (fo=3, routed)           0.669     2.942    camera_video/debounce_video_source/vsync_debounce.vsync_previous
    SLICE_X18Y44         LUT4 (Prop_lut4_I0_O)        0.152     3.094 r  camera_video/debounce_video_source/vsync_debounce.Count[4]_i_1/O
                         net (fo=5, routed)           0.625     3.720    camera_video/clear
    SLICE_X19Y44         FDRE                                         r  camera_video/vsync_debounce.Count_reg[1]/R
  -------------------------------------------------------------------    -------------------

                         (clock clk_5Mhz_clk_wiz_0 rise edge)
                                                    200.000   200.000 r  
    BUFGCTRL_X0Y4        BUFG                         0.000   200.000 r  clock_IBUF_BUFG_inst/O
                         net (fo=166, routed)         1.680   201.680    camera_video/xtime/inst/clk_in1
    MMCME2_ADV_X0Y0      MMCME2_ADV (Prop_mmcme2_adv_CLKIN1_CLKOUT2)
                                                     -3.694   197.986 r  camera_video/xtime/inst/mmcm_adv_inst/CLKOUT2
                         net (fo=1, routed)           1.923   199.909    camera_video/xtime/inst/clk_5Mhz_clk_wiz_0
    BUFGCTRL_X0Y7        BUFG (Prop_bufg_I_O)         0.091   200.000 r  camera_video/xtime/inst/clkout3_buf/O
                         net (fo=22, routed)          1.686   201.686    camera_video/clk_5Mhz
    SLICE_X19Y44         FDRE                                         r  camera_video/vsync_debounce.Count_reg[1]/C
                         clock pessimism              0.109   201.795    
                         clock uncertainty           -0.142   201.653    
    SLICE_X19Y44         FDRE (Setup_fdre_C_R)       -0.631   201.022    camera_video/vsync_debounce.Count_reg[1]
  -------------------------------------------------------------------
                         required time                        201.022    
                         arrival time                          -3.720    
  -------------------------------------------------------------------
                         slack                                197.303    

Slack (MET) :             197.303ns  (required time - arrival time)
  Source:                 camera_video/vsync_debounce.vsync_previous_reg/C
                            (rising edge-triggered cell FDRE clocked by clk_5Mhz_clk_wiz_0  {rise@0.000ns fall@100.000ns period=200.000ns})
  Destination:            camera_video/vsync_debounce.Count_reg[2]/R
                            (rising edge-triggered cell FDRE clocked by clk_5Mhz_clk_wiz_0  {rise@0.000ns fall@100.000ns period=200.000ns})
  Path Group:             clk_5Mhz_clk_wiz_0
  Path Type:              Setup (Max at Slow Process Corner)
  Requirement:            200.000ns  (clk_5Mhz_clk_wiz_0 rise@200.000ns - clk_5Mhz_clk_wiz_0 rise@0.000ns)
  Data Path Delay:        1.902ns  (logic 0.608ns (31.963%)  route 1.294ns (68.037%))
  Logic Levels:           1  (LUT4=1)
  Clock Path Skew:        -0.022ns (DCD - SCD + CPR)
    Destination Clock Delay (DCD):    1.686ns = ( 201.686 - 200.000 ) 
    Source Clock Delay      (SCD):    1.817ns
    Clock Pessimism Removal (CPR):    0.109ns
  Clock Uncertainty:      0.142ns  ((TSJ^2 + DJ^2)^1/2) / 2 + PE
    Total System Jitter     (TSJ):    0.071ns
    Discrete Jitter          (DJ):    0.275ns
    Phase Error              (PE):    0.000ns

    Location             Delay type                Incr(ns)  Path(ns)    Netlist Resource(s)
  -------------------------------------------------------------------    -------------------
                         (clock clk_5Mhz_clk_wiz_0 rise edge)
                                                      0.000     0.000 r  
    BUFGCTRL_X0Y4        BUFG                         0.000     0.000 r  clock_IBUF_BUFG_inst/O
                         net (fo=166, routed)         1.807     1.807    camera_video/xtime/inst/clk_in1
    MMCME2_ADV_X0Y0      MMCME2_ADV (Prop_mmcme2_adv_CLKIN1_CLKOUT2)
                                                     -3.922    -2.114 r  camera_video/xtime/inst/mmcm_adv_inst/CLKOUT2
                         net (fo=1, routed)           2.018    -0.096    camera_video/xtime/inst/clk_5Mhz_clk_wiz_0
    BUFGCTRL_X0Y7        BUFG (Prop_bufg_I_O)         0.096    -0.000 r  camera_video/xtime/inst/clkout3_buf/O
                         net (fo=22, routed)          1.817     1.817    camera_video/clk_5Mhz
    SLICE_X18Y44         FDRE                                         r  camera_video/vsync_debounce.vsync_previous_reg/C
  -------------------------------------------------------------------    -------------------
    SLICE_X18Y44         FDRE (Prop_fdre_C_Q)         0.456     2.273 r  camera_video/vsync_debounce.vsync_previous_reg/Q
                         net (fo=3, routed)           0.669     2.942    camera_video/debounce_video_source/vsync_debounce.vsync_previous
    SLICE_X18Y44         LUT4 (Prop_lut4_I0_O)        0.152     3.094 r  camera_video/debounce_video_source/vsync_debounce.Count[4]_i_1/O
                         net (fo=5, routed)           0.625     3.720    camera_video/clear
    SLICE_X19Y44         FDRE                                         r  camera_video/vsync_debounce.Count_reg[2]/R
  -------------------------------------------------------------------    -------------------

                         (clock clk_5Mhz_clk_wiz_0 rise edge)
                                                    200.000   200.000 r  
    BUFGCTRL_X0Y4        BUFG                         0.000   200.000 r  clock_IBUF_BUFG_inst/O
                         net (fo=166, routed)         1.680   201.680    camera_video/xtime/inst/clk_in1
    MMCME2_ADV_X0Y0      MMCME2_ADV (Prop_mmcme2_adv_CLKIN1_CLKOUT2)
                                                     -3.694   197.986 r  camera_video/xtime/inst/mmcm_adv_inst/CLKOUT2
                         net (fo=1, routed)           1.923   199.909    camera_video/xtime/inst/clk_5Mhz_clk_wiz_0
    BUFGCTRL_X0Y7        BUFG (Prop_bufg_I_O)         0.091   200.000 r  camera_video/xtime/inst/clkout3_buf/O
                         net (fo=22, routed)          1.686   201.686    camera_video/clk_5Mhz
    SLICE_X19Y44         FDRE                                         r  camera_video/vsync_debounce.Count_reg[2]/C
                         clock pessimism              0.109   201.795    
                         clock uncertainty           -0.142   201.653    
    SLICE_X19Y44         FDRE (Setup_fdre_C_R)       -0.631   201.022    camera_video/vsync_debounce.Count_reg[2]
  -------------------------------------------------------------------
                         required time                        201.022    
                         arrival time                          -3.720    
  -------------------------------------------------------------------
                         slack                                197.303    

Slack (MET) :             197.303ns  (required time - arrival time)
  Source:                 camera_video/vsync_debounce.vsync_previous_reg/C
                            (rising edge-triggered cell FDRE clocked by clk_5Mhz_clk_wiz_0  {rise@0.000ns fall@100.000ns period=200.000ns})
  Destination:            camera_video/vsync_debounce.Count_reg[3]/R
                            (rising edge-triggered cell FDRE clocked by clk_5Mhz_clk_wiz_0  {rise@0.000ns fall@100.000ns period=200.000ns})
  Path Group:             clk_5Mhz_clk_wiz_0
  Path Type:              Setup (Max at Slow Process Corner)
  Requirement:            200.000ns  (clk_5Mhz_clk_wiz_0 rise@200.000ns - clk_5Mhz_clk_wiz_0 rise@0.000ns)
  Data Path Delay:        1.902ns  (logic 0.608ns (31.963%)  route 1.294ns (68.037%))
  Logic Levels:           1  (LUT4=1)
  Clock Path Skew:        -0.022ns (DCD - SCD + CPR)
    Destination Clock Delay (DCD):    1.686ns = ( 201.686 - 200.000 ) 
    Source Clock Delay      (SCD):    1.817ns
    Clock Pessimism Removal (CPR):    0.109ns
  Clock Uncertainty:      0.142ns  ((TSJ^2 + DJ^2)^1/2) / 2 + PE
    Total System Jitter     (TSJ):    0.071ns
    Discrete Jitter          (DJ):    0.275ns
    Phase Error              (PE):    0.000ns

    Location             Delay type                Incr(ns)  Path(ns)    Netlist Resource(s)
  -------------------------------------------------------------------    -------------------
                         (clock clk_5Mhz_clk_wiz_0 rise edge)
                                                      0.000     0.000 r  
    BUFGCTRL_X0Y4        BUFG                         0.000     0.000 r  clock_IBUF_BUFG_inst/O
                         net (fo=166, routed)         1.807     1.807    camera_video/xtime/inst/clk_in1
    MMCME2_ADV_X0Y0      MMCME2_ADV (Prop_mmcme2_adv_CLKIN1_CLKOUT2)
                                                     -3.922    -2.114 r  camera_video/xtime/inst/mmcm_adv_inst/CLKOUT2
                         net (fo=1, routed)           2.018    -0.096    camera_video/xtime/inst/clk_5Mhz_clk_wiz_0
    BUFGCTRL_X0Y7        BUFG (Prop_bufg_I_O)         0.096    -0.000 r  camera_video/xtime/inst/clkout3_buf/O
                         net (fo=22, routed)          1.817     1.817    camera_video/clk_5Mhz
    SLICE_X18Y44         FDRE                                         r  camera_video/vsync_debounce.vsync_previous_reg/C
  -------------------------------------------------------------------    -------------------
    SLICE_X18Y44         FDRE (Prop_fdre_C_Q)         0.456     2.273 r  camera_video/vsync_debounce.vsync_previous_reg/Q
                         net (fo=3, routed)           0.669     2.942    camera_video/debounce_video_source/vsync_debounce.vsync_previous
    SLICE_X18Y44         LUT4 (Prop_lut4_I0_O)        0.152     3.094 r  camera_video/debounce_video_source/vsync_debounce.Count[4]_i_1/O
                         net (fo=5, routed)           0.625     3.720    camera_video/clear
    SLICE_X19Y44         FDRE                                         r  camera_video/vsync_debounce.Count_reg[3]/R
  -------------------------------------------------------------------    -------------------

                         (clock clk_5Mhz_clk_wiz_0 rise edge)
                                                    200.000   200.000 r  
    BUFGCTRL_X0Y4        BUFG                         0.000   200.000 r  clock_IBUF_BUFG_inst/O
                         net (fo=166, routed)         1.680   201.680    camera_video/xtime/inst/clk_in1
    MMCME2_ADV_X0Y0      MMCME2_ADV (Prop_mmcme2_adv_CLKIN1_CLKOUT2)
                                                     -3.694   197.986 r  camera_video/xtime/inst/mmcm_adv_inst/CLKOUT2
                         net (fo=1, routed)           1.923   199.909    camera_video/xtime/inst/clk_5Mhz_clk_wiz_0
    BUFGCTRL_X0Y7        BUFG (Prop_bufg_I_O)         0.091   200.000 r  camera_video/xtime/inst/clkout3_buf/O
                         net (fo=22, routed)          1.686   201.686    camera_video/clk_5Mhz
    SLICE_X19Y44         FDRE                                         r  camera_video/vsync_debounce.Count_reg[3]/C
                         clock pessimism              0.109   201.795    
                         clock uncertainty           -0.142   201.653    
    SLICE_X19Y44         FDRE (Setup_fdre_C_R)       -0.631   201.022    camera_video/vsync_debounce.Count_reg[3]
  -------------------------------------------------------------------
                         required time                        201.022    
                         arrival time                          -3.720    
  -------------------------------------------------------------------
                         slack                                197.303    

Slack (MET) :             197.303ns  (required time - arrival time)
  Source:                 camera_video/vsync_debounce.vsync_previous_reg/C
                            (rising edge-triggered cell FDRE clocked by clk_5Mhz_clk_wiz_0  {rise@0.000ns fall@100.000ns period=200.000ns})
  Destination:            camera_video/vsync_debounce.Count_reg[4]/R
                            (rising edge-triggered cell FDRE clocked by clk_5Mhz_clk_wiz_0  {rise@0.000ns fall@100.000ns period=200.000ns})
  Path Group:             clk_5Mhz_clk_wiz_0
  Path Type:              Setup (Max at Slow Process Corner)
  Requirement:            200.000ns  (clk_5Mhz_clk_wiz_0 rise@200.000ns - clk_5Mhz_clk_wiz_0 rise@0.000ns)
  Data Path Delay:        1.902ns  (logic 0.608ns (31.963%)  route 1.294ns (68.037%))
  Logic Levels:           1  (LUT4=1)
  Clock Path Skew:        -0.022ns (DCD - SCD + CPR)
    Destination Clock Delay (DCD):    1.686ns = ( 201.686 - 200.000 ) 
    Source Clock Delay      (SCD):    1.817ns
    Clock Pessimism Removal (CPR):    0.109ns
  Clock Uncertainty:      0.142ns  ((TSJ^2 + DJ^2)^1/2) / 2 + PE
    Total System Jitter     (TSJ):    0.071ns
    Discrete Jitter          (DJ):    0.275ns
    Phase Error              (PE):    0.000ns

    Location             Delay type                Incr(ns)  Path(ns)    Netlist Resource(s)
  -------------------------------------------------------------------    -------------------
                         (clock clk_5Mhz_clk_wiz_0 rise edge)
                                                      0.000     0.000 r  
    BUFGCTRL_X0Y4        BUFG                         0.000     0.000 r  clock_IBUF_BUFG_inst/O
                         net (fo=166, routed)         1.807     1.807    camera_video/xtime/inst/clk_in1
    MMCME2_ADV_X0Y0      MMCME2_ADV (Prop_mmcme2_adv_CLKIN1_CLKOUT2)
                                                     -3.922    -2.114 r  camera_video/xtime/inst/mmcm_adv_inst/CLKOUT2
                         net (fo=1, routed)           2.018    -0.096    camera_video/xtime/inst/clk_5Mhz_clk_wiz_0
    BUFGCTRL_X0Y7        BUFG (Prop_bufg_I_O)         0.096    -0.000 r  camera_video/xtime/inst/clkout3_buf/O
                         net (fo=22, routed)          1.817     1.817    camera_video/clk_5Mhz
    SLICE_X18Y44         FDRE                                         r  camera_video/vsync_debounce.vsync_previous_reg/C
  -------------------------------------------------------------------    -------------------
    SLICE_X18Y44         FDRE (Prop_fdre_C_Q)         0.456     2.273 r  camera_video/vsync_debounce.vsync_previous_reg/Q
                         net (fo=3, routed)           0.669     2.942    camera_video/debounce_video_source/vsync_debounce.vsync_previous
    SLICE_X18Y44         LUT4 (Prop_lut4_I0_O)        0.152     3.094 r  camera_video/debounce_video_source/vsync_debounce.Count[4]_i_1/O
                         net (fo=5, routed)           0.625     3.720    camera_video/clear
    SLICE_X19Y44         FDRE                                         r  camera_video/vsync_debounce.Count_reg[4]/R
  -------------------------------------------------------------------    -------------------

                         (clock clk_5Mhz_clk_wiz_0 rise edge)
                                                    200.000   200.000 r  
    BUFGCTRL_X0Y4        BUFG                         0.000   200.000 r  clock_IBUF_BUFG_inst/O
                         net (fo=166, routed)         1.680   201.680    camera_video/xtime/inst/clk_in1
    MMCME2_ADV_X0Y0      MMCME2_ADV (Prop_mmcme2_adv_CLKIN1_CLKOUT2)
                                                     -3.694   197.986 r  camera_video/xtime/inst/mmcm_adv_inst/CLKOUT2
                         net (fo=1, routed)           1.923   199.909    camera_video/xtime/inst/clk_5Mhz_clk_wiz_0
    BUFGCTRL_X0Y7        BUFG (Prop_bufg_I_O)         0.091   200.000 r  camera_video/xtime/inst/clkout3_buf/O
                         net (fo=22, routed)          1.686   201.686    camera_video/clk_5Mhz
    SLICE_X19Y44         FDRE                                         r  camera_video/vsync_debounce.Count_reg[4]/C
                         clock pessimism              0.109   201.795    
                         clock uncertainty           -0.142   201.653    
    SLICE_X19Y44         FDRE (Setup_fdre_C_R)       -0.631   201.022    camera_video/vsync_debounce.Count_reg[4]
  -------------------------------------------------------------------
                         required time                        201.022    
                         arrival time                          -3.720    
  -------------------------------------------------------------------
                         slack                                197.303    

Slack (MET) :             197.421ns  (required time - arrival time)
  Source:                 camera_video/vsync_debounce.Count_reg[2]/C
                            (rising edge-triggered cell FDRE clocked by clk_5Mhz_clk_wiz_0  {rise@0.000ns fall@100.000ns period=200.000ns})
  Destination:            camera_video/vsync_debounce.Count_reg[0]/CE
                            (rising edge-triggered cell FDRE clocked by clk_5Mhz_clk_wiz_0  {rise@0.000ns fall@100.000ns period=200.000ns})
  Path Group:             clk_5Mhz_clk_wiz_0
  Path Type:              Setup (Max at Slow Process Corner)
  Requirement:            200.000ns  (clk_5Mhz_clk_wiz_0 rise@200.000ns - clk_5Mhz_clk_wiz_0 rise@0.000ns)
  Data Path Delay:        2.232ns  (logic 0.718ns (32.171%)  route 1.514ns (67.829%))
  Logic Levels:           1  (LUT5=1)
  Clock Path Skew:        0.000ns (DCD - SCD + CPR)
    Destination Clock Delay (DCD):    1.686ns = ( 201.686 - 200.000 ) 
    Source Clock Delay      (SCD):    1.817ns
    Clock Pessimism Removal (CPR):    0.131ns
  Clock Uncertainty:      0.142ns  ((TSJ^2 + DJ^2)^1/2) / 2 + PE
    Total System Jitter     (TSJ):    0.071ns
    Discrete Jitter          (DJ):    0.275ns
    Phase Error              (PE):    0.000ns

    Location             Delay type                Incr(ns)  Path(ns)    Netlist Resource(s)
  -------------------------------------------------------------------    -------------------
                         (clock clk_5Mhz_clk_wiz_0 rise edge)
                                                      0.000     0.000 r  
    BUFGCTRL_X0Y4        BUFG                         0.000     0.000 r  clock_IBUF_BUFG_inst/O
                         net (fo=166, routed)         1.807     1.807    camera_video/xtime/inst/clk_in1
    MMCME2_ADV_X0Y0      MMCME2_ADV (Prop_mmcme2_adv_CLKIN1_CLKOUT2)
                                                     -3.922    -2.114 r  camera_video/xtime/inst/mmcm_adv_inst/CLKOUT2
                         net (fo=1, routed)           2.018    -0.096    camera_video/xtime/inst/clk_5Mhz_clk_wiz_0
    BUFGCTRL_X0Y7        BUFG (Prop_bufg_I_O)         0.096    -0.000 r  camera_video/xtime/inst/clkout3_buf/O
                         net (fo=22, routed)          1.817     1.817    camera_video/clk_5Mhz
    SLICE_X19Y44         FDRE                                         r  camera_video/vsync_debounce.Count_reg[2]/C
  -------------------------------------------------------------------    -------------------
    SLICE_X19Y44         FDRE (Prop_fdre_C_Q)         0.419     2.236 f  camera_video/vsync_debounce.Count_reg[2]/Q
                         net (fo=5, routed)           0.901     3.137    camera_video/vsync_debounce.Count_reg[2]
    SLICE_X19Y44         LUT5 (Prop_lut5_I1_O)        0.299     3.436 r  camera_video/vsync_debounce.Count[4]_i_2/O
                         net (fo=5, routed)           0.613     4.049    camera_video/vsync_debounce.Count[4]_i_2_n_0
    SLICE_X19Y44         FDRE                                         r  camera_video/vsync_debounce.Count_reg[0]/CE
  -------------------------------------------------------------------    -------------------

                         (clock clk_5Mhz_clk_wiz_0 rise edge)
                                                    200.000   200.000 r  
    BUFGCTRL_X0Y4        BUFG                         0.000   200.000 r  clock_IBUF_BUFG_inst/O
                         net (fo=166, routed)         1.680   201.680    camera_video/xtime/inst/clk_in1
    MMCME2_ADV_X0Y0      MMCME2_ADV (Prop_mmcme2_adv_CLKIN1_CLKOUT2)
                                                     -3.694   197.986 r  camera_video/xtime/inst/mmcm_adv_inst/CLKOUT2
                         net (fo=1, routed)           1.923   199.909    camera_video/xtime/inst/clk_5Mhz_clk_wiz_0
    BUFGCTRL_X0Y7        BUFG (Prop_bufg_I_O)         0.091   200.000 r  camera_video/xtime/inst/clkout3_buf/O
                         net (fo=22, routed)          1.686   201.686    camera_video/clk_5Mhz
    SLICE_X19Y44         FDRE                                         r  camera_video/vsync_debounce.Count_reg[0]/C
                         clock pessimism              0.131   201.817    
                         clock uncertainty           -0.142   201.675    
    SLICE_X19Y44         FDRE (Setup_fdre_C_CE)      -0.205   201.470    camera_video/vsync_debounce.Count_reg[0]
  -------------------------------------------------------------------
                         required time                        201.470    
                         arrival time                          -4.049    
  -------------------------------------------------------------------
                         slack                                197.421    

Slack (MET) :             197.421ns  (required time - arrival time)
  Source:                 camera_video/vsync_debounce.Count_reg[2]/C
                            (rising edge-triggered cell FDRE clocked by clk_5Mhz_clk_wiz_0  {rise@0.000ns fall@100.000ns period=200.000ns})
  Destination:            camera_video/vsync_debounce.Count_reg[1]/CE
                            (rising edge-triggered cell FDRE clocked by clk_5Mhz_clk_wiz_0  {rise@0.000ns fall@100.000ns period=200.000ns})
  Path Group:             clk_5Mhz_clk_wiz_0
  Path Type:              Setup (Max at Slow Process Corner)
  Requirement:            200.000ns  (clk_5Mhz_clk_wiz_0 rise@200.000ns - clk_5Mhz_clk_wiz_0 rise@0.000ns)
  Data Path Delay:        2.232ns  (logic 0.718ns (32.171%)  route 1.514ns (67.829%))
  Logic Levels:           1  (LUT5=1)
  Clock Path Skew:        0.000ns (DCD - SCD + CPR)
    Destination Clock Delay (DCD):    1.686ns = ( 201.686 - 200.000 ) 
    Source Clock Delay      (SCD):    1.817ns
    Clock Pessimism Removal (CPR):    0.131ns
  Clock Uncertainty:      0.142ns  ((TSJ^2 + DJ^2)^1/2) / 2 + PE
    Total System Jitter     (TSJ):    0.071ns
    Discrete Jitter          (DJ):    0.275ns
    Phase Error              (PE):    0.000ns

    Location             Delay type                Incr(ns)  Path(ns)    Netlist Resource(s)
  -------------------------------------------------------------------    -------------------
                         (clock clk_5Mhz_clk_wiz_0 rise edge)
                                                      0.000     0.000 r  
    BUFGCTRL_X0Y4        BUFG                         0.000     0.000 r  clock_IBUF_BUFG_inst/O
                         net (fo=166, routed)         1.807     1.807    camera_video/xtime/inst/clk_in1
    MMCME2_ADV_X0Y0      MMCME2_ADV (Prop_mmcme2_adv_CLKIN1_CLKOUT2)
                                                     -3.922    -2.114 r  camera_video/xtime/inst/mmcm_adv_inst/CLKOUT2
                         net (fo=1, routed)           2.018    -0.096    camera_video/xtime/inst/clk_5Mhz_clk_wiz_0
    BUFGCTRL_X0Y7        BUFG (Prop_bufg_I_O)         0.096    -0.000 r  camera_video/xtime/inst/clkout3_buf/O
                         net (fo=22, routed)          1.817     1.817    camera_video/clk_5Mhz
    SLICE_X19Y44         FDRE                                         r  camera_video/vsync_debounce.Count_reg[2]/C
  -------------------------------------------------------------------    -------------------
    SLICE_X19Y44         FDRE (Prop_fdre_C_Q)         0.419     2.236 f  camera_video/vsync_debounce.Count_reg[2]/Q
                         net (fo=5, routed)           0.901     3.137    camera_video/vsync_debounce.Count_reg[2]
    SLICE_X19Y44         LUT5 (Prop_lut5_I1_O)        0.299     3.436 r  camera_video/vsync_debounce.Count[4]_i_2/O
                         net (fo=5, routed)           0.613     4.049    camera_video/vsync_debounce.Count[4]_i_2_n_0
    SLICE_X19Y44         FDRE                                         r  camera_video/vsync_debounce.Count_reg[1]/CE
  -------------------------------------------------------------------    -------------------

                         (clock clk_5Mhz_clk_wiz_0 rise edge)
                                                    200.000   200.000 r  
    BUFGCTRL_X0Y4        BUFG                         0.000   200.000 r  clock_IBUF_BUFG_inst/O
                         net (fo=166, routed)         1.680   201.680    camera_video/xtime/inst/clk_in1
    MMCME2_ADV_X0Y0      MMCME2_ADV (Prop_mmcme2_adv_CLKIN1_CLKOUT2)
                                                     -3.694   197.986 r  camera_video/xtime/inst/mmcm_adv_inst/CLKOUT2
                         net (fo=1, routed)           1.923   199.909    camera_video/xtime/inst/clk_5Mhz_clk_wiz_0
    BUFGCTRL_X0Y7        BUFG (Prop_bufg_I_O)         0.091   200.000 r  camera_video/xtime/inst/clkout3_buf/O
                         net (fo=22, routed)          1.686   201.686    camera_video/clk_5Mhz
    SLICE_X19Y44         FDRE                                         r  camera_video/vsync_debounce.Count_reg[1]/C
                         clock pessimism              0.131   201.817    
                         clock uncertainty           -0.142   201.675    
    SLICE_X19Y44         FDRE (Setup_fdre_C_CE)      -0.205   201.470    camera_video/vsync_debounce.Count_reg[1]
  -------------------------------------------------------------------
                         required time                        201.470    
                         arrival time                          -4.049    
  -------------------------------------------------------------------
                         slack                                197.421    

Slack (MET) :             197.421ns  (required time - arrival time)
  Source:                 camera_video/vsync_debounce.Count_reg[2]/C
                            (rising edge-triggered cell FDRE clocked by clk_5Mhz_clk_wiz_0  {rise@0.000ns fall@100.000ns period=200.000ns})
  Destination:            camera_video/vsync_debounce.Count_reg[2]/CE
                            (rising edge-triggered cell FDRE clocked by clk_5Mhz_clk_wiz_0  {rise@0.000ns fall@100.000ns period=200.000ns})
  Path Group:             clk_5Mhz_clk_wiz_0
  Path Type:              Setup (Max at Slow Process Corner)
  Requirement:            200.000ns  (clk_5Mhz_clk_wiz_0 rise@200.000ns - clk_5Mhz_clk_wiz_0 rise@0.000ns)
  Data Path Delay:        2.232ns  (logic 0.718ns (32.171%)  route 1.514ns (67.829%))
  Logic Levels:           1  (LUT5=1)
  Clock Path Skew:        0.000ns (DCD - SCD + CPR)
    Destination Clock Delay (DCD):    1.686ns = ( 201.686 - 200.000 ) 
    Source Clock Delay      (SCD):    1.817ns
    Clock Pessimism Removal (CPR):    0.131ns
  Clock Uncertainty:      0.142ns  ((TSJ^2 + DJ^2)^1/2) / 2 + PE
    Total System Jitter     (TSJ):    0.071ns
    Discrete Jitter          (DJ):    0.275ns
    Phase Error              (PE):    0.000ns

    Location             Delay type                Incr(ns)  Path(ns)    Netlist Resource(s)
  -------------------------------------------------------------------    -------------------
                         (clock clk_5Mhz_clk_wiz_0 rise edge)
                                                      0.000     0.000 r  
    BUFGCTRL_X0Y4        BUFG                         0.000     0.000 r  clock_IBUF_BUFG_inst/O
                         net (fo=166, routed)         1.807     1.807    camera_video/xtime/inst/clk_in1
    MMCME2_ADV_X0Y0      MMCME2_ADV (Prop_mmcme2_adv_CLKIN1_CLKOUT2)
                                                     -3.922    -2.114 r  camera_video/xtime/inst/mmcm_adv_inst/CLKOUT2
                         net (fo=1, routed)           2.018    -0.096    camera_video/xtime/inst/clk_5Mhz_clk_wiz_0
    BUFGCTRL_X0Y7        BUFG (Prop_bufg_I_O)         0.096    -0.000 r  camera_video/xtime/inst/clkout3_buf/O
                         net (fo=22, routed)          1.817     1.817    camera_video/clk_5Mhz
    SLICE_X19Y44         FDRE                                         r  camera_video/vsync_debounce.Count_reg[2]/C
  -------------------------------------------------------------------    -------------------
    SLICE_X19Y44         FDRE (Prop_fdre_C_Q)         0.419     2.236 f  camera_video/vsync_debounce.Count_reg[2]/Q
                         net (fo=5, routed)           0.901     3.137    camera_video/vsync_debounce.Count_reg[2]
    SLICE_X19Y44         LUT5 (Prop_lut5_I1_O)        0.299     3.436 r  camera_video/vsync_debounce.Count[4]_i_2/O
                         net (fo=5, routed)           0.613     4.049    camera_video/vsync_debounce.Count[4]_i_2_n_0
    SLICE_X19Y44         FDRE                                         r  camera_video/vsync_debounce.Count_reg[2]/CE
  -------------------------------------------------------------------    -------------------

                         (clock clk_5Mhz_clk_wiz_0 rise edge)
                                                    200.000   200.000 r  
    BUFGCTRL_X0Y4        BUFG                         0.000   200.000 r  clock_IBUF_BUFG_inst/O
                         net (fo=166, routed)         1.680   201.680    camera_video/xtime/inst/clk_in1
    MMCME2_ADV_X0Y0      MMCME2_ADV (Prop_mmcme2_adv_CLKIN1_CLKOUT2)
                                                     -3.694   197.986 r  camera_video/xtime/inst/mmcm_adv_inst/CLKOUT2
                         net (fo=1, routed)           1.923   199.909    camera_video/xtime/inst/clk_5Mhz_clk_wiz_0
    BUFGCTRL_X0Y7        BUFG (Prop_bufg_I_O)         0.091   200.000 r  camera_video/xtime/inst/clkout3_buf/O
                         net (fo=22, routed)          1.686   201.686    camera_video/clk_5Mhz
    SLICE_X19Y44         FDRE                                         r  camera_video/vsync_debounce.Count_reg[2]/C
                         clock pessimism              0.131   201.817    
                         clock uncertainty           -0.142   201.675    
    SLICE_X19Y44         FDRE (Setup_fdre_C_CE)      -0.205   201.470    camera_video/vsync_debounce.Count_reg[2]
  -------------------------------------------------------------------
                         required time                        201.470    
                         arrival time                          -4.049    
  -------------------------------------------------------------------
                         slack                                197.421    

Slack (MET) :             197.421ns  (required time - arrival time)
  Source:                 camera_video/vsync_debounce.Count_reg[2]/C
                            (rising edge-triggered cell FDRE clocked by clk_5Mhz_clk_wiz_0  {rise@0.000ns fall@100.000ns period=200.000ns})
  Destination:            camera_video/vsync_debounce.Count_reg[3]/CE
                            (rising edge-triggered cell FDRE clocked by clk_5Mhz_clk_wiz_0  {rise@0.000ns fall@100.000ns period=200.000ns})
  Path Group:             clk_5Mhz_clk_wiz_0
  Path Type:              Setup (Max at Slow Process Corner)
  Requirement:            200.000ns  (clk_5Mhz_clk_wiz_0 rise@200.000ns - clk_5Mhz_clk_wiz_0 rise@0.000ns)
  Data Path Delay:        2.232ns  (logic 0.718ns (32.171%)  route 1.514ns (67.829%))
  Logic Levels:           1  (LUT5=1)
  Clock Path Skew:        0.000ns (DCD - SCD + CPR)
    Destination Clock Delay (DCD):    1.686ns = ( 201.686 - 200.000 ) 
    Source Clock Delay      (SCD):    1.817ns
    Clock Pessimism Removal (CPR):    0.131ns
  Clock Uncertainty:      0.142ns  ((TSJ^2 + DJ^2)^1/2) / 2 + PE
    Total System Jitter     (TSJ):    0.071ns
    Discrete Jitter          (DJ):    0.275ns
    Phase Error              (PE):    0.000ns

    Location             Delay type                Incr(ns)  Path(ns)    Netlist Resource(s)
  -------------------------------------------------------------------    -------------------
                         (clock clk_5Mhz_clk_wiz_0 rise edge)
                                                      0.000     0.000 r  
    BUFGCTRL_X0Y4        BUFG                         0.000     0.000 r  clock_IBUF_BUFG_inst/O
                         net (fo=166, routed)         1.807     1.807    camera_video/xtime/inst/clk_in1
    MMCME2_ADV_X0Y0      MMCME2_ADV (Prop_mmcme2_adv_CLKIN1_CLKOUT2)
                                                     -3.922    -2.114 r  camera_video/xtime/inst/mmcm_adv_inst/CLKOUT2
                         net (fo=1, routed)           2.018    -0.096    camera_video/xtime/inst/clk_5Mhz_clk_wiz_0
    BUFGCTRL_X0Y7        BUFG (Prop_bufg_I_O)         0.096    -0.000 r  camera_video/xtime/inst/clkout3_buf/O
                         net (fo=22, routed)          1.817     1.817    camera_video/clk_5Mhz
    SLICE_X19Y44         FDRE                                         r  camera_video/vsync_debounce.Count_reg[2]/C
  -------------------------------------------------------------------    -------------------
    SLICE_X19Y44         FDRE (Prop_fdre_C_Q)         0.419     2.236 f  camera_video/vsync_debounce.Count_reg[2]/Q
                         net (fo=5, routed)           0.901     3.137    camera_video/vsync_debounce.Count_reg[2]
    SLICE_X19Y44         LUT5 (Prop_lut5_I1_O)        0.299     3.436 r  camera_video/vsync_debounce.Count[4]_i_2/O
                         net (fo=5, routed)           0.613     4.049    camera_video/vsync_debounce.Count[4]_i_2_n_0
    SLICE_X19Y44         FDRE                                         r  camera_video/vsync_debounce.Count_reg[3]/CE
  -------------------------------------------------------------------    -------------------

                         (clock clk_5Mhz_clk_wiz_0 rise edge)
                                                    200.000   200.000 r  
    BUFGCTRL_X0Y4        BUFG                         0.000   200.000 r  clock_IBUF_BUFG_inst/O
                         net (fo=166, routed)         1.680   201.680    camera_video/xtime/inst/clk_in1
    MMCME2_ADV_X0Y0      MMCME2_ADV (Prop_mmcme2_adv_CLKIN1_CLKOUT2)
                                                     -3.694   197.986 r  camera_video/xtime/inst/mmcm_adv_inst/CLKOUT2
                         net (fo=1, routed)           1.923   199.909    camera_video/xtime/inst/clk_5Mhz_clk_wiz_0
    BUFGCTRL_X0Y7        BUFG (Prop_bufg_I_O)         0.091   200.000 r  camera_video/xtime/inst/clkout3_buf/O
                         net (fo=22, routed)          1.686   201.686    camera_video/clk_5Mhz
    SLICE_X19Y44         FDRE                                         r  camera_video/vsync_debounce.Count_reg[3]/C
                         clock pessimism              0.131   201.817    
                         clock uncertainty           -0.142   201.675    
    SLICE_X19Y44         FDRE (Setup_fdre_C_CE)      -0.205   201.470    camera_video/vsync_debounce.Count_reg[3]
  -------------------------------------------------------------------
                         required time                        201.470    
                         arrival time                          -4.049    
  -------------------------------------------------------------------
                         slack                                197.421    





Min Delay Paths
--------------------------------------------------------------------------------------
Slack (MET) :             0.213ns  (arrival time - required time)
  Source:                 camera_video/vsync_debounce.Count_reg[1]/C
                            (rising edge-triggered cell FDRE clocked by clk_5Mhz_clk_wiz_0  {rise@0.000ns fall@100.000ns period=200.000ns})
  Destination:            camera_video/vsync_debounce.vsync_previous_reg/D
                            (rising edge-triggered cell FDRE clocked by clk_5Mhz_clk_wiz_0  {rise@0.000ns fall@100.000ns period=200.000ns})
  Path Group:             clk_5Mhz_clk_wiz_0
  Path Type:              Hold (Min at Fast Process Corner)
  Requirement:            0.000ns  (clk_5Mhz_clk_wiz_0 rise@0.000ns - clk_5Mhz_clk_wiz_0 rise@0.000ns)
  Data Path Delay:        0.318ns  (logic 0.186ns (58.452%)  route 0.132ns (41.548%))
  Logic Levels:           1  (LUT6=1)
  Clock Path Skew:        0.013ns (DCD - SCD - CPR)
    Destination Clock Delay (DCD):    0.914ns
    Source Clock Delay      (SCD):    0.638ns
    Clock Pessimism Removal (CPR):    0.262ns

    Location             Delay type                Incr(ns)  Path(ns)    Netlist Resource(s)
  -------------------------------------------------------------------    -------------------
                         (clock clk_5Mhz_clk_wiz_0 rise edge)
                                                      0.000     0.000 r  
    BUFGCTRL_X0Y4        BUFG                         0.000     0.000 r  clock_IBUF_BUFG_inst/O
                         net (fo=166, routed)         0.622     0.622    camera_video/xtime/inst/clk_in1
    MMCME2_ADV_X0Y0      MMCME2_ADV (Prop_mmcme2_adv_CLKIN1_CLKOUT2)
                                                     -1.296    -0.674 r  camera_video/xtime/inst/mmcm_adv_inst/CLKOUT2
                         net (fo=1, routed)           0.648    -0.026    camera_video/xtime/inst/clk_5Mhz_clk_wiz_0
    BUFGCTRL_X0Y7        BUFG (Prop_bufg_I_O)         0.026     0.000 r  camera_video/xtime/inst/clkout3_buf/O
                         net (fo=22, routed)          0.638     0.638    camera_video/clk_5Mhz
    SLICE_X19Y44         FDRE                                         r  camera_video/vsync_debounce.Count_reg[1]/C
  -------------------------------------------------------------------    -------------------
    SLICE_X19Y44         FDRE (Prop_fdre_C_Q)         0.141     0.779 r  camera_video/vsync_debounce.Count_reg[1]/Q
                         net (fo=6, routed)           0.132     0.911    camera_video/debounce_video_source/Q[0]
    SLICE_X18Y44         LUT6 (Prop_lut6_I3_O)        0.045     0.956 r  camera_video/debounce_video_source/vsync_debounce.vsync_previous_i_1/O
                         net (fo=1, routed)           0.000     0.956    camera_video/debounce_video_source_n_7
    SLICE_X18Y44         FDRE                                         r  camera_video/vsync_debounce.vsync_previous_reg/D
  -------------------------------------------------------------------    -------------------

                         (clock clk_5Mhz_clk_wiz_0 rise edge)
                                                      0.000     0.000 r  
    BUFGCTRL_X0Y4        BUFG                         0.000     0.000 r  clock_IBUF_BUFG_inst/O
                         net (fo=166, routed)         0.896     0.896    camera_video/xtime/inst/clk_in1
    MMCME2_ADV_X0Y0      MMCME2_ADV (Prop_mmcme2_adv_CLKIN1_CLKOUT2)
                                                     -1.625    -0.729 r  camera_video/xtime/inst/mmcm_adv_inst/CLKOUT2
                         net (fo=1, routed)           0.700    -0.029    camera_video/xtime/inst/clk_5Mhz_clk_wiz_0
    BUFGCTRL_X0Y7        BUFG (Prop_bufg_I_O)         0.029     0.000 r  camera_video/xtime/inst/clkout3_buf/O
                         net (fo=22, routed)          0.914     0.914    camera_video/clk_5Mhz
    SLICE_X18Y44         FDRE                                         r  camera_video/vsync_debounce.vsync_previous_reg/C
                         clock pessimism             -0.262     0.651    
    SLICE_X18Y44         FDRE (Hold_fdre_C_D)         0.092     0.743    camera_video/vsync_debounce.vsync_previous_reg
  -------------------------------------------------------------------
                         required time                         -0.743    
                         arrival time                           0.956    
  -------------------------------------------------------------------
                         slack                                  0.213    

Slack (MET) :             0.263ns  (arrival time - required time)
  Source:                 camera_video/do_debouncer_clock/generate_clock.delay_reg[11]/C
                            (rising edge-triggered cell FDRE clocked by clk_5Mhz_clk_wiz_0  {rise@0.000ns fall@100.000ns period=200.000ns})
  Destination:            camera_video/do_debouncer_clock/generate_clock.delay_reg[11]/D
                            (rising edge-triggered cell FDRE clocked by clk_5Mhz_clk_wiz_0  {rise@0.000ns fall@100.000ns period=200.000ns})
  Path Group:             clk_5Mhz_clk_wiz_0
  Path Type:              Hold (Min at Fast Process Corner)
  Requirement:            0.000ns  (clk_5Mhz_clk_wiz_0 rise@0.000ns - clk_5Mhz_clk_wiz_0 rise@0.000ns)
  Data Path Delay:        0.368ns  (logic 0.249ns (67.650%)  route 0.119ns (32.350%))
  Logic Levels:           1  (CARRY4=1)
  Clock Path Skew:        0.000ns (DCD - SCD - CPR)
    Destination Clock Delay (DCD):    0.913ns
    Source Clock Delay      (SCD):    0.638ns
    Clock Pessimism Removal (CPR):    0.274ns

    Location             Delay type                Incr(ns)  Path(ns)    Netlist Resource(s)
  -------------------------------------------------------------------    -------------------
                         (clock clk_5Mhz_clk_wiz_0 rise edge)
                                                      0.000     0.000 r  
    BUFGCTRL_X0Y4        BUFG                         0.000     0.000 r  clock_IBUF_BUFG_inst/O
                         net (fo=166, routed)         0.622     0.622    camera_video/xtime/inst/clk_in1
    MMCME2_ADV_X0Y0      MMCME2_ADV (Prop_mmcme2_adv_CLKIN1_CLKOUT2)
                                                     -1.296    -0.674 r  camera_video/xtime/inst/mmcm_adv_inst/CLKOUT2
                         net (fo=1, routed)           0.648    -0.026    camera_video/xtime/inst/clk_5Mhz_clk_wiz_0
    BUFGCTRL_X0Y7        BUFG (Prop_bufg_I_O)         0.026     0.000 r  camera_video/xtime/inst/clkout3_buf/O
                         net (fo=22, routed)          0.638     0.638    camera_video/do_debouncer_clock/CLK
    SLICE_X13Y42         FDRE                                         r  camera_video/do_debouncer_clock/generate_clock.delay_reg[11]/C
  -------------------------------------------------------------------    -------------------
    SLICE_X13Y42         FDRE (Prop_fdre_C_Q)         0.141     0.779 r  camera_video/do_debouncer_clock/generate_clock.delay_reg[11]/Q
                         net (fo=2, routed)           0.119     0.898    camera_video/do_debouncer_clock/generate_clock.delay_reg[11]
    SLICE_X13Y42         CARRY4 (Prop_carry4_S[3]_O[3])
                                                      0.108     1.006 r  camera_video/do_debouncer_clock/generate_clock.delay_reg[8]_i_1/O[3]
                         net (fo=1, routed)           0.000     1.006    camera_video/do_debouncer_clock/generate_clock.delay_reg[8]_i_1_n_4
    SLICE_X13Y42         FDRE                                         r  camera_video/do_debouncer_clock/generate_clock.delay_reg[11]/D
  -------------------------------------------------------------------    -------------------

                         (clock clk_5Mhz_clk_wiz_0 rise edge)
                                                      0.000     0.000 r  
    BUFGCTRL_X0Y4        BUFG                         0.000     0.000 r  clock_IBUF_BUFG_inst/O
                         net (fo=166, routed)         0.896     0.896    camera_video/xtime/inst/clk_in1
    MMCME2_ADV_X0Y0      MMCME2_ADV (Prop_mmcme2_adv_CLKIN1_CLKOUT2)
                                                     -1.625    -0.729 r  camera_video/xtime/inst/mmcm_adv_inst/CLKOUT2
                         net (fo=1, routed)           0.700    -0.029    camera_video/xtime/inst/clk_5Mhz_clk_wiz_0
    BUFGCTRL_X0Y7        BUFG (Prop_bufg_I_O)         0.029     0.000 r  camera_video/xtime/inst/clkout3_buf/O
                         net (fo=22, routed)          0.913     0.913    camera_video/do_debouncer_clock/CLK
    SLICE_X13Y42         FDRE                                         r  camera_video/do_debouncer_clock/generate_clock.delay_reg[11]/C
                         clock pessimism             -0.274     0.638    
    SLICE_X13Y42         FDRE (Hold_fdre_C_D)         0.105     0.743    camera_video/do_debouncer_clock/generate_clock.delay_reg[11]
  -------------------------------------------------------------------
                         required time                         -0.743    
                         arrival time                           1.006    
  -------------------------------------------------------------------
                         slack                                  0.263    

Slack (MET) :             0.263ns  (arrival time - required time)
  Source:                 camera_video/do_debouncer_clock/generate_clock.delay_reg[3]/C
                            (rising edge-triggered cell FDRE clocked by clk_5Mhz_clk_wiz_0  {rise@0.000ns fall@100.000ns period=200.000ns})
  Destination:            camera_video/do_debouncer_clock/generate_clock.delay_reg[3]/D
                            (rising edge-triggered cell FDRE clocked by clk_5Mhz_clk_wiz_0  {rise@0.000ns fall@100.000ns period=200.000ns})
  Path Group:             clk_5Mhz_clk_wiz_0
  Path Type:              Hold (Min at Fast Process Corner)
  Requirement:            0.000ns  (clk_5Mhz_clk_wiz_0 rise@0.000ns - clk_5Mhz_clk_wiz_0 rise@0.000ns)
  Data Path Delay:        0.368ns  (logic 0.249ns (67.650%)  route 0.119ns (32.350%))
  Logic Levels:           1  (CARRY4=1)
  Clock Path Skew:        0.000ns (DCD - SCD - CPR)
    Destination Clock Delay (DCD):    0.913ns
    Source Clock Delay      (SCD):    0.638ns
    Clock Pessimism Removal (CPR):    0.274ns

    Location             Delay type                Incr(ns)  Path(ns)    Netlist Resource(s)
  -------------------------------------------------------------------    -------------------
                         (clock clk_5Mhz_clk_wiz_0 rise edge)
                                                      0.000     0.000 r  
    BUFGCTRL_X0Y4        BUFG                         0.000     0.000 r  clock_IBUF_BUFG_inst/O
                         net (fo=166, routed)         0.622     0.622    camera_video/xtime/inst/clk_in1
    MMCME2_ADV_X0Y0      MMCME2_ADV (Prop_mmcme2_adv_CLKIN1_CLKOUT2)
                                                     -1.296    -0.674 r  camera_video/xtime/inst/mmcm_adv_inst/CLKOUT2
                         net (fo=1, routed)           0.648    -0.026    camera_video/xtime/inst/clk_5Mhz_clk_wiz_0
    BUFGCTRL_X0Y7        BUFG (Prop_bufg_I_O)         0.026     0.000 r  camera_video/xtime/inst/clkout3_buf/O
                         net (fo=22, routed)          0.638     0.638    camera_video/do_debouncer_clock/CLK
    SLICE_X13Y40         FDRE                                         r  camera_video/do_debouncer_clock/generate_clock.delay_reg[3]/C
  -------------------------------------------------------------------    -------------------
    SLICE_X13Y40         FDRE (Prop_fdre_C_Q)         0.141     0.779 r  camera_video/do_debouncer_clock/generate_clock.delay_reg[3]/Q
                         net (fo=2, routed)           0.119     0.898    camera_video/do_debouncer_clock/generate_clock.delay_reg[3]
    SLICE_X13Y40         CARRY4 (Prop_carry4_S[3]_O[3])
                                                      0.108     1.006 r  camera_video/do_debouncer_clock/generate_clock.delay_reg[0]_i_1/O[3]
                         net (fo=1, routed)           0.000     1.006    camera_video/do_debouncer_clock/generate_clock.delay_reg[0]_i_1_n_4
    SLICE_X13Y40         FDRE                                         r  camera_video/do_debouncer_clock/generate_clock.delay_reg[3]/D
  -------------------------------------------------------------------    -------------------

                         (clock clk_5Mhz_clk_wiz_0 rise edge)
                                                      0.000     0.000 r  
    BUFGCTRL_X0Y4        BUFG                         0.000     0.000 r  clock_IBUF_BUFG_inst/O
                         net (fo=166, routed)         0.896     0.896    camera_video/xtime/inst/clk_in1
    MMCME2_ADV_X0Y0      MMCME2_ADV (Prop_mmcme2_adv_CLKIN1_CLKOUT2)
                                                     -1.625    -0.729 r  camera_video/xtime/inst/mmcm_adv_inst/CLKOUT2
                         net (fo=1, routed)           0.700    -0.029    camera_video/xtime/inst/clk_5Mhz_clk_wiz_0
    BUFGCTRL_X0Y7        BUFG (Prop_bufg_I_O)         0.029     0.000 r  camera_video/xtime/inst/clkout3_buf/O
                         net (fo=22, routed)          0.913     0.913    camera_video/do_debouncer_clock/CLK
    SLICE_X13Y40         FDRE                                         r  camera_video/do_debouncer_clock/generate_clock.delay_reg[3]/C
                         clock pessimism             -0.274     0.638    
    SLICE_X13Y40         FDRE (Hold_fdre_C_D)         0.105     0.743    camera_video/do_debouncer_clock/generate_clock.delay_reg[3]
  -------------------------------------------------------------------
                         required time                         -0.743    
                         arrival time                           1.006    
  -------------------------------------------------------------------
                         slack                                  0.263    

Slack (MET) :             0.263ns  (arrival time - required time)
  Source:                 camera_video/do_debouncer_clock/generate_clock.delay_reg[7]/C
                            (rising edge-triggered cell FDRE clocked by clk_5Mhz_clk_wiz_0  {rise@0.000ns fall@100.000ns period=200.000ns})
  Destination:            camera_video/do_debouncer_clock/generate_clock.delay_reg[7]/D
                            (rising edge-triggered cell FDRE clocked by clk_5Mhz_clk_wiz_0  {rise@0.000ns fall@100.000ns period=200.000ns})
  Path Group:             clk_5Mhz_clk_wiz_0
  Path Type:              Hold (Min at Fast Process Corner)
  Requirement:            0.000ns  (clk_5Mhz_clk_wiz_0 rise@0.000ns - clk_5Mhz_clk_wiz_0 rise@0.000ns)
  Data Path Delay:        0.368ns  (logic 0.249ns (67.650%)  route 0.119ns (32.350%))
  Logic Levels:           1  (CARRY4=1)
  Clock Path Skew:        0.000ns (DCD - SCD - CPR)
    Destination Clock Delay (DCD):    0.913ns
    Source Clock Delay      (SCD):    0.638ns
    Clock Pessimism Removal (CPR):    0.274ns

    Location             Delay type                Incr(ns)  Path(ns)    Netlist Resource(s)
  -------------------------------------------------------------------    -------------------
                         (clock clk_5Mhz_clk_wiz_0 rise edge)
                                                      0.000     0.000 r  
    BUFGCTRL_X0Y4        BUFG                         0.000     0.000 r  clock_IBUF_BUFG_inst/O
                         net (fo=166, routed)         0.622     0.622    camera_video/xtime/inst/clk_in1
    MMCME2_ADV_X0Y0      MMCME2_ADV (Prop_mmcme2_adv_CLKIN1_CLKOUT2)
                                                     -1.296    -0.674 r  camera_video/xtime/inst/mmcm_adv_inst/CLKOUT2
                         net (fo=1, routed)           0.648    -0.026    camera_video/xtime/inst/clk_5Mhz_clk_wiz_0
    BUFGCTRL_X0Y7        BUFG (Prop_bufg_I_O)         0.026     0.000 r  camera_video/xtime/inst/clkout3_buf/O
                         net (fo=22, routed)          0.638     0.638    camera_video/do_debouncer_clock/CLK
    SLICE_X13Y41         FDRE                                         r  camera_video/do_debouncer_clock/generate_clock.delay_reg[7]/C
  -------------------------------------------------------------------    -------------------
    SLICE_X13Y41         FDRE (Prop_fdre_C_Q)         0.141     0.779 r  camera_video/do_debouncer_clock/generate_clock.delay_reg[7]/Q
                         net (fo=2, routed)           0.119     0.898    camera_video/do_debouncer_clock/generate_clock.delay_reg[7]
    SLICE_X13Y41         CARRY4 (Prop_carry4_S[3]_O[3])
                                                      0.108     1.006 r  camera_video/do_debouncer_clock/generate_clock.delay_reg[4]_i_1/O[3]
                         net (fo=1, routed)           0.000     1.006    camera_video/do_debouncer_clock/generate_clock.delay_reg[4]_i_1_n_4
    SLICE_X13Y41         FDRE                                         r  camera_video/do_debouncer_clock/generate_clock.delay_reg[7]/D
  -------------------------------------------------------------------    -------------------

                         (clock clk_5Mhz_clk_wiz_0 rise edge)
                                                      0.000     0.000 r  
    BUFGCTRL_X0Y4        BUFG                         0.000     0.000 r  clock_IBUF_BUFG_inst/O
                         net (fo=166, routed)         0.896     0.896    camera_video/xtime/inst/clk_in1
    MMCME2_ADV_X0Y0      MMCME2_ADV (Prop_mmcme2_adv_CLKIN1_CLKOUT2)
                                                     -1.625    -0.729 r  camera_video/xtime/inst/mmcm_adv_inst/CLKOUT2
                         net (fo=1, routed)           0.700    -0.029    camera_video/xtime/inst/clk_5Mhz_clk_wiz_0
    BUFGCTRL_X0Y7        BUFG (Prop_bufg_I_O)         0.029     0.000 r  camera_video/xtime/inst/clkout3_buf/O
                         net (fo=22, routed)          0.913     0.913    camera_video/do_debouncer_clock/CLK
    SLICE_X13Y41         FDRE                                         r  camera_video/do_debouncer_clock/generate_clock.delay_reg[7]/C
                         clock pessimism             -0.274     0.638    
    SLICE_X13Y41         FDRE (Hold_fdre_C_D)         0.105     0.743    camera_video/do_debouncer_clock/generate_clock.delay_reg[7]
  -------------------------------------------------------------------
                         required time                         -0.743    
                         arrival time                           1.006    
  -------------------------------------------------------------------
                         slack                                  0.263    

Slack (MET) :             0.266ns  (arrival time - required time)
  Source:                 camera_video/vsync_debounce.Count_reg[1]/C
                            (rising edge-triggered cell FDRE clocked by clk_5Mhz_clk_wiz_0  {rise@0.000ns fall@100.000ns period=200.000ns})
  Destination:            camera_video/vsync_debounce.Count_reg[2]/D
                            (rising edge-triggered cell FDRE clocked by clk_5Mhz_clk_wiz_0  {rise@0.000ns fall@100.000ns period=200.000ns})
  Path Group:             clk_5Mhz_clk_wiz_0
  Path Type:              Hold (Min at Fast Process Corner)
  Requirement:            0.000ns  (clk_5Mhz_clk_wiz_0 rise@0.000ns - clk_5Mhz_clk_wiz_0 rise@0.000ns)
  Data Path Delay:        0.373ns  (logic 0.183ns (49.003%)  route 0.190ns (50.997%))
  Logic Levels:           1  (LUT3=1)
  Clock Path Skew:        0.000ns (DCD - SCD - CPR)
    Destination Clock Delay (DCD):    0.914ns
    Source Clock Delay      (SCD):    0.638ns
    Clock Pessimism Removal (CPR):    0.275ns

    Location             Delay type                Incr(ns)  Path(ns)    Netlist Resource(s)
  -------------------------------------------------------------------    -------------------
                         (clock clk_5Mhz_clk_wiz_0 rise edge)
                                                      0.000     0.000 r  
    BUFGCTRL_X0Y4        BUFG                         0.000     0.000 r  clock_IBUF_BUFG_inst/O
                         net (fo=166, routed)         0.622     0.622    camera_video/xtime/inst/clk_in1
    MMCME2_ADV_X0Y0      MMCME2_ADV (Prop_mmcme2_adv_CLKIN1_CLKOUT2)
                                                     -1.296    -0.674 r  camera_video/xtime/inst/mmcm_adv_inst/CLKOUT2
                         net (fo=1, routed)           0.648    -0.026    camera_video/xtime/inst/clk_5Mhz_clk_wiz_0
    BUFGCTRL_X0Y7        BUFG (Prop_bufg_I_O)         0.026     0.000 r  camera_video/xtime/inst/clkout3_buf/O
                         net (fo=22, routed)          0.638     0.638    camera_video/clk_5Mhz
    SLICE_X19Y44         FDRE                                         r  camera_video/vsync_debounce.Count_reg[1]/C
  -------------------------------------------------------------------    -------------------
    SLICE_X19Y44         FDRE (Prop_fdre_C_Q)         0.141     0.779 r  camera_video/vsync_debounce.Count_reg[1]/Q
                         net (fo=6, routed)           0.190     0.970    camera_video/vsync_debounce.Count_reg[1]
    SLICE_X19Y44         LUT3 (Prop_lut3_I0_O)        0.042     1.012 r  camera_video/vsync_debounce.Count[2]_i_1/O
                         net (fo=1, routed)           0.000     1.012    camera_video/p_0_in__2[2]
    SLICE_X19Y44         FDRE                                         r  camera_video/vsync_debounce.Count_reg[2]/D
  -------------------------------------------------------------------    -------------------

                         (clock clk_5Mhz_clk_wiz_0 rise edge)
                                                      0.000     0.000 r  
    BUFGCTRL_X0Y4        BUFG                         0.000     0.000 r  clock_IBUF_BUFG_inst/O
                         net (fo=166, routed)         0.896     0.896    camera_video/xtime/inst/clk_in1
    MMCME2_ADV_X0Y0      MMCME2_ADV (Prop_mmcme2_adv_CLKIN1_CLKOUT2)
                                                     -1.625    -0.729 r  camera_video/xtime/inst/mmcm_adv_inst/CLKOUT2
                         net (fo=1, routed)           0.700    -0.029    camera_video/xtime/inst/clk_5Mhz_clk_wiz_0
    BUFGCTRL_X0Y7        BUFG (Prop_bufg_I_O)         0.029     0.000 r  camera_video/xtime/inst/clkout3_buf/O
                         net (fo=22, routed)          0.914     0.914    camera_video/clk_5Mhz
    SLICE_X19Y44         FDRE                                         r  camera_video/vsync_debounce.Count_reg[2]/C
                         clock pessimism             -0.275     0.638    
    SLICE_X19Y44         FDRE (Hold_fdre_C_D)         0.107     0.745    camera_video/vsync_debounce.Count_reg[2]
  -------------------------------------------------------------------
                         required time                         -0.745    
                         arrival time                           1.012    
  -------------------------------------------------------------------
                         slack                                  0.266    

Slack (MET) :             0.267ns  (arrival time - required time)
  Source:                 camera_video/do_debouncer_clock/generate_clock.delay_reg[14]/C
                            (rising edge-triggered cell FDRE clocked by clk_5Mhz_clk_wiz_0  {rise@0.000ns fall@100.000ns period=200.000ns})
  Destination:            camera_video/do_debouncer_clock/generate_clock.delay_reg[14]/D
                            (rising edge-triggered cell FDRE clocked by clk_5Mhz_clk_wiz_0  {rise@0.000ns fall@100.000ns period=200.000ns})
  Path Group:             clk_5Mhz_clk_wiz_0
  Path Type:              Hold (Min at Fast Process Corner)
  Requirement:            0.000ns  (clk_5Mhz_clk_wiz_0 rise@0.000ns - clk_5Mhz_clk_wiz_0 rise@0.000ns)
  Data Path Delay:        0.372ns  (logic 0.252ns (67.654%)  route 0.120ns (32.346%))
  Logic Levels:           1  (CARRY4=1)
  Clock Path Skew:        0.000ns (DCD - SCD - CPR)
    Destination Clock Delay (DCD):    0.914ns
    Source Clock Delay      (SCD):    0.639ns
    Clock Pessimism Removal (CPR):    0.274ns

    Location             Delay type                Incr(ns)  Path(ns)    Netlist Resource(s)
  -------------------------------------------------------------------    -------------------
                         (clock clk_5Mhz_clk_wiz_0 rise edge)
                                                      0.000     0.000 r  
    BUFGCTRL_X0Y4        BUFG                         0.000     0.000 r  clock_IBUF_BUFG_inst/O
                         net (fo=166, routed)         0.622     0.622    camera_video/xtime/inst/clk_in1
    MMCME2_ADV_X0Y0      MMCME2_ADV (Prop_mmcme2_adv_CLKIN1_CLKOUT2)
                                                     -1.296    -0.674 r  camera_video/xtime/inst/mmcm_adv_inst/CLKOUT2
                         net (fo=1, routed)           0.648    -0.026    camera_video/xtime/inst/clk_5Mhz_clk_wiz_0
    BUFGCTRL_X0Y7        BUFG (Prop_bufg_I_O)         0.026     0.000 r  camera_video/xtime/inst/clkout3_buf/O
                         net (fo=22, routed)          0.639     0.639    camera_video/do_debouncer_clock/CLK
    SLICE_X13Y43         FDRE                                         r  camera_video/do_debouncer_clock/generate_clock.delay_reg[14]/C
  -------------------------------------------------------------------    -------------------
    SLICE_X13Y43         FDRE (Prop_fdre_C_Q)         0.141     0.780 r  camera_video/do_debouncer_clock/generate_clock.delay_reg[14]/Q
                         net (fo=2, routed)           0.120     0.901    camera_video/do_debouncer_clock/generate_clock.delay_reg[14]
    SLICE_X13Y43         CARRY4 (Prop_carry4_S[2]_O[2])
                                                      0.111     1.012 r  camera_video/do_debouncer_clock/generate_clock.delay_reg[12]_i_1/O[2]
                         net (fo=1, routed)           0.000     1.012    camera_video/do_debouncer_clock/generate_clock.delay_reg[12]_i_1_n_5
    SLICE_X13Y43         FDRE                                         r  camera_video/do_debouncer_clock/generate_clock.delay_reg[14]/D
  -------------------------------------------------------------------    -------------------

                         (clock clk_5Mhz_clk_wiz_0 rise edge)
                                                      0.000     0.000 r  
    BUFGCTRL_X0Y4        BUFG                         0.000     0.000 r  clock_IBUF_BUFG_inst/O
                         net (fo=166, routed)         0.896     0.896    camera_video/xtime/inst/clk_in1
    MMCME2_ADV_X0Y0      MMCME2_ADV (Prop_mmcme2_adv_CLKIN1_CLKOUT2)
                                                     -1.625    -0.729 r  camera_video/xtime/inst/mmcm_adv_inst/CLKOUT2
                         net (fo=1, routed)           0.700    -0.029    camera_video/xtime/inst/clk_5Mhz_clk_wiz_0
    BUFGCTRL_X0Y7        BUFG (Prop_bufg_I_O)         0.029     0.000 r  camera_video/xtime/inst/clkout3_buf/O
                         net (fo=22, routed)          0.914     0.914    camera_video/do_debouncer_clock/CLK
    SLICE_X13Y43         FDRE                                         r  camera_video/do_debouncer_clock/generate_clock.delay_reg[14]/C
                         clock pessimism             -0.274     0.639    
    SLICE_X13Y43         FDRE (Hold_fdre_C_D)         0.105     0.744    camera_video/do_debouncer_clock/generate_clock.delay_reg[14]
  -------------------------------------------------------------------
                         required time                         -0.744    
                         arrival time                           1.012    
  -------------------------------------------------------------------
                         slack                                  0.267    

Slack (MET) :             0.267ns  (arrival time - required time)
  Source:                 camera_video/do_debouncer_clock/generate_clock.delay_reg[10]/C
                            (rising edge-triggered cell FDRE clocked by clk_5Mhz_clk_wiz_0  {rise@0.000ns fall@100.000ns period=200.000ns})
  Destination:            camera_video/do_debouncer_clock/generate_clock.delay_reg[10]/D
                            (rising edge-triggered cell FDRE clocked by clk_5Mhz_clk_wiz_0  {rise@0.000ns fall@100.000ns period=200.000ns})
  Path Group:             clk_5Mhz_clk_wiz_0
  Path Type:              Hold (Min at Fast Process Corner)
  Requirement:            0.000ns  (clk_5Mhz_clk_wiz_0 rise@0.000ns - clk_5Mhz_clk_wiz_0 rise@0.000ns)
  Data Path Delay:        0.372ns  (logic 0.252ns (67.654%)  route 0.120ns (32.346%))
  Logic Levels:           1  (CARRY4=1)
  Clock Path Skew:        0.000ns (DCD - SCD - CPR)
    Destination Clock Delay (DCD):    0.913ns
    Source Clock Delay      (SCD):    0.638ns
    Clock Pessimism Removal (CPR):    0.274ns

    Location             Delay type                Incr(ns)  Path(ns)    Netlist Resource(s)
  -------------------------------------------------------------------    -------------------
                         (clock clk_5Mhz_clk_wiz_0 rise edge)
                                                      0.000     0.000 r  
    BUFGCTRL_X0Y4        BUFG                         0.000     0.000 r  clock_IBUF_BUFG_inst/O
                         net (fo=166, routed)         0.622     0.622    camera_video/xtime/inst/clk_in1
    MMCME2_ADV_X0Y0      MMCME2_ADV (Prop_mmcme2_adv_CLKIN1_CLKOUT2)
                                                     -1.296    -0.674 r  camera_video/xtime/inst/mmcm_adv_inst/CLKOUT2
                         net (fo=1, routed)           0.648    -0.026    camera_video/xtime/inst/clk_5Mhz_clk_wiz_0
    BUFGCTRL_X0Y7        BUFG (Prop_bufg_I_O)         0.026     0.000 r  camera_video/xtime/inst/clkout3_buf/O
                         net (fo=22, routed)          0.638     0.638    camera_video/do_debouncer_clock/CLK
    SLICE_X13Y42         FDRE                                         r  camera_video/do_debouncer_clock/generate_clock.delay_reg[10]/C
  -------------------------------------------------------------------    -------------------
    SLICE_X13Y42         FDRE (Prop_fdre_C_Q)         0.141     0.779 r  camera_video/do_debouncer_clock/generate_clock.delay_reg[10]/Q
                         net (fo=2, routed)           0.120     0.900    camera_video/do_debouncer_clock/generate_clock.delay_reg[10]
    SLICE_X13Y42         CARRY4 (Prop_carry4_S[2]_O[2])
                                                      0.111     1.011 r  camera_video/do_debouncer_clock/generate_clock.delay_reg[8]_i_1/O[2]
                         net (fo=1, routed)           0.000     1.011    camera_video/do_debouncer_clock/generate_clock.delay_reg[8]_i_1_n_5
    SLICE_X13Y42         FDRE                                         r  camera_video/do_debouncer_clock/generate_clock.delay_reg[10]/D
  -------------------------------------------------------------------    -------------------

                         (clock clk_5Mhz_clk_wiz_0 rise edge)
                                                      0.000     0.000 r  
    BUFGCTRL_X0Y4        BUFG                         0.000     0.000 r  clock_IBUF_BUFG_inst/O
                         net (fo=166, routed)         0.896     0.896    camera_video/xtime/inst/clk_in1
    MMCME2_ADV_X0Y0      MMCME2_ADV (Prop_mmcme2_adv_CLKIN1_CLKOUT2)
                                                     -1.625    -0.729 r  camera_video/xtime/inst/mmcm_adv_inst/CLKOUT2
                         net (fo=1, routed)           0.700    -0.029    camera_video/xtime/inst/clk_5Mhz_clk_wiz_0
    BUFGCTRL_X0Y7        BUFG (Prop_bufg_I_O)         0.029     0.000 r  camera_video/xtime/inst/clkout3_buf/O
                         net (fo=22, routed)          0.913     0.913    camera_video/do_debouncer_clock/CLK
    SLICE_X13Y42         FDRE                                         r  camera_video/do_debouncer_clock/generate_clock.delay_reg[10]/C
                         clock pessimism             -0.274     0.638    
    SLICE_X13Y42         FDRE (Hold_fdre_C_D)         0.105     0.743    camera_video/do_debouncer_clock/generate_clock.delay_reg[10]
  -------------------------------------------------------------------
                         required time                         -0.743    
                         arrival time                           1.011    
  -------------------------------------------------------------------
                         slack                                  0.267    

Slack (MET) :             0.267ns  (arrival time - required time)
  Source:                 camera_video/do_debouncer_clock/generate_clock.delay_reg[2]/C
                            (rising edge-triggered cell FDRE clocked by clk_5Mhz_clk_wiz_0  {rise@0.000ns fall@100.000ns period=200.000ns})
  Destination:            camera_video/do_debouncer_clock/generate_clock.delay_reg[2]/D
                            (rising edge-triggered cell FDRE clocked by clk_5Mhz_clk_wiz_0  {rise@0.000ns fall@100.000ns period=200.000ns})
  Path Group:             clk_5Mhz_clk_wiz_0
  Path Type:              Hold (Min at Fast Process Corner)
  Requirement:            0.000ns  (clk_5Mhz_clk_wiz_0 rise@0.000ns - clk_5Mhz_clk_wiz_0 rise@0.000ns)
  Data Path Delay:        0.372ns  (logic 0.252ns (67.654%)  route 0.120ns (32.346%))
  Logic Levels:           1  (CARRY4=1)
  Clock Path Skew:        0.000ns (DCD - SCD - CPR)
    Destination Clock Delay (DCD):    0.913ns
    Source Clock Delay      (SCD):    0.638ns
    Clock Pessimism Removal (CPR):    0.274ns

    Location             Delay type                Incr(ns)  Path(ns)    Netlist Resource(s)
  -------------------------------------------------------------------    -------------------
                         (clock clk_5Mhz_clk_wiz_0 rise edge)
                                                      0.000     0.000 r  
    BUFGCTRL_X0Y4        BUFG                         0.000     0.000 r  clock_IBUF_BUFG_inst/O
                         net (fo=166, routed)         0.622     0.622    camera_video/xtime/inst/clk_in1
    MMCME2_ADV_X0Y0      MMCME2_ADV (Prop_mmcme2_adv_CLKIN1_CLKOUT2)
                                                     -1.296    -0.674 r  camera_video/xtime/inst/mmcm_adv_inst/CLKOUT2
                         net (fo=1, routed)           0.648    -0.026    camera_video/xtime/inst/clk_5Mhz_clk_wiz_0
    BUFGCTRL_X0Y7        BUFG (Prop_bufg_I_O)         0.026     0.000 r  camera_video/xtime/inst/clkout3_buf/O
                         net (fo=22, routed)          0.638     0.638    camera_video/do_debouncer_clock/CLK
    SLICE_X13Y40         FDRE                                         r  camera_video/do_debouncer_clock/generate_clock.delay_reg[2]/C
  -------------------------------------------------------------------    -------------------
    SLICE_X13Y40         FDRE (Prop_fdre_C_Q)         0.141     0.779 r  camera_video/do_debouncer_clock/generate_clock.delay_reg[2]/Q
                         net (fo=2, routed)           0.120     0.900    camera_video/do_debouncer_clock/generate_clock.delay_reg[2]
    SLICE_X13Y40         CARRY4 (Prop_carry4_S[2]_O[2])
                                                      0.111     1.011 r  camera_video/do_debouncer_clock/generate_clock.delay_reg[0]_i_1/O[2]
                         net (fo=1, routed)           0.000     1.011    camera_video/do_debouncer_clock/generate_clock.delay_reg[0]_i_1_n_5
    SLICE_X13Y40         FDRE                                         r  camera_video/do_debouncer_clock/generate_clock.delay_reg[2]/D
  -------------------------------------------------------------------    -------------------

                         (clock clk_5Mhz_clk_wiz_0 rise edge)
                                                      0.000     0.000 r  
    BUFGCTRL_X0Y4        BUFG                         0.000     0.000 r  clock_IBUF_BUFG_inst/O
                         net (fo=166, routed)         0.896     0.896    camera_video/xtime/inst/clk_in1
    MMCME2_ADV_X0Y0      MMCME2_ADV (Prop_mmcme2_adv_CLKIN1_CLKOUT2)
                                                     -1.625    -0.729 r  camera_video/xtime/inst/mmcm_adv_inst/CLKOUT2
                         net (fo=1, routed)           0.700    -0.029    camera_video/xtime/inst/clk_5Mhz_clk_wiz_0
    BUFGCTRL_X0Y7        BUFG (Prop_bufg_I_O)         0.029     0.000 r  camera_video/xtime/inst/clkout3_buf/O
                         net (fo=22, routed)          0.913     0.913    camera_video/do_debouncer_clock/CLK
    SLICE_X13Y40         FDRE                                         r  camera_video/do_debouncer_clock/generate_clock.delay_reg[2]/C
                         clock pessimism             -0.274     0.638    
    SLICE_X13Y40         FDRE (Hold_fdre_C_D)         0.105     0.743    camera_video/do_debouncer_clock/generate_clock.delay_reg[2]
  -------------------------------------------------------------------
                         required time                         -0.743    
                         arrival time                           1.011    
  -------------------------------------------------------------------
                         slack                                  0.267    

Slack (MET) :             0.267ns  (arrival time - required time)
  Source:                 camera_video/do_debouncer_clock/generate_clock.delay_reg[6]/C
                            (rising edge-triggered cell FDRE clocked by clk_5Mhz_clk_wiz_0  {rise@0.000ns fall@100.000ns period=200.000ns})
  Destination:            camera_video/do_debouncer_clock/generate_clock.delay_reg[6]/D
                            (rising edge-triggered cell FDRE clocked by clk_5Mhz_clk_wiz_0  {rise@0.000ns fall@100.000ns period=200.000ns})
  Path Group:             clk_5Mhz_clk_wiz_0
  Path Type:              Hold (Min at Fast Process Corner)
  Requirement:            0.000ns  (clk_5Mhz_clk_wiz_0 rise@0.000ns - clk_5Mhz_clk_wiz_0 rise@0.000ns)
  Data Path Delay:        0.372ns  (logic 0.252ns (67.654%)  route 0.120ns (32.346%))
  Logic Levels:           1  (CARRY4=1)
  Clock Path Skew:        0.000ns (DCD - SCD - CPR)
    Destination Clock Delay (DCD):    0.913ns
    Source Clock Delay      (SCD):    0.638ns
    Clock Pessimism Removal (CPR):    0.274ns

    Location             Delay type                Incr(ns)  Path(ns)    Netlist Resource(s)
  -------------------------------------------------------------------    -------------------
                         (clock clk_5Mhz_clk_wiz_0 rise edge)
                                                      0.000     0.000 r  
    BUFGCTRL_X0Y4        BUFG                         0.000     0.000 r  clock_IBUF_BUFG_inst/O
                         net (fo=166, routed)         0.622     0.622    camera_video/xtime/inst/clk_in1
    MMCME2_ADV_X0Y0      MMCME2_ADV (Prop_mmcme2_adv_CLKIN1_CLKOUT2)
                                                     -1.296    -0.674 r  camera_video/xtime/inst/mmcm_adv_inst/CLKOUT2
                         net (fo=1, routed)           0.648    -0.026    camera_video/xtime/inst/clk_5Mhz_clk_wiz_0
    BUFGCTRL_X0Y7        BUFG (Prop_bufg_I_O)         0.026     0.000 r  camera_video/xtime/inst/clkout3_buf/O
                         net (fo=22, routed)          0.638     0.638    camera_video/do_debouncer_clock/CLK
    SLICE_X13Y41         FDRE                                         r  camera_video/do_debouncer_clock/generate_clock.delay_reg[6]/C
  -------------------------------------------------------------------    -------------------
    SLICE_X13Y41         FDRE (Prop_fdre_C_Q)         0.141     0.779 r  camera_video/do_debouncer_clock/generate_clock.delay_reg[6]/Q
                         net (fo=2, routed)           0.120     0.900    camera_video/do_debouncer_clock/generate_clock.delay_reg[6]
    SLICE_X13Y41         CARRY4 (Prop_carry4_S[2]_O[2])
                                                      0.111     1.011 r  camera_video/do_debouncer_clock/generate_clock.delay_reg[4]_i_1/O[2]
                         net (fo=1, routed)           0.000     1.011    camera_video/do_debouncer_clock/generate_clock.delay_reg[4]_i_1_n_5
    SLICE_X13Y41         FDRE                                         r  camera_video/do_debouncer_clock/generate_clock.delay_reg[6]/D
  -------------------------------------------------------------------    -------------------

                         (clock clk_5Mhz_clk_wiz_0 rise edge)
                                                      0.000     0.000 r  
    BUFGCTRL_X0Y4        BUFG                         0.000     0.000 r  clock_IBUF_BUFG_inst/O
                         net (fo=166, routed)         0.896     0.896    camera_video/xtime/inst/clk_in1
    MMCME2_ADV_X0Y0      MMCME2_ADV (Prop_mmcme2_adv_CLKIN1_CLKOUT2)
                                                     -1.625    -0.729 r  camera_video/xtime/inst/mmcm_adv_inst/CLKOUT2
                         net (fo=1, routed)           0.700    -0.029    camera_video/xtime/inst/clk_5Mhz_clk_wiz_0
    BUFGCTRL_X0Y7        BUFG (Prop_bufg_I_O)         0.029     0.000 r  camera_video/xtime/inst/clkout3_buf/O
                         net (fo=22, routed)          0.913     0.913    camera_video/do_debouncer_clock/CLK
    SLICE_X13Y41         FDRE                                         r  camera_video/do_debouncer_clock/generate_clock.delay_reg[6]/C
                         clock pessimism             -0.274     0.638    
    SLICE_X13Y41         FDRE (Hold_fdre_C_D)         0.105     0.743    camera_video/do_debouncer_clock/generate_clock.delay_reg[6]
  -------------------------------------------------------------------
                         required time                         -0.743    
                         arrival time                           1.011    
  -------------------------------------------------------------------
                         slack                                  0.267    

Slack (MET) :             0.268ns  (arrival time - required time)
  Source:                 camera_video/do_debouncer_clock/generate_clock.delay_reg[12]/C
                            (rising edge-triggered cell FDRE clocked by clk_5Mhz_clk_wiz_0  {rise@0.000ns fall@100.000ns period=200.000ns})
  Destination:            camera_video/do_debouncer_clock/generate_clock.delay_reg[12]/D
                            (rising edge-triggered cell FDRE clocked by clk_5Mhz_clk_wiz_0  {rise@0.000ns fall@100.000ns period=200.000ns})
  Path Group:             clk_5Mhz_clk_wiz_0
  Path Type:              Hold (Min at Fast Process Corner)
  Requirement:            0.000ns  (clk_5Mhz_clk_wiz_0 rise@0.000ns - clk_5Mhz_clk_wiz_0 rise@0.000ns)
  Data Path Delay:        0.373ns  (logic 0.256ns (68.576%)  route 0.117ns (31.424%))
  Logic Levels:           1  (CARRY4=1)
  Clock Path Skew:        0.000ns (DCD - SCD - CPR)
    Destination Clock Delay (DCD):    0.914ns
    Source Clock Delay      (SCD):    0.639ns
    Clock Pessimism Removal (CPR):    0.274ns

    Location             Delay type                Incr(ns)  Path(ns)    Netlist Resource(s)
  -------------------------------------------------------------------    -------------------
                         (clock clk_5Mhz_clk_wiz_0 rise edge)
                                                      0.000     0.000 r  
    BUFGCTRL_X0Y4        BUFG                         0.000     0.000 r  clock_IBUF_BUFG_inst/O
                         net (fo=166, routed)         0.622     0.622    camera_video/xtime/inst/clk_in1
    MMCME2_ADV_X0Y0      MMCME2_ADV (Prop_mmcme2_adv_CLKIN1_CLKOUT2)
                                                     -1.296    -0.674 r  camera_video/xtime/inst/mmcm_adv_inst/CLKOUT2
                         net (fo=1, routed)           0.648    -0.026    camera_video/xtime/inst/clk_5Mhz_clk_wiz_0
    BUFGCTRL_X0Y7        BUFG (Prop_bufg_I_O)         0.026     0.000 r  camera_video/xtime/inst/clkout3_buf/O
                         net (fo=22, routed)          0.639     0.639    camera_video/do_debouncer_clock/CLK
    SLICE_X13Y43         FDRE                                         r  camera_video/do_debouncer_clock/generate_clock.delay_reg[12]/C
  -------------------------------------------------------------------    -------------------
    SLICE_X13Y43         FDRE (Prop_fdre_C_Q)         0.141     0.780 r  camera_video/do_debouncer_clock/generate_clock.delay_reg[12]/Q
                         net (fo=2, routed)           0.117     0.898    camera_video/do_debouncer_clock/generate_clock.delay_reg[12]
    SLICE_X13Y43         CARRY4 (Prop_carry4_S[0]_O[0])
                                                      0.115     1.013 r  camera_video/do_debouncer_clock/generate_clock.delay_reg[12]_i_1/O[0]
                         net (fo=1, routed)           0.000     1.013    camera_video/do_debouncer_clock/generate_clock.delay_reg[12]_i_1_n_7
    SLICE_X13Y43         FDRE                                         r  camera_video/do_debouncer_clock/generate_clock.delay_reg[12]/D
  -------------------------------------------------------------------    -------------------

                         (clock clk_5Mhz_clk_wiz_0 rise edge)
                                                      0.000     0.000 r  
    BUFGCTRL_X0Y4        BUFG                         0.000     0.000 r  clock_IBUF_BUFG_inst/O
                         net (fo=166, routed)         0.896     0.896    camera_video/xtime/inst/clk_in1
    MMCME2_ADV_X0Y0      MMCME2_ADV (Prop_mmcme2_adv_CLKIN1_CLKOUT2)
                                                     -1.625    -0.729 r  camera_video/xtime/inst/mmcm_adv_inst/CLKOUT2
                         net (fo=1, routed)           0.700    -0.029    camera_video/xtime/inst/clk_5Mhz_clk_wiz_0
    BUFGCTRL_X0Y7        BUFG (Prop_bufg_I_O)         0.029     0.000 r  camera_video/xtime/inst/clkout3_buf/O
                         net (fo=22, routed)          0.914     0.914    camera_video/do_debouncer_clock/CLK
    SLICE_X13Y43         FDRE                                         r  camera_video/do_debouncer_clock/generate_clock.delay_reg[12]/C
                         clock pessimism             -0.274     0.639    
    SLICE_X13Y43         FDRE (Hold_fdre_C_D)         0.105     0.744    camera_video/do_debouncer_clock/generate_clock.delay_reg[12]
  -------------------------------------------------------------------
                         required time                         -0.744    
                         arrival time                           1.013    
  -------------------------------------------------------------------
                         slack                                  0.268    





Pulse Width Checks
--------------------------------------------------------------------------------------
Clock Name:         clk_5Mhz_clk_wiz_0
Waveform(ns):       { 0.000 100.000 }
Period(ns):         200.000
Sources:            { camera_video/xtime/inst/mmcm_adv_inst/CLKOUT2 }

Check Type        Corner  Lib Pin             Reference Pin  Required(ns)  Actual(ns)  Slack(ns)  Location         Pin
Min Period        n/a     BUFG/I              n/a            2.155         200.000     197.845    BUFGCTRL_X0Y7    camera_video/xtime/inst/clkout3_buf/I
Min Period        n/a     MMCME2_ADV/CLKOUT2  n/a            1.249         200.000     198.751    MMCME2_ADV_X0Y0  camera_video/xtime/inst/mmcm_adv_inst/CLKOUT2
Min Period        n/a     FDRE/C              n/a            1.000         200.000     199.000    SLICE_X19Y44     camera_video/vsync_debounce.Count_reg[0]/C
Min Period        n/a     FDRE/C              n/a            1.000         200.000     199.000    SLICE_X19Y44     camera_video/vsync_debounce.Count_reg[1]/C
Min Period        n/a     FDRE/C              n/a            1.000         200.000     199.000    SLICE_X19Y44     camera_video/vsync_debounce.Count_reg[2]/C
Min Period        n/a     FDRE/C              n/a            1.000         200.000     199.000    SLICE_X19Y44     camera_video/vsync_debounce.Count_reg[3]/C
Min Period        n/a     FDRE/C              n/a            1.000         200.000     199.000    SLICE_X19Y44     camera_video/vsync_debounce.Count_reg[4]/C
Min Period        n/a     FDRE/C              n/a            1.000         200.000     199.000    SLICE_X18Y44     camera_video/vsync_debounce.vsync_previous_reg/C
Min Period        n/a     FDRE/C              n/a            1.000         200.000     199.000    SLICE_X14Y41     camera_video/do_debouncer_clock/generate_clock.clock_reg/C
Min Period        n/a     FDRE/C              n/a            1.000         200.000     199.000    SLICE_X13Y40     camera_video/do_debouncer_clock/generate_clock.delay_reg[0]/C
Max Period        n/a     MMCME2_ADV/CLKOUT2  n/a            213.360       200.000     13.360     MMCME2_ADV_X0Y0  camera_video/xtime/inst/mmcm_adv_inst/CLKOUT2
Low Pulse Width   Slow    FDRE/C              n/a            0.500         100.000     99.500     SLICE_X19Y44     camera_video/vsync_debounce.Count_reg[0]/C
Low Pulse Width   Fast    FDRE/C              n/a            0.500         100.000     99.500     SLICE_X19Y44     camera_video/vsync_debounce.Count_reg[0]/C
Low Pulse Width   Slow    FDRE/C              n/a            0.500         100.000     99.500     SLICE_X19Y44     camera_video/vsync_debounce.Count_reg[1]/C
Low Pulse Width   Fast    FDRE/C              n/a            0.500         100.000     99.500     SLICE_X19Y44     camera_video/vsync_debounce.Count_reg[1]/C
Low Pulse Width   Slow    FDRE/C              n/a            0.500         100.000     99.500     SLICE_X19Y44     camera_video/vsync_debounce.Count_reg[2]/C
Low Pulse Width   Fast    FDRE/C              n/a            0.500         100.000     99.500     SLICE_X19Y44     camera_video/vsync_debounce.Count_reg[2]/C
Low Pulse Width   Slow    FDRE/C              n/a            0.500         100.000     99.500     SLICE_X19Y44     camera_video/vsync_debounce.Count_reg[3]/C
Low Pulse Width   Fast    FDRE/C              n/a            0.500         100.000     99.500     SLICE_X19Y44     camera_video/vsync_debounce.Count_reg[3]/C
Low Pulse Width   Slow    FDRE/C              n/a            0.500         100.000     99.500     SLICE_X19Y44     camera_video/vsync_debounce.Count_reg[4]/C
Low Pulse Width   Fast    FDRE/C              n/a            0.500         100.000     99.500     SLICE_X19Y44     camera_video/vsync_debounce.Count_reg[4]/C
High Pulse Width  Slow    FDRE/C              n/a            0.500         100.000     99.500     SLICE_X19Y44     camera_video/vsync_debounce.Count_reg[0]/C
High Pulse Width  Fast    FDRE/C              n/a            0.500         100.000     99.500     SLICE_X19Y44     camera_video/vsync_debounce.Count_reg[0]/C
High Pulse Width  Slow    FDRE/C              n/a            0.500         100.000     99.500     SLICE_X19Y44     camera_video/vsync_debounce.Count_reg[1]/C
High Pulse Width  Fast    FDRE/C              n/a            0.500         100.000     99.500     SLICE_X19Y44     camera_video/vsync_debounce.Count_reg[1]/C
High Pulse Width  Slow    FDRE/C              n/a            0.500         100.000     99.500     SLICE_X19Y44     camera_video/vsync_debounce.Count_reg[2]/C
High Pulse Width  Fast    FDRE/C              n/a            0.500         100.000     99.500     SLICE_X19Y44     camera_video/vsync_debounce.Count_reg[2]/C
High Pulse Width  Slow    FDRE/C              n/a            0.500         100.000     99.500     SLICE_X19Y44     camera_video/vsync_debounce.Count_reg[3]/C
High Pulse Width  Fast    FDRE/C              n/a            0.500         100.000     99.500     SLICE_X19Y44     camera_video/vsync_debounce.Count_reg[3]/C
High Pulse Width  Slow    FDRE/C              n/a            0.500         100.000     99.500     SLICE_X19Y44     camera_video/vsync_debounce.Count_reg[4]/C
High Pulse Width  Fast    FDRE/C              n/a            0.500         100.000     99.500     SLICE_X19Y44     camera_video/vsync_debounce.Count_reg[4]/C



---------------------------------------------------------------------------------------------------
From Clock:  clk_camera_clk_wiz_0
  To Clock:  clk_camera_clk_wiz_0

Setup :            0  Failing Endpoints,  Worst Slack       80.911ns,  Total Violation        0.000ns
Hold  :            0  Failing Endpoints,  Worst Slack        0.210ns,  Total Violation        0.000ns
PW    :            0  Failing Endpoints,  Worst Slack       41.167ns,  Total Violation        0.000ns
---------------------------------------------------------------------------------------------------


Max Delay Paths
--------------------------------------------------------------------------------------
Slack (MET) :             80.911ns  (required time - arrival time)
  Source:                 camera_video/Inst_ov7670_controller/slow_clock.delay_reg[0]/C
                            (rising edge-triggered cell FDRE clocked by clk_camera_clk_wiz_0  {rise@0.000ns fall@41.667ns period=83.333ns})
  Destination:            camera_video/Inst_ov7670_controller/slow_clock.delay_reg[1]/R
                            (rising edge-triggered cell FDRE clocked by clk_camera_clk_wiz_0  {rise@0.000ns fall@41.667ns period=83.333ns})
  Path Group:             clk_camera_clk_wiz_0
  Path Type:              Setup (Max at Slow Process Corner)
  Requirement:            83.333ns  (clk_camera_clk_wiz_0 rise@83.333ns - clk_camera_clk_wiz_0 rise@0.000ns)
  Data Path Delay:        1.851ns  (logic 0.580ns (31.343%)  route 1.271ns (68.657%))
  Logic Levels:           1  (LUT6=1)
  Clock Path Skew:        -0.022ns (DCD - SCD + CPR)
    Destination Clock Delay (DCD):    1.510ns = ( 84.844 - 83.333 ) 
    Source Clock Delay      (SCD):    1.632ns
    Clock Pessimism Removal (CPR):    0.100ns
  Clock Uncertainty:      0.121ns  ((TSJ^2 + DJ^2)^1/2) / 2 + PE
    Total System Jitter     (TSJ):    0.071ns
    Discrete Jitter          (DJ):    0.232ns
    Phase Error              (PE):    0.000ns

    Location             Delay type                Incr(ns)  Path(ns)    Netlist Resource(s)
  -------------------------------------------------------------------    -------------------
                         (clock clk_camera_clk_wiz_0 rise edge)
                                                      0.000     0.000 r  
    BUFGCTRL_X0Y4        BUFG                         0.000     0.000 r  clock_IBUF_BUFG_inst/O
                         net (fo=166, routed)         1.807     1.807    camera_video/xtime/inst/clk_in1
    MMCME2_ADV_X0Y0      MMCME2_ADV (Prop_mmcme2_adv_CLKIN1_CLKOUT1)
                                                     -3.922    -2.114 r  camera_video/xtime/inst/mmcm_adv_inst/CLKOUT1
                         net (fo=1, routed)           2.018    -0.096    camera_video/xtime/inst/clk_camera_clk_wiz_0
    BUFGCTRL_X0Y8        BUFG (Prop_bufg_I_O)         0.096    -0.000 r  camera_video/xtime/inst/clkout2_buf/O
                         net (fo=9, routed)           1.632     1.632    camera_video/Inst_ov7670_controller/clk_camera
    SLICE_X49Y96         FDRE                                         r  camera_video/Inst_ov7670_controller/slow_clock.delay_reg[0]/C
  -------------------------------------------------------------------    -------------------
    SLICE_X49Y96         FDRE (Prop_fdre_C_Q)         0.456     2.088 r  camera_video/Inst_ov7670_controller/slow_clock.delay_reg[0]/Q
                         net (fo=7, routed)           0.716     2.804    camera_video/Inst_ov7670_controller/slow_clock.delay_reg[0]
    SLICE_X48Y96         LUT6 (Prop_lut6_I1_O)        0.124     2.928 r  camera_video/Inst_ov7670_controller/slow_clock.delay0_inferred__1/i_/O
                         net (fo=7, routed)           0.555     3.483    camera_video/Inst_ov7670_controller/slow_clock.delay0_inferred__1/i__n_0
    SLICE_X48Y96         FDRE                                         r  camera_video/Inst_ov7670_controller/slow_clock.delay_reg[1]/R
  -------------------------------------------------------------------    -------------------

                         (clock clk_camera_clk_wiz_0 rise edge)
                                                     83.333    83.333 r  
    BUFGCTRL_X0Y4        BUFG                         0.000    83.333 r  clock_IBUF_BUFG_inst/O
                         net (fo=166, routed)         1.680    85.013    camera_video/xtime/inst/clk_in1
    MMCME2_ADV_X0Y0      MMCME2_ADV (Prop_mmcme2_adv_CLKIN1_CLKOUT1)
                                                     -3.694    81.319 r  camera_video/xtime/inst/mmcm_adv_inst/CLKOUT1
                         net (fo=1, routed)           1.923    83.242    camera_video/xtime/inst/clk_camera_clk_wiz_0
    BUFGCTRL_X0Y8        BUFG (Prop_bufg_I_O)         0.091    83.333 r  camera_video/xtime/inst/clkout2_buf/O
                         net (fo=9, routed)           1.510    84.844    camera_video/Inst_ov7670_controller/clk_camera
    SLICE_X48Y96         FDRE                                         r  camera_video/Inst_ov7670_controller/slow_clock.delay_reg[1]/C
                         clock pessimism              0.100    84.944    
                         clock uncertainty           -0.121    84.823    
    SLICE_X48Y96         FDRE (Setup_fdre_C_R)       -0.429    84.394    camera_video/Inst_ov7670_controller/slow_clock.delay_reg[1]
  -------------------------------------------------------------------
                         required time                         84.394    
                         arrival time                          -3.483    
  -------------------------------------------------------------------
                         slack                                 80.911    

Slack (MET) :             80.911ns  (required time - arrival time)
  Source:                 camera_video/Inst_ov7670_controller/slow_clock.delay_reg[0]/C
                            (rising edge-triggered cell FDRE clocked by clk_camera_clk_wiz_0  {rise@0.000ns fall@41.667ns period=83.333ns})
  Destination:            camera_video/Inst_ov7670_controller/slow_clock.delay_reg[2]/R
                            (rising edge-triggered cell FDRE clocked by clk_camera_clk_wiz_0  {rise@0.000ns fall@41.667ns period=83.333ns})
  Path Group:             clk_camera_clk_wiz_0
  Path Type:              Setup (Max at Slow Process Corner)
  Requirement:            83.333ns  (clk_camera_clk_wiz_0 rise@83.333ns - clk_camera_clk_wiz_0 rise@0.000ns)
  Data Path Delay:        1.851ns  (logic 0.580ns (31.343%)  route 1.271ns (68.657%))
  Logic Levels:           1  (LUT6=1)
  Clock Path Skew:        -0.022ns (DCD - SCD + CPR)
    Destination Clock Delay (DCD):    1.510ns = ( 84.844 - 83.333 ) 
    Source Clock Delay      (SCD):    1.632ns
    Clock Pessimism Removal (CPR):    0.100ns
  Clock Uncertainty:      0.121ns  ((TSJ^2 + DJ^2)^1/2) / 2 + PE
    Total System Jitter     (TSJ):    0.071ns
    Discrete Jitter          (DJ):    0.232ns
    Phase Error              (PE):    0.000ns

    Location             Delay type                Incr(ns)  Path(ns)    Netlist Resource(s)
  -------------------------------------------------------------------    -------------------
                         (clock clk_camera_clk_wiz_0 rise edge)
                                                      0.000     0.000 r  
    BUFGCTRL_X0Y4        BUFG                         0.000     0.000 r  clock_IBUF_BUFG_inst/O
                         net (fo=166, routed)         1.807     1.807    camera_video/xtime/inst/clk_in1
    MMCME2_ADV_X0Y0      MMCME2_ADV (Prop_mmcme2_adv_CLKIN1_CLKOUT1)
                                                     -3.922    -2.114 r  camera_video/xtime/inst/mmcm_adv_inst/CLKOUT1
                         net (fo=1, routed)           2.018    -0.096    camera_video/xtime/inst/clk_camera_clk_wiz_0
    BUFGCTRL_X0Y8        BUFG (Prop_bufg_I_O)         0.096    -0.000 r  camera_video/xtime/inst/clkout2_buf/O
                         net (fo=9, routed)           1.632     1.632    camera_video/Inst_ov7670_controller/clk_camera
    SLICE_X49Y96         FDRE                                         r  camera_video/Inst_ov7670_controller/slow_clock.delay_reg[0]/C
  -------------------------------------------------------------------    -------------------
    SLICE_X49Y96         FDRE (Prop_fdre_C_Q)         0.456     2.088 r  camera_video/Inst_ov7670_controller/slow_clock.delay_reg[0]/Q
                         net (fo=7, routed)           0.716     2.804    camera_video/Inst_ov7670_controller/slow_clock.delay_reg[0]
    SLICE_X48Y96         LUT6 (Prop_lut6_I1_O)        0.124     2.928 r  camera_video/Inst_ov7670_controller/slow_clock.delay0_inferred__1/i_/O
                         net (fo=7, routed)           0.555     3.483    camera_video/Inst_ov7670_controller/slow_clock.delay0_inferred__1/i__n_0
    SLICE_X48Y96         FDRE                                         r  camera_video/Inst_ov7670_controller/slow_clock.delay_reg[2]/R
  -------------------------------------------------------------------    -------------------

                         (clock clk_camera_clk_wiz_0 rise edge)
                                                     83.333    83.333 r  
    BUFGCTRL_X0Y4        BUFG                         0.000    83.333 r  clock_IBUF_BUFG_inst/O
                         net (fo=166, routed)         1.680    85.013    camera_video/xtime/inst/clk_in1
    MMCME2_ADV_X0Y0      MMCME2_ADV (Prop_mmcme2_adv_CLKIN1_CLKOUT1)
                                                     -3.694    81.319 r  camera_video/xtime/inst/mmcm_adv_inst/CLKOUT1
                         net (fo=1, routed)           1.923    83.242    camera_video/xtime/inst/clk_camera_clk_wiz_0
    BUFGCTRL_X0Y8        BUFG (Prop_bufg_I_O)         0.091    83.333 r  camera_video/xtime/inst/clkout2_buf/O
                         net (fo=9, routed)           1.510    84.844    camera_video/Inst_ov7670_controller/clk_camera
    SLICE_X48Y96         FDRE                                         r  camera_video/Inst_ov7670_controller/slow_clock.delay_reg[2]/C
                         clock pessimism              0.100    84.944    
                         clock uncertainty           -0.121    84.823    
    SLICE_X48Y96         FDRE (Setup_fdre_C_R)       -0.429    84.394    camera_video/Inst_ov7670_controller/slow_clock.delay_reg[2]
  -------------------------------------------------------------------
                         required time                         84.394    
                         arrival time                          -3.483    
  -------------------------------------------------------------------
                         slack                                 80.911    

Slack (MET) :             80.911ns  (required time - arrival time)
  Source:                 camera_video/Inst_ov7670_controller/slow_clock.delay_reg[0]/C
                            (rising edge-triggered cell FDRE clocked by clk_camera_clk_wiz_0  {rise@0.000ns fall@41.667ns period=83.333ns})
  Destination:            camera_video/Inst_ov7670_controller/slow_clock.delay_reg[3]/R
                            (rising edge-triggered cell FDRE clocked by clk_camera_clk_wiz_0  {rise@0.000ns fall@41.667ns period=83.333ns})
  Path Group:             clk_camera_clk_wiz_0
  Path Type:              Setup (Max at Slow Process Corner)
  Requirement:            83.333ns  (clk_camera_clk_wiz_0 rise@83.333ns - clk_camera_clk_wiz_0 rise@0.000ns)
  Data Path Delay:        1.851ns  (logic 0.580ns (31.343%)  route 1.271ns (68.657%))
  Logic Levels:           1  (LUT6=1)
  Clock Path Skew:        -0.022ns (DCD - SCD + CPR)
    Destination Clock Delay (DCD):    1.510ns = ( 84.844 - 83.333 ) 
    Source Clock Delay      (SCD):    1.632ns
    Clock Pessimism Removal (CPR):    0.100ns
  Clock Uncertainty:      0.121ns  ((TSJ^2 + DJ^2)^1/2) / 2 + PE
    Total System Jitter     (TSJ):    0.071ns
    Discrete Jitter          (DJ):    0.232ns
    Phase Error              (PE):    0.000ns

    Location             Delay type                Incr(ns)  Path(ns)    Netlist Resource(s)
  -------------------------------------------------------------------    -------------------
                         (clock clk_camera_clk_wiz_0 rise edge)
                                                      0.000     0.000 r  
    BUFGCTRL_X0Y4        BUFG                         0.000     0.000 r  clock_IBUF_BUFG_inst/O
                         net (fo=166, routed)         1.807     1.807    camera_video/xtime/inst/clk_in1
    MMCME2_ADV_X0Y0      MMCME2_ADV (Prop_mmcme2_adv_CLKIN1_CLKOUT1)
                                                     -3.922    -2.114 r  camera_video/xtime/inst/mmcm_adv_inst/CLKOUT1
                         net (fo=1, routed)           2.018    -0.096    camera_video/xtime/inst/clk_camera_clk_wiz_0
    BUFGCTRL_X0Y8        BUFG (Prop_bufg_I_O)         0.096    -0.000 r  camera_video/xtime/inst/clkout2_buf/O
                         net (fo=9, routed)           1.632     1.632    camera_video/Inst_ov7670_controller/clk_camera
    SLICE_X49Y96         FDRE                                         r  camera_video/Inst_ov7670_controller/slow_clock.delay_reg[0]/C
  -------------------------------------------------------------------    -------------------
    SLICE_X49Y96         FDRE (Prop_fdre_C_Q)         0.456     2.088 r  camera_video/Inst_ov7670_controller/slow_clock.delay_reg[0]/Q
                         net (fo=7, routed)           0.716     2.804    camera_video/Inst_ov7670_controller/slow_clock.delay_reg[0]
    SLICE_X48Y96         LUT6 (Prop_lut6_I1_O)        0.124     2.928 r  camera_video/Inst_ov7670_controller/slow_clock.delay0_inferred__1/i_/O
                         net (fo=7, routed)           0.555     3.483    camera_video/Inst_ov7670_controller/slow_clock.delay0_inferred__1/i__n_0
    SLICE_X48Y96         FDRE                                         r  camera_video/Inst_ov7670_controller/slow_clock.delay_reg[3]/R
  -------------------------------------------------------------------    -------------------

                         (clock clk_camera_clk_wiz_0 rise edge)
                                                     83.333    83.333 r  
    BUFGCTRL_X0Y4        BUFG                         0.000    83.333 r  clock_IBUF_BUFG_inst/O
                         net (fo=166, routed)         1.680    85.013    camera_video/xtime/inst/clk_in1
    MMCME2_ADV_X0Y0      MMCME2_ADV (Prop_mmcme2_adv_CLKIN1_CLKOUT1)
                                                     -3.694    81.319 r  camera_video/xtime/inst/mmcm_adv_inst/CLKOUT1
                         net (fo=1, routed)           1.923    83.242    camera_video/xtime/inst/clk_camera_clk_wiz_0
    BUFGCTRL_X0Y8        BUFG (Prop_bufg_I_O)         0.091    83.333 r  camera_video/xtime/inst/clkout2_buf/O
                         net (fo=9, routed)           1.510    84.844    camera_video/Inst_ov7670_controller/clk_camera
    SLICE_X48Y96         FDRE                                         r  camera_video/Inst_ov7670_controller/slow_clock.delay_reg[3]/C
                         clock pessimism              0.100    84.944    
                         clock uncertainty           -0.121    84.823    
    SLICE_X48Y96         FDRE (Setup_fdre_C_R)       -0.429    84.394    camera_video/Inst_ov7670_controller/slow_clock.delay_reg[3]
  -------------------------------------------------------------------
                         required time                         84.394    
                         arrival time                          -3.483    
  -------------------------------------------------------------------
                         slack                                 80.911    

Slack (MET) :             80.911ns  (required time - arrival time)
  Source:                 camera_video/Inst_ov7670_controller/slow_clock.delay_reg[0]/C
                            (rising edge-triggered cell FDRE clocked by clk_camera_clk_wiz_0  {rise@0.000ns fall@41.667ns period=83.333ns})
  Destination:            camera_video/Inst_ov7670_controller/slow_clock.delay_reg[4]/R
                            (rising edge-triggered cell FDRE clocked by clk_camera_clk_wiz_0  {rise@0.000ns fall@41.667ns period=83.333ns})
  Path Group:             clk_camera_clk_wiz_0
  Path Type:              Setup (Max at Slow Process Corner)
  Requirement:            83.333ns  (clk_camera_clk_wiz_0 rise@83.333ns - clk_camera_clk_wiz_0 rise@0.000ns)
  Data Path Delay:        1.851ns  (logic 0.580ns (31.343%)  route 1.271ns (68.657%))
  Logic Levels:           1  (LUT6=1)
  Clock Path Skew:        -0.022ns (DCD - SCD + CPR)
    Destination Clock Delay (DCD):    1.510ns = ( 84.844 - 83.333 ) 
    Source Clock Delay      (SCD):    1.632ns
    Clock Pessimism Removal (CPR):    0.100ns
  Clock Uncertainty:      0.121ns  ((TSJ^2 + DJ^2)^1/2) / 2 + PE
    Total System Jitter     (TSJ):    0.071ns
    Discrete Jitter          (DJ):    0.232ns
    Phase Error              (PE):    0.000ns

    Location             Delay type                Incr(ns)  Path(ns)    Netlist Resource(s)
  -------------------------------------------------------------------    -------------------
                         (clock clk_camera_clk_wiz_0 rise edge)
                                                      0.000     0.000 r  
    BUFGCTRL_X0Y4        BUFG                         0.000     0.000 r  clock_IBUF_BUFG_inst/O
                         net (fo=166, routed)         1.807     1.807    camera_video/xtime/inst/clk_in1
    MMCME2_ADV_X0Y0      MMCME2_ADV (Prop_mmcme2_adv_CLKIN1_CLKOUT1)
                                                     -3.922    -2.114 r  camera_video/xtime/inst/mmcm_adv_inst/CLKOUT1
                         net (fo=1, routed)           2.018    -0.096    camera_video/xtime/inst/clk_camera_clk_wiz_0
    BUFGCTRL_X0Y8        BUFG (Prop_bufg_I_O)         0.096    -0.000 r  camera_video/xtime/inst/clkout2_buf/O
                         net (fo=9, routed)           1.632     1.632    camera_video/Inst_ov7670_controller/clk_camera
    SLICE_X49Y96         FDRE                                         r  camera_video/Inst_ov7670_controller/slow_clock.delay_reg[0]/C
  -------------------------------------------------------------------    -------------------
    SLICE_X49Y96         FDRE (Prop_fdre_C_Q)         0.456     2.088 r  camera_video/Inst_ov7670_controller/slow_clock.delay_reg[0]/Q
                         net (fo=7, routed)           0.716     2.804    camera_video/Inst_ov7670_controller/slow_clock.delay_reg[0]
    SLICE_X48Y96         LUT6 (Prop_lut6_I1_O)        0.124     2.928 r  camera_video/Inst_ov7670_controller/slow_clock.delay0_inferred__1/i_/O
                         net (fo=7, routed)           0.555     3.483    camera_video/Inst_ov7670_controller/slow_clock.delay0_inferred__1/i__n_0
    SLICE_X48Y96         FDRE                                         r  camera_video/Inst_ov7670_controller/slow_clock.delay_reg[4]/R
  -------------------------------------------------------------------    -------------------

                         (clock clk_camera_clk_wiz_0 rise edge)
                                                     83.333    83.333 r  
    BUFGCTRL_X0Y4        BUFG                         0.000    83.333 r  clock_IBUF_BUFG_inst/O
                         net (fo=166, routed)         1.680    85.013    camera_video/xtime/inst/clk_in1
    MMCME2_ADV_X0Y0      MMCME2_ADV (Prop_mmcme2_adv_CLKIN1_CLKOUT1)
                                                     -3.694    81.319 r  camera_video/xtime/inst/mmcm_adv_inst/CLKOUT1
                         net (fo=1, routed)           1.923    83.242    camera_video/xtime/inst/clk_camera_clk_wiz_0
    BUFGCTRL_X0Y8        BUFG (Prop_bufg_I_O)         0.091    83.333 r  camera_video/xtime/inst/clkout2_buf/O
                         net (fo=9, routed)           1.510    84.844    camera_video/Inst_ov7670_controller/clk_camera
    SLICE_X48Y96         FDRE                                         r  camera_video/Inst_ov7670_controller/slow_clock.delay_reg[4]/C
                         clock pessimism              0.100    84.944    
                         clock uncertainty           -0.121    84.823    
    SLICE_X48Y96         FDRE (Setup_fdre_C_R)       -0.429    84.394    camera_video/Inst_ov7670_controller/slow_clock.delay_reg[4]
  -------------------------------------------------------------------
                         required time                         84.394    
                         arrival time                          -3.483    
  -------------------------------------------------------------------
                         slack                                 80.911    

Slack (MET) :             80.911ns  (required time - arrival time)
  Source:                 camera_video/Inst_ov7670_controller/slow_clock.delay_reg[0]/C
                            (rising edge-triggered cell FDRE clocked by clk_camera_clk_wiz_0  {rise@0.000ns fall@41.667ns period=83.333ns})
  Destination:            camera_video/Inst_ov7670_controller/slow_clock.delay_reg[5]/R
                            (rising edge-triggered cell FDRE clocked by clk_camera_clk_wiz_0  {rise@0.000ns fall@41.667ns period=83.333ns})
  Path Group:             clk_camera_clk_wiz_0
  Path Type:              Setup (Max at Slow Process Corner)
  Requirement:            83.333ns  (clk_camera_clk_wiz_0 rise@83.333ns - clk_camera_clk_wiz_0 rise@0.000ns)
  Data Path Delay:        1.851ns  (logic 0.580ns (31.343%)  route 1.271ns (68.657%))
  Logic Levels:           1  (LUT6=1)
  Clock Path Skew:        -0.022ns (DCD - SCD + CPR)
    Destination Clock Delay (DCD):    1.510ns = ( 84.844 - 83.333 ) 
    Source Clock Delay      (SCD):    1.632ns
    Clock Pessimism Removal (CPR):    0.100ns
  Clock Uncertainty:      0.121ns  ((TSJ^2 + DJ^2)^1/2) / 2 + PE
    Total System Jitter     (TSJ):    0.071ns
    Discrete Jitter          (DJ):    0.232ns
    Phase Error              (PE):    0.000ns

    Location             Delay type                Incr(ns)  Path(ns)    Netlist Resource(s)
  -------------------------------------------------------------------    -------------------
                         (clock clk_camera_clk_wiz_0 rise edge)
                                                      0.000     0.000 r  
    BUFGCTRL_X0Y4        BUFG                         0.000     0.000 r  clock_IBUF_BUFG_inst/O
                         net (fo=166, routed)         1.807     1.807    camera_video/xtime/inst/clk_in1
    MMCME2_ADV_X0Y0      MMCME2_ADV (Prop_mmcme2_adv_CLKIN1_CLKOUT1)
                                                     -3.922    -2.114 r  camera_video/xtime/inst/mmcm_adv_inst/CLKOUT1
                         net (fo=1, routed)           2.018    -0.096    camera_video/xtime/inst/clk_camera_clk_wiz_0
    BUFGCTRL_X0Y8        BUFG (Prop_bufg_I_O)         0.096    -0.000 r  camera_video/xtime/inst/clkout2_buf/O
                         net (fo=9, routed)           1.632     1.632    camera_video/Inst_ov7670_controller/clk_camera
    SLICE_X49Y96         FDRE                                         r  camera_video/Inst_ov7670_controller/slow_clock.delay_reg[0]/C
  -------------------------------------------------------------------    -------------------
    SLICE_X49Y96         FDRE (Prop_fdre_C_Q)         0.456     2.088 r  camera_video/Inst_ov7670_controller/slow_clock.delay_reg[0]/Q
                         net (fo=7, routed)           0.716     2.804    camera_video/Inst_ov7670_controller/slow_clock.delay_reg[0]
    SLICE_X48Y96         LUT6 (Prop_lut6_I1_O)        0.124     2.928 r  camera_video/Inst_ov7670_controller/slow_clock.delay0_inferred__1/i_/O
                         net (fo=7, routed)           0.555     3.483    camera_video/Inst_ov7670_controller/slow_clock.delay0_inferred__1/i__n_0
    SLICE_X48Y96         FDRE                                         r  camera_video/Inst_ov7670_controller/slow_clock.delay_reg[5]/R
  -------------------------------------------------------------------    -------------------

                         (clock clk_camera_clk_wiz_0 rise edge)
                                                     83.333    83.333 r  
    BUFGCTRL_X0Y4        BUFG                         0.000    83.333 r  clock_IBUF_BUFG_inst/O
                         net (fo=166, routed)         1.680    85.013    camera_video/xtime/inst/clk_in1
    MMCME2_ADV_X0Y0      MMCME2_ADV (Prop_mmcme2_adv_CLKIN1_CLKOUT1)
                                                     -3.694    81.319 r  camera_video/xtime/inst/mmcm_adv_inst/CLKOUT1
                         net (fo=1, routed)           1.923    83.242    camera_video/xtime/inst/clk_camera_clk_wiz_0
    BUFGCTRL_X0Y8        BUFG (Prop_bufg_I_O)         0.091    83.333 r  camera_video/xtime/inst/clkout2_buf/O
                         net (fo=9, routed)           1.510    84.844    camera_video/Inst_ov7670_controller/clk_camera
    SLICE_X48Y96         FDRE                                         r  camera_video/Inst_ov7670_controller/slow_clock.delay_reg[5]/C
                         clock pessimism              0.100    84.944    
                         clock uncertainty           -0.121    84.823    
    SLICE_X48Y96         FDRE (Setup_fdre_C_R)       -0.429    84.394    camera_video/Inst_ov7670_controller/slow_clock.delay_reg[5]
  -------------------------------------------------------------------
                         required time                         84.394    
                         arrival time                          -3.483    
  -------------------------------------------------------------------
                         slack                                 80.911    

Slack (MET) :             80.937ns  (required time - arrival time)
  Source:                 camera_video/Inst_ov7670_controller/slow_clock.delay_reg[0]/C
                            (rising edge-triggered cell FDRE clocked by clk_camera_clk_wiz_0  {rise@0.000ns fall@41.667ns period=83.333ns})
  Destination:            camera_video/Inst_ov7670_controller/slow_clock.delay_reg[0]/R
                            (rising edge-triggered cell FDRE clocked by clk_camera_clk_wiz_0  {rise@0.000ns fall@41.667ns period=83.333ns})
  Path Group:             clk_camera_clk_wiz_0
  Path Type:              Setup (Max at Slow Process Corner)
  Requirement:            83.333ns  (clk_camera_clk_wiz_0 rise@83.333ns - clk_camera_clk_wiz_0 rise@0.000ns)
  Data Path Delay:        1.846ns  (logic 0.580ns (31.417%)  route 1.266ns (68.583%))
  Logic Levels:           1  (LUT6=1)
  Clock Path Skew:        0.000ns (DCD - SCD + CPR)
    Destination Clock Delay (DCD):    1.510ns = ( 84.844 - 83.333 ) 
    Source Clock Delay      (SCD):    1.632ns
    Clock Pessimism Removal (CPR):    0.122ns
  Clock Uncertainty:      0.121ns  ((TSJ^2 + DJ^2)^1/2) / 2 + PE
    Total System Jitter     (TSJ):    0.071ns
    Discrete Jitter          (DJ):    0.232ns
    Phase Error              (PE):    0.000ns

    Location             Delay type                Incr(ns)  Path(ns)    Netlist Resource(s)
  -------------------------------------------------------------------    -------------------
                         (clock clk_camera_clk_wiz_0 rise edge)
                                                      0.000     0.000 r  
    BUFGCTRL_X0Y4        BUFG                         0.000     0.000 r  clock_IBUF_BUFG_inst/O
                         net (fo=166, routed)         1.807     1.807    camera_video/xtime/inst/clk_in1
    MMCME2_ADV_X0Y0      MMCME2_ADV (Prop_mmcme2_adv_CLKIN1_CLKOUT1)
                                                     -3.922    -2.114 r  camera_video/xtime/inst/mmcm_adv_inst/CLKOUT1
                         net (fo=1, routed)           2.018    -0.096    camera_video/xtime/inst/clk_camera_clk_wiz_0
    BUFGCTRL_X0Y8        BUFG (Prop_bufg_I_O)         0.096    -0.000 r  camera_video/xtime/inst/clkout2_buf/O
                         net (fo=9, routed)           1.632     1.632    camera_video/Inst_ov7670_controller/clk_camera
    SLICE_X49Y96         FDRE                                         r  camera_video/Inst_ov7670_controller/slow_clock.delay_reg[0]/C
  -------------------------------------------------------------------    -------------------
    SLICE_X49Y96         FDRE (Prop_fdre_C_Q)         0.456     2.088 r  camera_video/Inst_ov7670_controller/slow_clock.delay_reg[0]/Q
                         net (fo=7, routed)           0.716     2.804    camera_video/Inst_ov7670_controller/slow_clock.delay_reg[0]
    SLICE_X48Y96         LUT6 (Prop_lut6_I1_O)        0.124     2.928 r  camera_video/Inst_ov7670_controller/slow_clock.delay0_inferred__1/i_/O
                         net (fo=7, routed)           0.551     3.479    camera_video/Inst_ov7670_controller/slow_clock.delay0_inferred__1/i__n_0
    SLICE_X49Y96         FDRE                                         r  camera_video/Inst_ov7670_controller/slow_clock.delay_reg[0]/R
  -------------------------------------------------------------------    -------------------

                         (clock clk_camera_clk_wiz_0 rise edge)
                                                     83.333    83.333 r  
    BUFGCTRL_X0Y4        BUFG                         0.000    83.333 r  clock_IBUF_BUFG_inst/O
                         net (fo=166, routed)         1.680    85.013    camera_video/xtime/inst/clk_in1
    MMCME2_ADV_X0Y0      MMCME2_ADV (Prop_mmcme2_adv_CLKIN1_CLKOUT1)
                                                     -3.694    81.319 r  camera_video/xtime/inst/mmcm_adv_inst/CLKOUT1
                         net (fo=1, routed)           1.923    83.242    camera_video/xtime/inst/clk_camera_clk_wiz_0
    BUFGCTRL_X0Y8        BUFG (Prop_bufg_I_O)         0.091    83.333 r  camera_video/xtime/inst/clkout2_buf/O
                         net (fo=9, routed)           1.510    84.844    camera_video/Inst_ov7670_controller/clk_camera
    SLICE_X49Y96         FDRE                                         r  camera_video/Inst_ov7670_controller/slow_clock.delay_reg[0]/C
                         clock pessimism              0.122    84.966    
                         clock uncertainty           -0.121    84.845    
    SLICE_X49Y96         FDRE (Setup_fdre_C_R)       -0.429    84.416    camera_video/Inst_ov7670_controller/slow_clock.delay_reg[0]
  -------------------------------------------------------------------
                         required time                         84.415    
                         arrival time                          -3.479    
  -------------------------------------------------------------------
                         slack                                 80.937    

Slack (MET) :             81.418ns  (required time - arrival time)
  Source:                 camera_video/Inst_ov7670_controller/slow_clock.delay_reg[1]/C
                            (rising edge-triggered cell FDRE clocked by clk_camera_clk_wiz_0  {rise@0.000ns fall@41.667ns period=83.333ns})
  Destination:            camera_video/Inst_ov7670_controller/slow_clock.delay_reg[1]/D
                            (rising edge-triggered cell FDRE clocked by clk_camera_clk_wiz_0  {rise@0.000ns fall@41.667ns period=83.333ns})
  Path Group:             clk_camera_clk_wiz_0
  Path Type:              Setup (Max at Slow Process Corner)
  Requirement:            83.333ns  (clk_camera_clk_wiz_0 rise@83.333ns - clk_camera_clk_wiz_0 rise@0.000ns)
  Data Path Delay:        1.824ns  (logic 0.580ns (31.806%)  route 1.244ns (68.194%))
  Logic Levels:           1  (LUT2=1)
  Clock Path Skew:        0.000ns (DCD - SCD + CPR)
    Destination Clock Delay (DCD):    1.510ns = ( 84.844 - 83.333 ) 
    Source Clock Delay      (SCD):    1.632ns
    Clock Pessimism Removal (CPR):    0.122ns
  Clock Uncertainty:      0.121ns  ((TSJ^2 + DJ^2)^1/2) / 2 + PE
    Total System Jitter     (TSJ):    0.071ns
    Discrete Jitter          (DJ):    0.232ns
    Phase Error              (PE):    0.000ns

    Location             Delay type                Incr(ns)  Path(ns)    Netlist Resource(s)
  -------------------------------------------------------------------    -------------------
                         (clock clk_camera_clk_wiz_0 rise edge)
                                                      0.000     0.000 r  
    BUFGCTRL_X0Y4        BUFG                         0.000     0.000 r  clock_IBUF_BUFG_inst/O
                         net (fo=166, routed)         1.807     1.807    camera_video/xtime/inst/clk_in1
    MMCME2_ADV_X0Y0      MMCME2_ADV (Prop_mmcme2_adv_CLKIN1_CLKOUT1)
                                                     -3.922    -2.114 r  camera_video/xtime/inst/mmcm_adv_inst/CLKOUT1
                         net (fo=1, routed)           2.018    -0.096    camera_video/xtime/inst/clk_camera_clk_wiz_0
    BUFGCTRL_X0Y8        BUFG (Prop_bufg_I_O)         0.096    -0.000 r  camera_video/xtime/inst/clkout2_buf/O
                         net (fo=9, routed)           1.632     1.632    camera_video/Inst_ov7670_controller/clk_camera
    SLICE_X48Y96         FDRE                                         r  camera_video/Inst_ov7670_controller/slow_clock.delay_reg[1]/C
  -------------------------------------------------------------------    -------------------
    SLICE_X48Y96         FDRE (Prop_fdre_C_Q)         0.456     2.088 r  camera_video/Inst_ov7670_controller/slow_clock.delay_reg[1]/Q
                         net (fo=6, routed)           1.244     3.332    camera_video/Inst_ov7670_controller/slow_clock.delay_reg[1]
    SLICE_X48Y96         LUT2 (Prop_lut2_I1_O)        0.124     3.456 r  camera_video/Inst_ov7670_controller/slow_clock.delay[1]_i_1/O
                         net (fo=1, routed)           0.000     3.456    camera_video/Inst_ov7670_controller/slow_clock.delay[1]_i_1_n_0
    SLICE_X48Y96         FDRE                                         r  camera_video/Inst_ov7670_controller/slow_clock.delay_reg[1]/D
  -------------------------------------------------------------------    -------------------

                         (clock clk_camera_clk_wiz_0 rise edge)
                                                     83.333    83.333 r  
    BUFGCTRL_X0Y4        BUFG                         0.000    83.333 r  clock_IBUF_BUFG_inst/O
                         net (fo=166, routed)         1.680    85.013    camera_video/xtime/inst/clk_in1
    MMCME2_ADV_X0Y0      MMCME2_ADV (Prop_mmcme2_adv_CLKIN1_CLKOUT1)
                                                     -3.694    81.319 r  camera_video/xtime/inst/mmcm_adv_inst/CLKOUT1
                         net (fo=1, routed)           1.923    83.242    camera_video/xtime/inst/clk_camera_clk_wiz_0
    BUFGCTRL_X0Y8        BUFG (Prop_bufg_I_O)         0.091    83.333 r  camera_video/xtime/inst/clkout2_buf/O
                         net (fo=9, routed)           1.510    84.844    camera_video/Inst_ov7670_controller/clk_camera
    SLICE_X48Y96         FDRE                                         r  camera_video/Inst_ov7670_controller/slow_clock.delay_reg[1]/C
                         clock pessimism              0.122    84.966    
                         clock uncertainty           -0.121    84.845    
    SLICE_X48Y96         FDRE (Setup_fdre_C_D)        0.029    84.874    camera_video/Inst_ov7670_controller/slow_clock.delay_reg[1]
  -------------------------------------------------------------------
                         required time                         84.873    
                         arrival time                          -3.456    
  -------------------------------------------------------------------
                         slack                                 81.418    

Slack (MET) :             81.427ns  (required time - arrival time)
  Source:                 camera_video/Inst_ov7670_controller/slow_clock.delay_reg[1]/C
                            (rising edge-triggered cell FDRE clocked by clk_camera_clk_wiz_0  {rise@0.000ns fall@41.667ns period=83.333ns})
  Destination:            camera_video/Inst_ov7670_controller/slow_clock.delay_reg[3]/D
                            (rising edge-triggered cell FDRE clocked by clk_camera_clk_wiz_0  {rise@0.000ns fall@41.667ns period=83.333ns})
  Path Group:             clk_camera_clk_wiz_0
  Path Type:              Setup (Max at Slow Process Corner)
  Requirement:            83.333ns  (clk_camera_clk_wiz_0 rise@83.333ns - clk_camera_clk_wiz_0 rise@0.000ns)
  Data Path Delay:        1.816ns  (logic 0.580ns (31.945%)  route 1.236ns (68.055%))
  Logic Levels:           1  (LUT4=1)
  Clock Path Skew:        0.000ns (DCD - SCD + CPR)
    Destination Clock Delay (DCD):    1.510ns = ( 84.844 - 83.333 ) 
    Source Clock Delay      (SCD):    1.632ns
    Clock Pessimism Removal (CPR):    0.122ns
  Clock Uncertainty:      0.121ns  ((TSJ^2 + DJ^2)^1/2) / 2 + PE
    Total System Jitter     (TSJ):    0.071ns
    Discrete Jitter          (DJ):    0.232ns
    Phase Error              (PE):    0.000ns

    Location             Delay type                Incr(ns)  Path(ns)    Netlist Resource(s)
  -------------------------------------------------------------------    -------------------
                         (clock clk_camera_clk_wiz_0 rise edge)
                                                      0.000     0.000 r  
    BUFGCTRL_X0Y4        BUFG                         0.000     0.000 r  clock_IBUF_BUFG_inst/O
                         net (fo=166, routed)         1.807     1.807    camera_video/xtime/inst/clk_in1
    MMCME2_ADV_X0Y0      MMCME2_ADV (Prop_mmcme2_adv_CLKIN1_CLKOUT1)
                                                     -3.922    -2.114 r  camera_video/xtime/inst/mmcm_adv_inst/CLKOUT1
                         net (fo=1, routed)           2.018    -0.096    camera_video/xtime/inst/clk_camera_clk_wiz_0
    BUFGCTRL_X0Y8        BUFG (Prop_bufg_I_O)         0.096    -0.000 r  camera_video/xtime/inst/clkout2_buf/O
                         net (fo=9, routed)           1.632     1.632    camera_video/Inst_ov7670_controller/clk_camera
    SLICE_X48Y96         FDRE                                         r  camera_video/Inst_ov7670_controller/slow_clock.delay_reg[1]/C
  -------------------------------------------------------------------    -------------------
    SLICE_X48Y96         FDRE (Prop_fdre_C_Q)         0.456     2.088 r  camera_video/Inst_ov7670_controller/slow_clock.delay_reg[1]/Q
                         net (fo=6, routed)           1.236     3.324    camera_video/Inst_ov7670_controller/slow_clock.delay_reg[1]
    SLICE_X48Y96         LUT4 (Prop_lut4_I0_O)        0.124     3.448 r  camera_video/Inst_ov7670_controller/slow_clock.delay[3]_i_1/O
                         net (fo=1, routed)           0.000     3.448    camera_video/Inst_ov7670_controller/slow_clock.delay[3]_i_1_n_0
    SLICE_X48Y96         FDRE                                         r  camera_video/Inst_ov7670_controller/slow_clock.delay_reg[3]/D
  -------------------------------------------------------------------    -------------------

                         (clock clk_camera_clk_wiz_0 rise edge)
                                                     83.333    83.333 r  
    BUFGCTRL_X0Y4        BUFG                         0.000    83.333 r  clock_IBUF_BUFG_inst/O
                         net (fo=166, routed)         1.680    85.013    camera_video/xtime/inst/clk_in1
    MMCME2_ADV_X0Y0      MMCME2_ADV (Prop_mmcme2_adv_CLKIN1_CLKOUT1)
                                                     -3.694    81.319 r  camera_video/xtime/inst/mmcm_adv_inst/CLKOUT1
                         net (fo=1, routed)           1.923    83.242    camera_video/xtime/inst/clk_camera_clk_wiz_0
    BUFGCTRL_X0Y8        BUFG (Prop_bufg_I_O)         0.091    83.333 r  camera_video/xtime/inst/clkout2_buf/O
                         net (fo=9, routed)           1.510    84.844    camera_video/Inst_ov7670_controller/clk_camera
    SLICE_X48Y96         FDRE                                         r  camera_video/Inst_ov7670_controller/slow_clock.delay_reg[3]/C
                         clock pessimism              0.122    84.966    
                         clock uncertainty           -0.121    84.845    
    SLICE_X48Y96         FDRE (Setup_fdre_C_D)        0.031    84.876    camera_video/Inst_ov7670_controller/slow_clock.delay_reg[3]
  -------------------------------------------------------------------
                         required time                         84.875    
                         arrival time                          -3.448    
  -------------------------------------------------------------------
                         slack                                 81.427    

Slack (MET) :             81.438ns  (required time - arrival time)
  Source:                 camera_video/Inst_ov7670_controller/slow_clock.delay_reg[1]/C
                            (rising edge-triggered cell FDRE clocked by clk_camera_clk_wiz_0  {rise@0.000ns fall@41.667ns period=83.333ns})
  Destination:            camera_video/Inst_ov7670_controller/slow_clock.delay_reg[2]/D
                            (rising edge-triggered cell FDRE clocked by clk_camera_clk_wiz_0  {rise@0.000ns fall@41.667ns period=83.333ns})
  Path Group:             clk_camera_clk_wiz_0
  Path Type:              Setup (Max at Slow Process Corner)
  Requirement:            83.333ns  (clk_camera_clk_wiz_0 rise@83.333ns - clk_camera_clk_wiz_0 rise@0.000ns)
  Data Path Delay:        1.850ns  (logic 0.606ns (32.765%)  route 1.244ns (67.235%))
  Logic Levels:           1  (LUT3=1)
  Clock Path Skew:        0.000ns (DCD - SCD + CPR)
    Destination Clock Delay (DCD):    1.510ns = ( 84.844 - 83.333 ) 
    Source Clock Delay      (SCD):    1.632ns
    Clock Pessimism Removal (CPR):    0.122ns
  Clock Uncertainty:      0.121ns  ((TSJ^2 + DJ^2)^1/2) / 2 + PE
    Total System Jitter     (TSJ):    0.071ns
    Discrete Jitter          (DJ):    0.232ns
    Phase Error              (PE):    0.000ns

    Location             Delay type                Incr(ns)  Path(ns)    Netlist Resource(s)
  -------------------------------------------------------------------    -------------------
                         (clock clk_camera_clk_wiz_0 rise edge)
                                                      0.000     0.000 r  
    BUFGCTRL_X0Y4        BUFG                         0.000     0.000 r  clock_IBUF_BUFG_inst/O
                         net (fo=166, routed)         1.807     1.807    camera_video/xtime/inst/clk_in1
    MMCME2_ADV_X0Y0      MMCME2_ADV (Prop_mmcme2_adv_CLKIN1_CLKOUT1)
                                                     -3.922    -2.114 r  camera_video/xtime/inst/mmcm_adv_inst/CLKOUT1
                         net (fo=1, routed)           2.018    -0.096    camera_video/xtime/inst/clk_camera_clk_wiz_0
    BUFGCTRL_X0Y8        BUFG (Prop_bufg_I_O)         0.096    -0.000 r  camera_video/xtime/inst/clkout2_buf/O
                         net (fo=9, routed)           1.632     1.632    camera_video/Inst_ov7670_controller/clk_camera
    SLICE_X48Y96         FDRE                                         r  camera_video/Inst_ov7670_controller/slow_clock.delay_reg[1]/C
  -------------------------------------------------------------------    -------------------
    SLICE_X48Y96         FDRE (Prop_fdre_C_Q)         0.456     2.088 r  camera_video/Inst_ov7670_controller/slow_clock.delay_reg[1]/Q
                         net (fo=6, routed)           1.244     3.332    camera_video/Inst_ov7670_controller/slow_clock.delay_reg[1]
    SLICE_X48Y96         LUT3 (Prop_lut3_I1_O)        0.150     3.482 r  camera_video/Inst_ov7670_controller/slow_clock.delay[2]_i_1/O
                         net (fo=1, routed)           0.000     3.482    camera_video/Inst_ov7670_controller/slow_clock.delay[2]_i_1_n_0
    SLICE_X48Y96         FDRE                                         r  camera_video/Inst_ov7670_controller/slow_clock.delay_reg[2]/D
  -------------------------------------------------------------------    -------------------

                         (clock clk_camera_clk_wiz_0 rise edge)
                                                     83.333    83.333 r  
    BUFGCTRL_X0Y4        BUFG                         0.000    83.333 r  clock_IBUF_BUFG_inst/O
                         net (fo=166, routed)         1.680    85.013    camera_video/xtime/inst/clk_in1
    MMCME2_ADV_X0Y0      MMCME2_ADV (Prop_mmcme2_adv_CLKIN1_CLKOUT1)
                                                     -3.694    81.319 r  camera_video/xtime/inst/mmcm_adv_inst/CLKOUT1
                         net (fo=1, routed)           1.923    83.242    camera_video/xtime/inst/clk_camera_clk_wiz_0
    BUFGCTRL_X0Y8        BUFG (Prop_bufg_I_O)         0.091    83.333 r  camera_video/xtime/inst/clkout2_buf/O
                         net (fo=9, routed)           1.510    84.844    camera_video/Inst_ov7670_controller/clk_camera
    SLICE_X48Y96         FDRE                                         r  camera_video/Inst_ov7670_controller/slow_clock.delay_reg[2]/C
                         clock pessimism              0.122    84.966    
                         clock uncertainty           -0.121    84.845    
    SLICE_X48Y96         FDRE (Setup_fdre_C_D)        0.075    84.920    camera_video/Inst_ov7670_controller/slow_clock.delay_reg[2]
  -------------------------------------------------------------------
                         required time                         84.919    
                         arrival time                          -3.482    
  -------------------------------------------------------------------
                         slack                                 81.438    

Slack (MET) :             81.443ns  (required time - arrival time)
  Source:                 camera_video/Inst_ov7670_controller/slow_clock.delay_reg[1]/C
                            (rising edge-triggered cell FDRE clocked by clk_camera_clk_wiz_0  {rise@0.000ns fall@41.667ns period=83.333ns})
  Destination:            camera_video/Inst_ov7670_controller/slow_clock.delay_reg[4]/D
                            (rising edge-triggered cell FDRE clocked by clk_camera_clk_wiz_0  {rise@0.000ns fall@41.667ns period=83.333ns})
  Path Group:             clk_camera_clk_wiz_0
  Path Type:              Setup (Max at Slow Process Corner)
  Requirement:            83.333ns  (clk_camera_clk_wiz_0 rise@83.333ns - clk_camera_clk_wiz_0 rise@0.000ns)
  Data Path Delay:        1.844ns  (logic 0.608ns (32.979%)  route 1.236ns (67.021%))
  Logic Levels:           1  (LUT5=1)
  Clock Path Skew:        0.000ns (DCD - SCD + CPR)
    Destination Clock Delay (DCD):    1.510ns = ( 84.844 - 83.333 ) 
    Source Clock Delay      (SCD):    1.632ns
    Clock Pessimism Removal (CPR):    0.122ns
  Clock Uncertainty:      0.121ns  ((TSJ^2 + DJ^2)^1/2) / 2 + PE
    Total System Jitter     (TSJ):    0.071ns
    Discrete Jitter          (DJ):    0.232ns
    Phase Error              (PE):    0.000ns

    Location             Delay type                Incr(ns)  Path(ns)    Netlist Resource(s)
  -------------------------------------------------------------------    -------------------
                         (clock clk_camera_clk_wiz_0 rise edge)
                                                      0.000     0.000 r  
    BUFGCTRL_X0Y4        BUFG                         0.000     0.000 r  clock_IBUF_BUFG_inst/O
                         net (fo=166, routed)         1.807     1.807    camera_video/xtime/inst/clk_in1
    MMCME2_ADV_X0Y0      MMCME2_ADV (Prop_mmcme2_adv_CLKIN1_CLKOUT1)
                                                     -3.922    -2.114 r  camera_video/xtime/inst/mmcm_adv_inst/CLKOUT1
                         net (fo=1, routed)           2.018    -0.096    camera_video/xtime/inst/clk_camera_clk_wiz_0
    BUFGCTRL_X0Y8        BUFG (Prop_bufg_I_O)         0.096    -0.000 r  camera_video/xtime/inst/clkout2_buf/O
                         net (fo=9, routed)           1.632     1.632    camera_video/Inst_ov7670_controller/clk_camera
    SLICE_X48Y96         FDRE                                         r  camera_video/Inst_ov7670_controller/slow_clock.delay_reg[1]/C
  -------------------------------------------------------------------    -------------------
    SLICE_X48Y96         FDRE (Prop_fdre_C_Q)         0.456     2.088 r  camera_video/Inst_ov7670_controller/slow_clock.delay_reg[1]/Q
                         net (fo=6, routed)           1.236     3.324    camera_video/Inst_ov7670_controller/slow_clock.delay_reg[1]
    SLICE_X48Y96         LUT5 (Prop_lut5_I2_O)        0.152     3.476 r  camera_video/Inst_ov7670_controller/slow_clock.delay[4]_i_1/O
                         net (fo=1, routed)           0.000     3.476    camera_video/Inst_ov7670_controller/slow_clock.delay[4]_i_1_n_0
    SLICE_X48Y96         FDRE                                         r  camera_video/Inst_ov7670_controller/slow_clock.delay_reg[4]/D
  -------------------------------------------------------------------    -------------------

                         (clock clk_camera_clk_wiz_0 rise edge)
                                                     83.333    83.333 r  
    BUFGCTRL_X0Y4        BUFG                         0.000    83.333 r  clock_IBUF_BUFG_inst/O
                         net (fo=166, routed)         1.680    85.013    camera_video/xtime/inst/clk_in1
    MMCME2_ADV_X0Y0      MMCME2_ADV (Prop_mmcme2_adv_CLKIN1_CLKOUT1)
                                                     -3.694    81.319 r  camera_video/xtime/inst/mmcm_adv_inst/CLKOUT1
                         net (fo=1, routed)           1.923    83.242    camera_video/xtime/inst/clk_camera_clk_wiz_0
    BUFGCTRL_X0Y8        BUFG (Prop_bufg_I_O)         0.091    83.333 r  camera_video/xtime/inst/clkout2_buf/O
                         net (fo=9, routed)           1.510    84.844    camera_video/Inst_ov7670_controller/clk_camera
    SLICE_X48Y96         FDRE                                         r  camera_video/Inst_ov7670_controller/slow_clock.delay_reg[4]/C
                         clock pessimism              0.122    84.966    
                         clock uncertainty           -0.121    84.845    
    SLICE_X48Y96         FDRE (Setup_fdre_C_D)        0.075    84.920    camera_video/Inst_ov7670_controller/slow_clock.delay_reg[4]
  -------------------------------------------------------------------
                         required time                         84.919    
                         arrival time                          -3.476    
  -------------------------------------------------------------------
                         slack                                 81.443    





Min Delay Paths
--------------------------------------------------------------------------------------
Slack (MET) :             0.210ns  (arrival time - required time)
  Source:                 camera_video/Inst_ov7670_controller/slow_clock.delay_reg[0]/C
                            (rising edge-triggered cell FDRE clocked by clk_camera_clk_wiz_0  {rise@0.000ns fall@41.667ns period=83.333ns})
  Destination:            camera_video/Inst_ov7670_controller/slow_clock.delay_reg[2]/D
                            (rising edge-triggered cell FDRE clocked by clk_camera_clk_wiz_0  {rise@0.000ns fall@41.667ns period=83.333ns})
  Path Group:             clk_camera_clk_wiz_0
  Path Type:              Hold (Min at Fast Process Corner)
  Requirement:            0.000ns  (clk_camera_clk_wiz_0 rise@0.000ns - clk_camera_clk_wiz_0 rise@0.000ns)
  Data Path Delay:        0.330ns  (logic 0.189ns (57.224%)  route 0.141ns (42.776%))
  Logic Levels:           1  (LUT3=1)
  Clock Path Skew:        0.013ns (DCD - SCD - CPR)
    Destination Clock Delay (DCD):    0.835ns
    Source Clock Delay      (SCD):    0.564ns
    Clock Pessimism Removal (CPR):    0.258ns

    Location             Delay type                Incr(ns)  Path(ns)    Netlist Resource(s)
  -------------------------------------------------------------------    -------------------
                         (clock clk_camera_clk_wiz_0 rise edge)
                                                      0.000     0.000 r  
    BUFGCTRL_X0Y4        BUFG                         0.000     0.000 r  clock_IBUF_BUFG_inst/O
                         net (fo=166, routed)         0.622     0.622    camera_video/xtime/inst/clk_in1
    MMCME2_ADV_X0Y0      MMCME2_ADV (Prop_mmcme2_adv_CLKIN1_CLKOUT1)
                                                     -1.296    -0.674 r  camera_video/xtime/inst/mmcm_adv_inst/CLKOUT1
                         net (fo=1, routed)           0.648    -0.026    camera_video/xtime/inst/clk_camera_clk_wiz_0
    BUFGCTRL_X0Y8        BUFG (Prop_bufg_I_O)         0.026     0.000 r  camera_video/xtime/inst/clkout2_buf/O
                         net (fo=9, routed)           0.564     0.564    camera_video/Inst_ov7670_controller/clk_camera
    SLICE_X49Y96         FDRE                                         r  camera_video/Inst_ov7670_controller/slow_clock.delay_reg[0]/C
  -------------------------------------------------------------------    -------------------
    SLICE_X49Y96         FDRE (Prop_fdre_C_Q)         0.141     0.705 r  camera_video/Inst_ov7670_controller/slow_clock.delay_reg[0]/Q
                         net (fo=7, routed)           0.141     0.846    camera_video/Inst_ov7670_controller/slow_clock.delay_reg[0]
    SLICE_X48Y96         LUT3 (Prop_lut3_I0_O)        0.048     0.894 r  camera_video/Inst_ov7670_controller/slow_clock.delay[2]_i_1/O
                         net (fo=1, routed)           0.000     0.894    camera_video/Inst_ov7670_controller/slow_clock.delay[2]_i_1_n_0
    SLICE_X48Y96         FDRE                                         r  camera_video/Inst_ov7670_controller/slow_clock.delay_reg[2]/D
  -------------------------------------------------------------------    -------------------

                         (clock clk_camera_clk_wiz_0 rise edge)
                                                      0.000     0.000 r  
    BUFGCTRL_X0Y4        BUFG                         0.000     0.000 r  clock_IBUF_BUFG_inst/O
                         net (fo=166, routed)         0.896     0.896    camera_video/xtime/inst/clk_in1
    MMCME2_ADV_X0Y0      MMCME2_ADV (Prop_mmcme2_adv_CLKIN1_CLKOUT1)
                                                     -1.625    -0.729 r  camera_video/xtime/inst/mmcm_adv_inst/CLKOUT1
                         net (fo=1, routed)           0.700    -0.029    camera_video/xtime/inst/clk_camera_clk_wiz_0
    BUFGCTRL_X0Y8        BUFG (Prop_bufg_I_O)         0.029     0.000 r  camera_video/xtime/inst/clkout2_buf/O
                         net (fo=9, routed)           0.835     0.835    camera_video/Inst_ov7670_controller/clk_camera
    SLICE_X48Y96         FDRE                                         r  camera_video/Inst_ov7670_controller/slow_clock.delay_reg[2]/C
                         clock pessimism             -0.258     0.577    
    SLICE_X48Y96         FDRE (Hold_fdre_C_D)         0.107     0.684    camera_video/Inst_ov7670_controller/slow_clock.delay_reg[2]
  -------------------------------------------------------------------
                         required time                         -0.684    
                         arrival time                           0.894    
  -------------------------------------------------------------------
                         slack                                  0.210    

Slack (MET) :             0.212ns  (arrival time - required time)
  Source:                 camera_video/Inst_ov7670_controller/slow_clock.delay_reg[0]/C
                            (rising edge-triggered cell FDRE clocked by clk_camera_clk_wiz_0  {rise@0.000ns fall@41.667ns period=83.333ns})
  Destination:            camera_video/Inst_ov7670_controller/slow_clock.delay_reg[4]/D
                            (rising edge-triggered cell FDRE clocked by clk_camera_clk_wiz_0  {rise@0.000ns fall@41.667ns period=83.333ns})
  Path Group:             clk_camera_clk_wiz_0
  Path Type:              Hold (Min at Fast Process Corner)
  Requirement:            0.000ns  (clk_camera_clk_wiz_0 rise@0.000ns - clk_camera_clk_wiz_0 rise@0.000ns)
  Data Path Delay:        0.332ns  (logic 0.190ns (57.180%)  route 0.142ns (42.820%))
  Logic Levels:           1  (LUT5=1)
  Clock Path Skew:        0.013ns (DCD - SCD - CPR)
    Destination Clock Delay (DCD):    0.835ns
    Source Clock Delay      (SCD):    0.564ns
    Clock Pessimism Removal (CPR):    0.258ns

    Location             Delay type                Incr(ns)  Path(ns)    Netlist Resource(s)
  -------------------------------------------------------------------    -------------------
                         (clock clk_camera_clk_wiz_0 rise edge)
                                                      0.000     0.000 r  
    BUFGCTRL_X0Y4        BUFG                         0.000     0.000 r  clock_IBUF_BUFG_inst/O
                         net (fo=166, routed)         0.622     0.622    camera_video/xtime/inst/clk_in1
    MMCME2_ADV_X0Y0      MMCME2_ADV (Prop_mmcme2_adv_CLKIN1_CLKOUT1)
                                                     -1.296    -0.674 r  camera_video/xtime/inst/mmcm_adv_inst/CLKOUT1
                         net (fo=1, routed)           0.648    -0.026    camera_video/xtime/inst/clk_camera_clk_wiz_0
    BUFGCTRL_X0Y8        BUFG (Prop_bufg_I_O)         0.026     0.000 r  camera_video/xtime/inst/clkout2_buf/O
                         net (fo=9, routed)           0.564     0.564    camera_video/Inst_ov7670_controller/clk_camera
    SLICE_X49Y96         FDRE                                         r  camera_video/Inst_ov7670_controller/slow_clock.delay_reg[0]/C
  -------------------------------------------------------------------    -------------------
    SLICE_X49Y96         FDRE (Prop_fdre_C_Q)         0.141     0.705 r  camera_video/Inst_ov7670_controller/slow_clock.delay_reg[0]/Q
                         net (fo=7, routed)           0.142     0.847    camera_video/Inst_ov7670_controller/slow_clock.delay_reg[0]
    SLICE_X48Y96         LUT5 (Prop_lut5_I1_O)        0.049     0.896 r  camera_video/Inst_ov7670_controller/slow_clock.delay[4]_i_1/O
                         net (fo=1, routed)           0.000     0.896    camera_video/Inst_ov7670_controller/slow_clock.delay[4]_i_1_n_0
    SLICE_X48Y96         FDRE                                         r  camera_video/Inst_ov7670_controller/slow_clock.delay_reg[4]/D
  -------------------------------------------------------------------    -------------------

                         (clock clk_camera_clk_wiz_0 rise edge)
                                                      0.000     0.000 r  
    BUFGCTRL_X0Y4        BUFG                         0.000     0.000 r  clock_IBUF_BUFG_inst/O
                         net (fo=166, routed)         0.896     0.896    camera_video/xtime/inst/clk_in1
    MMCME2_ADV_X0Y0      MMCME2_ADV (Prop_mmcme2_adv_CLKIN1_CLKOUT1)
                                                     -1.625    -0.729 r  camera_video/xtime/inst/mmcm_adv_inst/CLKOUT1
                         net (fo=1, routed)           0.700    -0.029    camera_video/xtime/inst/clk_camera_clk_wiz_0
    BUFGCTRL_X0Y8        BUFG (Prop_bufg_I_O)         0.029     0.000 r  camera_video/xtime/inst/clkout2_buf/O
                         net (fo=9, routed)           0.835     0.835    camera_video/Inst_ov7670_controller/clk_camera
    SLICE_X48Y96         FDRE                                         r  camera_video/Inst_ov7670_controller/slow_clock.delay_reg[4]/C
                         clock pessimism             -0.258     0.577    
    SLICE_X48Y96         FDRE (Hold_fdre_C_D)         0.107     0.684    camera_video/Inst_ov7670_controller/slow_clock.delay_reg[4]
  -------------------------------------------------------------------
                         required time                         -0.684    
                         arrival time                           0.896    
  -------------------------------------------------------------------
                         slack                                  0.212    

Slack (MET) :             0.223ns  (arrival time - required time)
  Source:                 camera_video/Inst_ov7670_controller/slow_clock.delay_reg[0]/C
                            (rising edge-triggered cell FDRE clocked by clk_camera_clk_wiz_0  {rise@0.000ns fall@41.667ns period=83.333ns})
  Destination:            camera_video/Inst_ov7670_controller/slow_clock.delay_reg[3]/D
                            (rising edge-triggered cell FDRE clocked by clk_camera_clk_wiz_0  {rise@0.000ns fall@41.667ns period=83.333ns})
  Path Group:             clk_camera_clk_wiz_0
  Path Type:              Hold (Min at Fast Process Corner)
  Requirement:            0.000ns  (clk_camera_clk_wiz_0 rise@0.000ns - clk_camera_clk_wiz_0 rise@0.000ns)
  Data Path Delay:        0.328ns  (logic 0.186ns (56.658%)  route 0.142ns (43.342%))
  Logic Levels:           1  (LUT4=1)
  Clock Path Skew:        0.013ns (DCD - SCD - CPR)
    Destination Clock Delay (DCD):    0.835ns
    Source Clock Delay      (SCD):    0.564ns
    Clock Pessimism Removal (CPR):    0.258ns

    Location             Delay type                Incr(ns)  Path(ns)    Netlist Resource(s)
  -------------------------------------------------------------------    -------------------
                         (clock clk_camera_clk_wiz_0 rise edge)
                                                      0.000     0.000 r  
    BUFGCTRL_X0Y4        BUFG                         0.000     0.000 r  clock_IBUF_BUFG_inst/O
                         net (fo=166, routed)         0.622     0.622    camera_video/xtime/inst/clk_in1
    MMCME2_ADV_X0Y0      MMCME2_ADV (Prop_mmcme2_adv_CLKIN1_CLKOUT1)
                                                     -1.296    -0.674 r  camera_video/xtime/inst/mmcm_adv_inst/CLKOUT1
                         net (fo=1, routed)           0.648    -0.026    camera_video/xtime/inst/clk_camera_clk_wiz_0
    BUFGCTRL_X0Y8        BUFG (Prop_bufg_I_O)         0.026     0.000 r  camera_video/xtime/inst/clkout2_buf/O
                         net (fo=9, routed)           0.564     0.564    camera_video/Inst_ov7670_controller/clk_camera
    SLICE_X49Y96         FDRE                                         r  camera_video/Inst_ov7670_controller/slow_clock.delay_reg[0]/C
  -------------------------------------------------------------------    -------------------
    SLICE_X49Y96         FDRE (Prop_fdre_C_Q)         0.141     0.705 r  camera_video/Inst_ov7670_controller/slow_clock.delay_reg[0]/Q
                         net (fo=7, routed)           0.142     0.847    camera_video/Inst_ov7670_controller/slow_clock.delay_reg[0]
    SLICE_X48Y96         LUT4 (Prop_lut4_I1_O)        0.045     0.892 r  camera_video/Inst_ov7670_controller/slow_clock.delay[3]_i_1/O
                         net (fo=1, routed)           0.000     0.892    camera_video/Inst_ov7670_controller/slow_clock.delay[3]_i_1_n_0
    SLICE_X48Y96         FDRE                                         r  camera_video/Inst_ov7670_controller/slow_clock.delay_reg[3]/D
  -------------------------------------------------------------------    -------------------

                         (clock clk_camera_clk_wiz_0 rise edge)
                                                      0.000     0.000 r  
    BUFGCTRL_X0Y4        BUFG                         0.000     0.000 r  clock_IBUF_BUFG_inst/O
                         net (fo=166, routed)         0.896     0.896    camera_video/xtime/inst/clk_in1
    MMCME2_ADV_X0Y0      MMCME2_ADV (Prop_mmcme2_adv_CLKIN1_CLKOUT1)
                                                     -1.625    -0.729 r  camera_video/xtime/inst/mmcm_adv_inst/CLKOUT1
                         net (fo=1, routed)           0.700    -0.029    camera_video/xtime/inst/clk_camera_clk_wiz_0
    BUFGCTRL_X0Y8        BUFG (Prop_bufg_I_O)         0.029     0.000 r  camera_video/xtime/inst/clkout2_buf/O
                         net (fo=9, routed)           0.835     0.835    camera_video/Inst_ov7670_controller/clk_camera
    SLICE_X48Y96         FDRE                                         r  camera_video/Inst_ov7670_controller/slow_clock.delay_reg[3]/C
                         clock pessimism             -0.258     0.577    
    SLICE_X48Y96         FDRE (Hold_fdre_C_D)         0.092     0.669    camera_video/Inst_ov7670_controller/slow_clock.delay_reg[3]
  -------------------------------------------------------------------
                         required time                         -0.669    
                         arrival time                           0.892    
  -------------------------------------------------------------------
                         slack                                  0.223    

Slack (MET) :             0.223ns  (arrival time - required time)
  Source:                 camera_video/Inst_ov7670_controller/slow_clock.delay_reg[0]/C
                            (rising edge-triggered cell FDRE clocked by clk_camera_clk_wiz_0  {rise@0.000ns fall@41.667ns period=83.333ns})
  Destination:            camera_video/Inst_ov7670_controller/slow_clock.delay_reg[1]/D
                            (rising edge-triggered cell FDRE clocked by clk_camera_clk_wiz_0  {rise@0.000ns fall@41.667ns period=83.333ns})
  Path Group:             clk_camera_clk_wiz_0
  Path Type:              Hold (Min at Fast Process Corner)
  Requirement:            0.000ns  (clk_camera_clk_wiz_0 rise@0.000ns - clk_camera_clk_wiz_0 rise@0.000ns)
  Data Path Delay:        0.327ns  (logic 0.186ns (56.832%)  route 0.141ns (43.168%))
  Logic Levels:           1  (LUT2=1)
  Clock Path Skew:        0.013ns (DCD - SCD - CPR)
    Destination Clock Delay (DCD):    0.835ns
    Source Clock Delay      (SCD):    0.564ns
    Clock Pessimism Removal (CPR):    0.258ns

    Location             Delay type                Incr(ns)  Path(ns)    Netlist Resource(s)
  -------------------------------------------------------------------    -------------------
                         (clock clk_camera_clk_wiz_0 rise edge)
                                                      0.000     0.000 r  
    BUFGCTRL_X0Y4        BUFG                         0.000     0.000 r  clock_IBUF_BUFG_inst/O
                         net (fo=166, routed)         0.622     0.622    camera_video/xtime/inst/clk_in1
    MMCME2_ADV_X0Y0      MMCME2_ADV (Prop_mmcme2_adv_CLKIN1_CLKOUT1)
                                                     -1.296    -0.674 r  camera_video/xtime/inst/mmcm_adv_inst/CLKOUT1
                         net (fo=1, routed)           0.648    -0.026    camera_video/xtime/inst/clk_camera_clk_wiz_0
    BUFGCTRL_X0Y8        BUFG (Prop_bufg_I_O)         0.026     0.000 r  camera_video/xtime/inst/clkout2_buf/O
                         net (fo=9, routed)           0.564     0.564    camera_video/Inst_ov7670_controller/clk_camera
    SLICE_X49Y96         FDRE                                         r  camera_video/Inst_ov7670_controller/slow_clock.delay_reg[0]/C
  -------------------------------------------------------------------    -------------------
    SLICE_X49Y96         FDRE (Prop_fdre_C_Q)         0.141     0.705 r  camera_video/Inst_ov7670_controller/slow_clock.delay_reg[0]/Q
                         net (fo=7, routed)           0.141     0.846    camera_video/Inst_ov7670_controller/slow_clock.delay_reg[0]
    SLICE_X48Y96         LUT2 (Prop_lut2_I0_O)        0.045     0.891 r  camera_video/Inst_ov7670_controller/slow_clock.delay[1]_i_1/O
                         net (fo=1, routed)           0.000     0.891    camera_video/Inst_ov7670_controller/slow_clock.delay[1]_i_1_n_0
    SLICE_X48Y96         FDRE                                         r  camera_video/Inst_ov7670_controller/slow_clock.delay_reg[1]/D
  -------------------------------------------------------------------    -------------------

                         (clock clk_camera_clk_wiz_0 rise edge)
                                                      0.000     0.000 r  
    BUFGCTRL_X0Y4        BUFG                         0.000     0.000 r  clock_IBUF_BUFG_inst/O
                         net (fo=166, routed)         0.896     0.896    camera_video/xtime/inst/clk_in1
    MMCME2_ADV_X0Y0      MMCME2_ADV (Prop_mmcme2_adv_CLKIN1_CLKOUT1)
                                                     -1.625    -0.729 r  camera_video/xtime/inst/mmcm_adv_inst/CLKOUT1
                         net (fo=1, routed)           0.700    -0.029    camera_video/xtime/inst/clk_camera_clk_wiz_0
    BUFGCTRL_X0Y8        BUFG (Prop_bufg_I_O)         0.029     0.000 r  camera_video/xtime/inst/clkout2_buf/O
                         net (fo=9, routed)           0.835     0.835    camera_video/Inst_ov7670_controller/clk_camera
    SLICE_X48Y96         FDRE                                         r  camera_video/Inst_ov7670_controller/slow_clock.delay_reg[1]/C
                         clock pessimism             -0.258     0.577    
    SLICE_X48Y96         FDRE (Hold_fdre_C_D)         0.091     0.668    camera_video/Inst_ov7670_controller/slow_clock.delay_reg[1]
  -------------------------------------------------------------------
                         required time                         -0.668    
                         arrival time                           0.891    
  -------------------------------------------------------------------
                         slack                                  0.223    

Slack (MET) :             0.263ns  (arrival time - required time)
  Source:                 camera_video/Inst_ov7670_controller/i2c_clock_reg/C
                            (rising edge-triggered cell FDRE clocked by clk_camera_clk_wiz_0  {rise@0.000ns fall@41.667ns period=83.333ns})
  Destination:            camera_video/Inst_ov7670_controller/i2c_clock_reg/D
                            (rising edge-triggered cell FDRE clocked by clk_camera_clk_wiz_0  {rise@0.000ns fall@41.667ns period=83.333ns})
  Path Group:             clk_camera_clk_wiz_0
  Path Type:              Hold (Min at Fast Process Corner)
  Requirement:            0.000ns  (clk_camera_clk_wiz_0 rise@0.000ns - clk_camera_clk_wiz_0 rise@0.000ns)
  Data Path Delay:        0.354ns  (logic 0.186ns (52.498%)  route 0.168ns (47.502%))
  Logic Levels:           1  (LUT2=1)
  Clock Path Skew:        0.000ns (DCD - SCD - CPR)
    Destination Clock Delay (DCD):    0.833ns
    Source Clock Delay      (SCD):    0.563ns
    Clock Pessimism Removal (CPR):    0.270ns

    Location             Delay type                Incr(ns)  Path(ns)    Netlist Resource(s)
  -------------------------------------------------------------------    -------------------
                         (clock clk_camera_clk_wiz_0 rise edge)
                                                      0.000     0.000 r  
    BUFGCTRL_X0Y4        BUFG                         0.000     0.000 r  clock_IBUF_BUFG_inst/O
                         net (fo=166, routed)         0.622     0.622    camera_video/xtime/inst/clk_in1
    MMCME2_ADV_X0Y0      MMCME2_ADV (Prop_mmcme2_adv_CLKIN1_CLKOUT1)
                                                     -1.296    -0.674 r  camera_video/xtime/inst/mmcm_adv_inst/CLKOUT1
                         net (fo=1, routed)           0.648    -0.026    camera_video/xtime/inst/clk_camera_clk_wiz_0
    BUFGCTRL_X0Y8        BUFG (Prop_bufg_I_O)         0.026     0.000 r  camera_video/xtime/inst/clkout2_buf/O
                         net (fo=9, routed)           0.563     0.563    camera_video/Inst_ov7670_controller/clk_camera
    SLICE_X51Y96         FDRE                                         r  camera_video/Inst_ov7670_controller/i2c_clock_reg/C
  -------------------------------------------------------------------    -------------------
    SLICE_X51Y96         FDRE (Prop_fdre_C_Q)         0.141     0.704 r  camera_video/Inst_ov7670_controller/i2c_clock_reg/Q
                         net (fo=2, routed)           0.168     0.872    camera_video/Inst_ov7670_controller/i2c_clock_reg_0
    SLICE_X51Y96         LUT2 (Prop_lut2_I1_O)        0.045     0.917 r  camera_video/Inst_ov7670_controller/i2c_clock_i_1/O
                         net (fo=1, routed)           0.000     0.917    camera_video/Inst_ov7670_controller/i2c_clock_i_1_n_0
    SLICE_X51Y96         FDRE                                         r  camera_video/Inst_ov7670_controller/i2c_clock_reg/D
  -------------------------------------------------------------------    -------------------

                         (clock clk_camera_clk_wiz_0 rise edge)
                                                      0.000     0.000 r  
    BUFGCTRL_X0Y4        BUFG                         0.000     0.000 r  clock_IBUF_BUFG_inst/O
                         net (fo=166, routed)         0.896     0.896    camera_video/xtime/inst/clk_in1
    MMCME2_ADV_X0Y0      MMCME2_ADV (Prop_mmcme2_adv_CLKIN1_CLKOUT1)
                                                     -1.625    -0.729 r  camera_video/xtime/inst/mmcm_adv_inst/CLKOUT1
                         net (fo=1, routed)           0.700    -0.029    camera_video/xtime/inst/clk_camera_clk_wiz_0
    BUFGCTRL_X0Y8        BUFG (Prop_bufg_I_O)         0.029     0.000 r  camera_video/xtime/inst/clkout2_buf/O
                         net (fo=9, routed)           0.833     0.833    camera_video/Inst_ov7670_controller/clk_camera
    SLICE_X51Y96         FDRE                                         r  camera_video/Inst_ov7670_controller/i2c_clock_reg/C
                         clock pessimism             -0.270     0.563    
    SLICE_X51Y96         FDRE (Hold_fdre_C_D)         0.091     0.654    camera_video/Inst_ov7670_controller/i2c_clock_reg
  -------------------------------------------------------------------
                         required time                         -0.654    
                         arrival time                           0.917    
  -------------------------------------------------------------------
                         slack                                  0.263    

Slack (MET) :             0.267ns  (arrival time - required time)
  Source:                 camera_video/Inst_ov7670_controller/slow_clock.delay_reg[3]/C
                            (rising edge-triggered cell FDRE clocked by clk_camera_clk_wiz_0  {rise@0.000ns fall@41.667ns period=83.333ns})
  Destination:            camera_video/Inst_ov7670_controller/slow_clock.delay_reg[5]/D
                            (rising edge-triggered cell FDRE clocked by clk_camera_clk_wiz_0  {rise@0.000ns fall@41.667ns period=83.333ns})
  Path Group:             clk_camera_clk_wiz_0
  Path Type:              Hold (Min at Fast Process Corner)
  Requirement:            0.000ns  (clk_camera_clk_wiz_0 rise@0.000ns - clk_camera_clk_wiz_0 rise@0.000ns)
  Data Path Delay:        0.359ns  (logic 0.186ns (51.857%)  route 0.173ns (48.143%))
  Logic Levels:           1  (LUT6=1)
  Clock Path Skew:        0.000ns (DCD - SCD - CPR)
    Destination Clock Delay (DCD):    0.835ns
    Source Clock Delay      (SCD):    0.564ns
    Clock Pessimism Removal (CPR):    0.271ns

    Location             Delay type                Incr(ns)  Path(ns)    Netlist Resource(s)
  -------------------------------------------------------------------    -------------------
                         (clock clk_camera_clk_wiz_0 rise edge)
                                                      0.000     0.000 r  
    BUFGCTRL_X0Y4        BUFG                         0.000     0.000 r  clock_IBUF_BUFG_inst/O
                         net (fo=166, routed)         0.622     0.622    camera_video/xtime/inst/clk_in1
    MMCME2_ADV_X0Y0      MMCME2_ADV (Prop_mmcme2_adv_CLKIN1_CLKOUT1)
                                                     -1.296    -0.674 r  camera_video/xtime/inst/mmcm_adv_inst/CLKOUT1
                         net (fo=1, routed)           0.648    -0.026    camera_video/xtime/inst/clk_camera_clk_wiz_0
    BUFGCTRL_X0Y8        BUFG (Prop_bufg_I_O)         0.026     0.000 r  camera_video/xtime/inst/clkout2_buf/O
                         net (fo=9, routed)           0.564     0.564    camera_video/Inst_ov7670_controller/clk_camera
    SLICE_X48Y96         FDRE                                         r  camera_video/Inst_ov7670_controller/slow_clock.delay_reg[3]/C
  -------------------------------------------------------------------    -------------------
    SLICE_X48Y96         FDRE (Prop_fdre_C_Q)         0.141     0.705 r  camera_video/Inst_ov7670_controller/slow_clock.delay_reg[3]/Q
                         net (fo=4, routed)           0.173     0.877    camera_video/Inst_ov7670_controller/slow_clock.delay_reg[3]
    SLICE_X48Y96         LUT6 (Prop_lut6_I0_O)        0.045     0.922 r  camera_video/Inst_ov7670_controller/slow_clock.delay[5]_i_1/O
                         net (fo=1, routed)           0.000     0.922    camera_video/Inst_ov7670_controller/slow_clock.delay[5]_i_1_n_0
    SLICE_X48Y96         FDRE                                         r  camera_video/Inst_ov7670_controller/slow_clock.delay_reg[5]/D
  -------------------------------------------------------------------    -------------------

                         (clock clk_camera_clk_wiz_0 rise edge)
                                                      0.000     0.000 r  
    BUFGCTRL_X0Y4        BUFG                         0.000     0.000 r  clock_IBUF_BUFG_inst/O
                         net (fo=166, routed)         0.896     0.896    camera_video/xtime/inst/clk_in1
    MMCME2_ADV_X0Y0      MMCME2_ADV (Prop_mmcme2_adv_CLKIN1_CLKOUT1)
                                                     -1.625    -0.729 r  camera_video/xtime/inst/mmcm_adv_inst/CLKOUT1
                         net (fo=1, routed)           0.700    -0.029    camera_video/xtime/inst/clk_camera_clk_wiz_0
    BUFGCTRL_X0Y8        BUFG (Prop_bufg_I_O)         0.029     0.000 r  camera_video/xtime/inst/clkout2_buf/O
                         net (fo=9, routed)           0.835     0.835    camera_video/Inst_ov7670_controller/clk_camera
    SLICE_X48Y96         FDRE                                         r  camera_video/Inst_ov7670_controller/slow_clock.delay_reg[5]/C
                         clock pessimism             -0.271     0.564    
    SLICE_X48Y96         FDRE (Hold_fdre_C_D)         0.092     0.656    camera_video/Inst_ov7670_controller/slow_clock.delay_reg[5]
  -------------------------------------------------------------------
                         required time                         -0.656    
                         arrival time                           0.922    
  -------------------------------------------------------------------
                         slack                                  0.267    

Slack (MET) :             0.296ns  (arrival time - required time)
  Source:                 camera_video/Inst_ov7670_controller/slow_clock.delay_reg[0]/C
                            (rising edge-triggered cell FDRE clocked by clk_camera_clk_wiz_0  {rise@0.000ns fall@41.667ns period=83.333ns})
  Destination:            camera_video/Inst_ov7670_controller/slow_clock.delay_reg[0]/D
                            (rising edge-triggered cell FDRE clocked by clk_camera_clk_wiz_0  {rise@0.000ns fall@41.667ns period=83.333ns})
  Path Group:             clk_camera_clk_wiz_0
  Path Type:              Hold (Min at Fast Process Corner)
  Requirement:            0.000ns  (clk_camera_clk_wiz_0 rise@0.000ns - clk_camera_clk_wiz_0 rise@0.000ns)
  Data Path Delay:        0.387ns  (logic 0.186ns (48.122%)  route 0.201ns (51.878%))
  Logic Levels:           1  (LUT1=1)
  Clock Path Skew:        0.000ns (DCD - SCD - CPR)
    Destination Clock Delay (DCD):    0.835ns
    Source Clock Delay      (SCD):    0.564ns
    Clock Pessimism Removal (CPR):    0.271ns

    Location             Delay type                Incr(ns)  Path(ns)    Netlist Resource(s)
  -------------------------------------------------------------------    -------------------
                         (clock clk_camera_clk_wiz_0 rise edge)
                                                      0.000     0.000 r  
    BUFGCTRL_X0Y4        BUFG                         0.000     0.000 r  clock_IBUF_BUFG_inst/O
                         net (fo=166, routed)         0.622     0.622    camera_video/xtime/inst/clk_in1
    MMCME2_ADV_X0Y0      MMCME2_ADV (Prop_mmcme2_adv_CLKIN1_CLKOUT1)
                                                     -1.296    -0.674 r  camera_video/xtime/inst/mmcm_adv_inst/CLKOUT1
                         net (fo=1, routed)           0.648    -0.026    camera_video/xtime/inst/clk_camera_clk_wiz_0
    BUFGCTRL_X0Y8        BUFG (Prop_bufg_I_O)         0.026     0.000 r  camera_video/xtime/inst/clkout2_buf/O
                         net (fo=9, routed)           0.564     0.564    camera_video/Inst_ov7670_controller/clk_camera
    SLICE_X49Y96         FDRE                                         r  camera_video/Inst_ov7670_controller/slow_clock.delay_reg[0]/C
  -------------------------------------------------------------------    -------------------
    SLICE_X49Y96         FDRE (Prop_fdre_C_Q)         0.141     0.705 f  camera_video/Inst_ov7670_controller/slow_clock.delay_reg[0]/Q
                         net (fo=7, routed)           0.201     0.905    camera_video/Inst_ov7670_controller/slow_clock.delay_reg[0]
    SLICE_X49Y96         LUT1 (Prop_lut1_I0_O)        0.045     0.950 r  camera_video/Inst_ov7670_controller/slow_clock.delay[0]_i_1/O
                         net (fo=1, routed)           0.000     0.950    camera_video/Inst_ov7670_controller/slow_clock.delay[0]_i_1_n_0
    SLICE_X49Y96         FDRE                                         r  camera_video/Inst_ov7670_controller/slow_clock.delay_reg[0]/D
  -------------------------------------------------------------------    -------------------

                         (clock clk_camera_clk_wiz_0 rise edge)
                                                      0.000     0.000 r  
    BUFGCTRL_X0Y4        BUFG                         0.000     0.000 r  clock_IBUF_BUFG_inst/O
                         net (fo=166, routed)         0.896     0.896    camera_video/xtime/inst/clk_in1
    MMCME2_ADV_X0Y0      MMCME2_ADV (Prop_mmcme2_adv_CLKIN1_CLKOUT1)
                                                     -1.625    -0.729 r  camera_video/xtime/inst/mmcm_adv_inst/CLKOUT1
                         net (fo=1, routed)           0.700    -0.029    camera_video/xtime/inst/clk_camera_clk_wiz_0
    BUFGCTRL_X0Y8        BUFG (Prop_bufg_I_O)         0.029     0.000 r  camera_video/xtime/inst/clkout2_buf/O
                         net (fo=9, routed)           0.835     0.835    camera_video/Inst_ov7670_controller/clk_camera
    SLICE_X49Y96         FDRE                                         r  camera_video/Inst_ov7670_controller/slow_clock.delay_reg[0]/C
                         clock pessimism             -0.271     0.564    
    SLICE_X49Y96         FDRE (Hold_fdre_C_D)         0.091     0.655    camera_video/Inst_ov7670_controller/slow_clock.delay_reg[0]
  -------------------------------------------------------------------
                         required time                         -0.655    
                         arrival time                           0.950    
  -------------------------------------------------------------------
                         slack                                  0.296    

Slack (MET) :             0.547ns  (arrival time - required time)
  Source:                 camera_video/Inst_ov7670_controller/clock_6Mhz_reg/C
                            (rising edge-triggered cell FDRE clocked by clk_camera_clk_wiz_0  {rise@0.000ns fall@41.667ns period=83.333ns})
  Destination:            camera_video/Inst_ov7670_controller/clock_6Mhz_reg/D
                            (rising edge-triggered cell FDRE clocked by clk_camera_clk_wiz_0  {rise@0.000ns fall@41.667ns period=83.333ns})
  Path Group:             clk_camera_clk_wiz_0
  Path Type:              Hold (Min at Fast Process Corner)
  Requirement:            0.000ns  (clk_camera_clk_wiz_0 rise@0.000ns - clk_camera_clk_wiz_0 rise@0.000ns)
  Data Path Delay:        0.652ns  (logic 0.187ns (28.667%)  route 0.465ns (71.333%))
  Logic Levels:           1  (LUT1=1)
  Clock Path Skew:        0.000ns (DCD - SCD - CPR)
    Destination Clock Delay (DCD):    0.875ns
    Source Clock Delay      (SCD):    0.602ns
    Clock Pessimism Removal (CPR):    0.273ns

    Location             Delay type                Incr(ns)  Path(ns)    Netlist Resource(s)
  -------------------------------------------------------------------    -------------------
                         (clock clk_camera_clk_wiz_0 rise edge)
                                                      0.000     0.000 r  
    BUFGCTRL_X0Y4        BUFG                         0.000     0.000 r  clock_IBUF_BUFG_inst/O
                         net (fo=166, routed)         0.622     0.622    camera_video/xtime/inst/clk_in1
    MMCME2_ADV_X0Y0      MMCME2_ADV (Prop_mmcme2_adv_CLKIN1_CLKOUT1)
                                                     -1.296    -0.674 r  camera_video/xtime/inst/mmcm_adv_inst/CLKOUT1
                         net (fo=1, routed)           0.648    -0.026    camera_video/xtime/inst/clk_camera_clk_wiz_0
    BUFGCTRL_X0Y8        BUFG (Prop_bufg_I_O)         0.026     0.000 r  camera_video/xtime/inst/clkout2_buf/O
                         net (fo=9, routed)           0.602     0.602    camera_video/Inst_ov7670_controller/clk_camera
    SLICE_X0Y94          FDRE                                         r  camera_video/Inst_ov7670_controller/clock_6Mhz_reg/C
  -------------------------------------------------------------------    -------------------
    SLICE_X0Y94          FDRE (Prop_fdre_C_Q)         0.141     0.743 f  camera_video/Inst_ov7670_controller/clock_6Mhz_reg/Q
                         net (fo=2, routed)           0.465     1.208    camera_video/Inst_ov7670_controller/clock_6Mhz
    SLICE_X0Y94          LUT1 (Prop_lut1_I0_O)        0.046     1.254 r  camera_video/Inst_ov7670_controller/clock_6Mhz_i_1/O
                         net (fo=1, routed)           0.000     1.254    camera_video/Inst_ov7670_controller/clock_6Mhz_i_1_n_0
    SLICE_X0Y94          FDRE                                         r  camera_video/Inst_ov7670_controller/clock_6Mhz_reg/D
  -------------------------------------------------------------------    -------------------

                         (clock clk_camera_clk_wiz_0 rise edge)
                                                      0.000     0.000 r  
    BUFGCTRL_X0Y4        BUFG                         0.000     0.000 r  clock_IBUF_BUFG_inst/O
                         net (fo=166, routed)         0.896     0.896    camera_video/xtime/inst/clk_in1
    MMCME2_ADV_X0Y0      MMCME2_ADV (Prop_mmcme2_adv_CLKIN1_CLKOUT1)
                                                     -1.625    -0.729 r  camera_video/xtime/inst/mmcm_adv_inst/CLKOUT1
                         net (fo=1, routed)           0.700    -0.029    camera_video/xtime/inst/clk_camera_clk_wiz_0
    BUFGCTRL_X0Y8        BUFG (Prop_bufg_I_O)         0.029     0.000 r  camera_video/xtime/inst/clkout2_buf/O
                         net (fo=9, routed)           0.875     0.875    camera_video/Inst_ov7670_controller/clk_camera
    SLICE_X0Y94          FDRE                                         r  camera_video/Inst_ov7670_controller/clock_6Mhz_reg/C
                         clock pessimism             -0.273     0.602    
    SLICE_X0Y94          FDRE (Hold_fdre_C_D)         0.105     0.707    camera_video/Inst_ov7670_controller/clock_6Mhz_reg
  -------------------------------------------------------------------
                         required time                         -0.707    
                         arrival time                           1.254    
  -------------------------------------------------------------------
                         slack                                  0.547    

Slack (MET) :             0.557ns  (arrival time - required time)
  Source:                 camera_video/Inst_ov7670_controller/slow_clock.delay_reg[3]/C
                            (rising edge-triggered cell FDRE clocked by clk_camera_clk_wiz_0  {rise@0.000ns fall@41.667ns period=83.333ns})
  Destination:            camera_video/Inst_ov7670_controller/slow_clock.delay_reg[0]/R
                            (rising edge-triggered cell FDRE clocked by clk_camera_clk_wiz_0  {rise@0.000ns fall@41.667ns period=83.333ns})
  Path Group:             clk_camera_clk_wiz_0
  Path Type:              Hold (Min at Fast Process Corner)
  Requirement:            0.000ns  (clk_camera_clk_wiz_0 rise@0.000ns - clk_camera_clk_wiz_0 rise@0.000ns)
  Data Path Delay:        0.552ns  (logic 0.186ns (33.719%)  route 0.366ns (66.281%))
  Logic Levels:           1  (LUT6=1)
  Clock Path Skew:        0.013ns (DCD - SCD - CPR)
    Destination Clock Delay (DCD):    0.835ns
    Source Clock Delay      (SCD):    0.564ns
    Clock Pessimism Removal (CPR):    0.258ns

    Location             Delay type                Incr(ns)  Path(ns)    Netlist Resource(s)
  -------------------------------------------------------------------    -------------------
                         (clock clk_camera_clk_wiz_0 rise edge)
                                                      0.000     0.000 r  
    BUFGCTRL_X0Y4        BUFG                         0.000     0.000 r  clock_IBUF_BUFG_inst/O
                         net (fo=166, routed)         0.622     0.622    camera_video/xtime/inst/clk_in1
    MMCME2_ADV_X0Y0      MMCME2_ADV (Prop_mmcme2_adv_CLKIN1_CLKOUT1)
                                                     -1.296    -0.674 r  camera_video/xtime/inst/mmcm_adv_inst/CLKOUT1
                         net (fo=1, routed)           0.648    -0.026    camera_video/xtime/inst/clk_camera_clk_wiz_0
    BUFGCTRL_X0Y8        BUFG (Prop_bufg_I_O)         0.026     0.000 r  camera_video/xtime/inst/clkout2_buf/O
                         net (fo=9, routed)           0.564     0.564    camera_video/Inst_ov7670_controller/clk_camera
    SLICE_X48Y96         FDRE                                         r  camera_video/Inst_ov7670_controller/slow_clock.delay_reg[3]/C
  -------------------------------------------------------------------    -------------------
    SLICE_X48Y96         FDRE (Prop_fdre_C_Q)         0.141     0.705 f  camera_video/Inst_ov7670_controller/slow_clock.delay_reg[3]/Q
                         net (fo=4, routed)           0.169     0.874    camera_video/Inst_ov7670_controller/slow_clock.delay_reg[3]
    SLICE_X48Y96         LUT6 (Prop_lut6_I3_O)        0.045     0.919 r  camera_video/Inst_ov7670_controller/slow_clock.delay0_inferred__1/i_/O
                         net (fo=7, routed)           0.197     1.115    camera_video/Inst_ov7670_controller/slow_clock.delay0_inferred__1/i__n_0
    SLICE_X49Y96         FDRE                                         r  camera_video/Inst_ov7670_controller/slow_clock.delay_reg[0]/R
  -------------------------------------------------------------------    -------------------

                         (clock clk_camera_clk_wiz_0 rise edge)
                                                      0.000     0.000 r  
    BUFGCTRL_X0Y4        BUFG                         0.000     0.000 r  clock_IBUF_BUFG_inst/O
                         net (fo=166, routed)         0.896     0.896    camera_video/xtime/inst/clk_in1
    MMCME2_ADV_X0Y0      MMCME2_ADV (Prop_mmcme2_adv_CLKIN1_CLKOUT1)
                                                     -1.625    -0.729 r  camera_video/xtime/inst/mmcm_adv_inst/CLKOUT1
                         net (fo=1, routed)           0.700    -0.029    camera_video/xtime/inst/clk_camera_clk_wiz_0
    BUFGCTRL_X0Y8        BUFG (Prop_bufg_I_O)         0.029     0.000 r  camera_video/xtime/inst/clkout2_buf/O
                         net (fo=9, routed)           0.835     0.835    camera_video/Inst_ov7670_controller/clk_camera
    SLICE_X49Y96         FDRE                                         r  camera_video/Inst_ov7670_controller/slow_clock.delay_reg[0]/C
                         clock pessimism             -0.258     0.577    
    SLICE_X49Y96         FDRE (Hold_fdre_C_R)        -0.018     0.559    camera_video/Inst_ov7670_controller/slow_clock.delay_reg[0]
  -------------------------------------------------------------------
                         required time                         -0.559    
                         arrival time                           1.115    
  -------------------------------------------------------------------
                         slack                                  0.557    

Slack (MET) :             0.574ns  (arrival time - required time)
  Source:                 camera_video/Inst_ov7670_controller/slow_clock.delay_reg[3]/C
                            (rising edge-triggered cell FDRE clocked by clk_camera_clk_wiz_0  {rise@0.000ns fall@41.667ns period=83.333ns})
  Destination:            camera_video/Inst_ov7670_controller/slow_clock.delay_reg[1]/R
                            (rising edge-triggered cell FDRE clocked by clk_camera_clk_wiz_0  {rise@0.000ns fall@41.667ns period=83.333ns})
  Path Group:             clk_camera_clk_wiz_0
  Path Type:              Hold (Min at Fast Process Corner)
  Requirement:            0.000ns  (clk_camera_clk_wiz_0 rise@0.000ns - clk_camera_clk_wiz_0 rise@0.000ns)
  Data Path Delay:        0.556ns  (logic 0.186ns (33.455%)  route 0.370ns (66.545%))
  Logic Levels:           1  (LUT6=1)
  Clock Path Skew:        0.000ns (DCD - SCD - CPR)
    Destination Clock Delay (DCD):    0.835ns
    Source Clock Delay      (SCD):    0.564ns
    Clock Pessimism Removal (CPR):    0.271ns

    Location             Delay type                Incr(ns)  Path(ns)    Netlist Resource(s)
  -------------------------------------------------------------------    -------------------
                         (clock clk_camera_clk_wiz_0 rise edge)
                                                      0.000     0.000 r  
    BUFGCTRL_X0Y4        BUFG                         0.000     0.000 r  clock_IBUF_BUFG_inst/O
                         net (fo=166, routed)         0.622     0.622    camera_video/xtime/inst/clk_in1
    MMCME2_ADV_X0Y0      MMCME2_ADV (Prop_mmcme2_adv_CLKIN1_CLKOUT1)
                                                     -1.296    -0.674 r  camera_video/xtime/inst/mmcm_adv_inst/CLKOUT1
                         net (fo=1, routed)           0.648    -0.026    camera_video/xtime/inst/clk_camera_clk_wiz_0
    BUFGCTRL_X0Y8        BUFG (Prop_bufg_I_O)         0.026     0.000 r  camera_video/xtime/inst/clkout2_buf/O
                         net (fo=9, routed)           0.564     0.564    camera_video/Inst_ov7670_controller/clk_camera
    SLICE_X48Y96         FDRE                                         r  camera_video/Inst_ov7670_controller/slow_clock.delay_reg[3]/C
  -------------------------------------------------------------------    -------------------
    SLICE_X48Y96         FDRE (Prop_fdre_C_Q)         0.141     0.705 f  camera_video/Inst_ov7670_controller/slow_clock.delay_reg[3]/Q
                         net (fo=4, routed)           0.169     0.874    camera_video/Inst_ov7670_controller/slow_clock.delay_reg[3]
    SLICE_X48Y96         LUT6 (Prop_lut6_I3_O)        0.045     0.919 r  camera_video/Inst_ov7670_controller/slow_clock.delay0_inferred__1/i_/O
                         net (fo=7, routed)           0.201     1.120    camera_video/Inst_ov7670_controller/slow_clock.delay0_inferred__1/i__n_0
    SLICE_X48Y96         FDRE                                         r  camera_video/Inst_ov7670_controller/slow_clock.delay_reg[1]/R
  -------------------------------------------------------------------    -------------------

                         (clock clk_camera_clk_wiz_0 rise edge)
                                                      0.000     0.000 r  
    BUFGCTRL_X0Y4        BUFG                         0.000     0.000 r  clock_IBUF_BUFG_inst/O
                         net (fo=166, routed)         0.896     0.896    camera_video/xtime/inst/clk_in1
    MMCME2_ADV_X0Y0      MMCME2_ADV (Prop_mmcme2_adv_CLKIN1_CLKOUT1)
                                                     -1.625    -0.729 r  camera_video/xtime/inst/mmcm_adv_inst/CLKOUT1
                         net (fo=1, routed)           0.700    -0.029    camera_video/xtime/inst/clk_camera_clk_wiz_0
    BUFGCTRL_X0Y8        BUFG (Prop_bufg_I_O)         0.029     0.000 r  camera_video/xtime/inst/clkout2_buf/O
                         net (fo=9, routed)           0.835     0.835    camera_video/Inst_ov7670_controller/clk_camera
    SLICE_X48Y96         FDRE                                         r  camera_video/Inst_ov7670_controller/slow_clock.delay_reg[1]/C
                         clock pessimism             -0.271     0.564    
    SLICE_X48Y96         FDRE (Hold_fdre_C_R)        -0.018     0.546    camera_video/Inst_ov7670_controller/slow_clock.delay_reg[1]
  -------------------------------------------------------------------
                         required time                         -0.546    
                         arrival time                           1.120    
  -------------------------------------------------------------------
                         slack                                  0.574    





Pulse Width Checks
--------------------------------------------------------------------------------------
Clock Name:         clk_camera_clk_wiz_0
Waveform(ns):       { 0.000 41.667 }
Period(ns):         83.333
Sources:            { camera_video/xtime/inst/mmcm_adv_inst/CLKOUT1 }

Check Type        Corner  Lib Pin             Reference Pin  Required(ns)  Actual(ns)  Slack(ns)  Location         Pin
Min Period        n/a     BUFG/I              n/a            2.155         83.333      81.178     BUFGCTRL_X0Y8    camera_video/xtime/inst/clkout2_buf/I
Min Period        n/a     MMCME2_ADV/CLKOUT1  n/a            1.249         83.333      82.084     MMCME2_ADV_X0Y0  camera_video/xtime/inst/mmcm_adv_inst/CLKOUT1
Min Period        n/a     FDRE/C              n/a            1.000         83.333      82.333     SLICE_X0Y94      camera_video/Inst_ov7670_controller/clock_6Mhz_reg/C
Min Period        n/a     FDRE/C              n/a            1.000         83.333      82.333     SLICE_X51Y96     camera_video/Inst_ov7670_controller/i2c_clock_reg/C
Min Period        n/a     FDRE/C              n/a            1.000         83.333      82.333     SLICE_X49Y96     camera_video/Inst_ov7670_controller/slow_clock.delay_reg[0]/C
Min Period        n/a     FDRE/C              n/a            1.000         83.333      82.333     SLICE_X48Y96     camera_video/Inst_ov7670_controller/slow_clock.delay_reg[1]/C
Min Period        n/a     FDRE/C              n/a            1.000         83.333      82.333     SLICE_X48Y96     camera_video/Inst_ov7670_controller/slow_clock.delay_reg[2]/C
Min Period        n/a     FDRE/C              n/a            1.000         83.333      82.333     SLICE_X48Y96     camera_video/Inst_ov7670_controller/slow_clock.delay_reg[3]/C
Min Period        n/a     FDRE/C              n/a            1.000         83.333      82.333     SLICE_X48Y96     camera_video/Inst_ov7670_controller/slow_clock.delay_reg[4]/C
Min Period        n/a     FDRE/C              n/a            1.000         83.333      82.333     SLICE_X48Y96     camera_video/Inst_ov7670_controller/slow_clock.delay_reg[5]/C
Max Period        n/a     MMCME2_ADV/CLKOUT1  n/a            213.360       83.333      130.027    MMCME2_ADV_X0Y0  camera_video/xtime/inst/mmcm_adv_inst/CLKOUT1
Low Pulse Width   Slow    FDRE/C              n/a            0.500         41.667      41.167     SLICE_X0Y94      camera_video/Inst_ov7670_controller/clock_6Mhz_reg/C
Low Pulse Width   Fast    FDRE/C              n/a            0.500         41.667      41.167     SLICE_X0Y94      camera_video/Inst_ov7670_controller/clock_6Mhz_reg/C
Low Pulse Width   Slow    FDRE/C              n/a            0.500         41.667      41.167     SLICE_X51Y96     camera_video/Inst_ov7670_controller/i2c_clock_reg/C
Low Pulse Width   Fast    FDRE/C              n/a            0.500         41.667      41.167     SLICE_X51Y96     camera_video/Inst_ov7670_controller/i2c_clock_reg/C
Low Pulse Width   Slow    FDRE/C              n/a            0.500         41.667      41.167     SLICE_X49Y96     camera_video/Inst_ov7670_controller/slow_clock.delay_reg[0]/C
Low Pulse Width   Fast    FDRE/C              n/a            0.500         41.667      41.167     SLICE_X49Y96     camera_video/Inst_ov7670_controller/slow_clock.delay_reg[0]/C
Low Pulse Width   Slow    FDRE/C              n/a            0.500         41.667      41.167     SLICE_X48Y96     camera_video/Inst_ov7670_controller/slow_clock.delay_reg[1]/C
Low Pulse Width   Fast    FDRE/C              n/a            0.500         41.667      41.167     SLICE_X48Y96     camera_video/Inst_ov7670_controller/slow_clock.delay_reg[1]/C
Low Pulse Width   Slow    FDRE/C              n/a            0.500         41.667      41.167     SLICE_X48Y96     camera_video/Inst_ov7670_controller/slow_clock.delay_reg[2]/C
Low Pulse Width   Fast    FDRE/C              n/a            0.500         41.667      41.167     SLICE_X48Y96     camera_video/Inst_ov7670_controller/slow_clock.delay_reg[2]/C
High Pulse Width  Slow    FDRE/C              n/a            0.500         41.667      41.167     SLICE_X0Y94      camera_video/Inst_ov7670_controller/clock_6Mhz_reg/C
High Pulse Width  Fast    FDRE/C              n/a            0.500         41.667      41.167     SLICE_X0Y94      camera_video/Inst_ov7670_controller/clock_6Mhz_reg/C
High Pulse Width  Slow    FDRE/C              n/a            0.500         41.667      41.167     SLICE_X51Y96     camera_video/Inst_ov7670_controller/i2c_clock_reg/C
High Pulse Width  Fast    FDRE/C              n/a            0.500         41.667      41.167     SLICE_X51Y96     camera_video/Inst_ov7670_controller/i2c_clock_reg/C
High Pulse Width  Slow    FDRE/C              n/a            0.500         41.667      41.167     SLICE_X49Y96     camera_video/Inst_ov7670_controller/slow_clock.delay_reg[0]/C
High Pulse Width  Fast    FDRE/C              n/a            0.500         41.667      41.167     SLICE_X49Y96     camera_video/Inst_ov7670_controller/slow_clock.delay_reg[0]/C
High Pulse Width  Slow    FDRE/C              n/a            0.500         41.667      41.167     SLICE_X48Y96     camera_video/Inst_ov7670_controller/slow_clock.delay_reg[1]/C
High Pulse Width  Fast    FDRE/C              n/a            0.500         41.667      41.167     SLICE_X48Y96     camera_video/Inst_ov7670_controller/slow_clock.delay_reg[1]/C
High Pulse Width  Slow    FDRE/C              n/a            0.500         41.667      41.167     SLICE_X48Y96     camera_video/Inst_ov7670_controller/slow_clock.delay_reg[2]/C
High Pulse Width  Fast    FDRE/C              n/a            0.500         41.667      41.167     SLICE_X48Y96     camera_video/Inst_ov7670_controller/slow_clock.delay_reg[2]/C



---------------------------------------------------------------------------------------------------
From Clock:  clkfbout_clk_wiz_0
  To Clock:  clkfbout_clk_wiz_0

Setup :           NA  Failing Endpoints,  Worst Slack           NA  ,  Total Violation           NA
Hold  :           NA  Failing Endpoints,  Worst Slack           NA  ,  Total Violation           NA
PW    :            0  Failing Endpoints,  Worst Slack        7.845ns,  Total Violation        0.000ns
---------------------------------------------------------------------------------------------------


Pulse Width Checks
--------------------------------------------------------------------------------------
Clock Name:         clkfbout_clk_wiz_0
Waveform(ns):       { 0.000 5.000 }
Period(ns):         10.000
Sources:            { camera_video/xtime/inst/mmcm_adv_inst/CLKFBOUT }

Check Type  Corner  Lib Pin              Reference Pin  Required(ns)  Actual(ns)  Slack(ns)  Location         Pin
Min Period  n/a     BUFG/I               n/a            2.155         10.000      7.845      BUFGCTRL_X0Y10   camera_video/xtime/inst/clkf_buf/I
Min Period  n/a     MMCME2_ADV/CLKFBOUT  n/a            1.249         10.000      8.751      MMCME2_ADV_X0Y0  camera_video/xtime/inst/mmcm_adv_inst/CLKFBOUT
Min Period  n/a     MMCME2_ADV/CLKFBIN   n/a            1.249         10.000      8.751      MMCME2_ADV_X0Y0  camera_video/xtime/inst/mmcm_adv_inst/CLKFBIN
Max Period  n/a     MMCME2_ADV/CLKFBIN   n/a            100.000       10.000      90.000     MMCME2_ADV_X0Y0  camera_video/xtime/inst/mmcm_adv_inst/CLKFBIN
Max Period  n/a     MMCME2_ADV/CLKFBOUT  n/a            213.360       10.000      203.360    MMCME2_ADV_X0Y0  camera_video/xtime/inst/mmcm_adv_inst/CLKFBOUT



---------------------------------------------------------------------------------------------------
From Clock:  sys_clk_pin
  To Clock:  sys_clk_pin

Setup :            0  Failing Endpoints,  Worst Slack        4.325ns,  Total Violation        0.000ns
Hold  :            0  Failing Endpoints,  Worst Slack        0.052ns,  Total Violation        0.000ns
PW    :            0  Failing Endpoints,  Worst Slack        4.020ns,  Total Violation        0.000ns
---------------------------------------------------------------------------------------------------


Max Delay Paths
--------------------------------------------------------------------------------------
Slack (MET) :             4.325ns  (required time - arrival time)
  Source:                 threshold/refresh_rate.Delay_reg[0]/C
                            (rising edge-triggered cell FDRE clocked by sys_clk_pin  {rise@0.000ns fall@5.000ns period=10.000ns})
  Destination:            threshold/refresh_rate.Delay_reg[16]/R
                            (rising edge-triggered cell FDRE clocked by sys_clk_pin  {rise@0.000ns fall@5.000ns period=10.000ns})
  Path Group:             sys_clk_pin
  Path Type:              Setup (Max at Slow Process Corner)
  Requirement:            10.000ns  (sys_clk_pin rise@10.000ns - sys_clk_pin rise@0.000ns)
  Data Path Delay:        5.185ns  (logic 1.929ns (37.205%)  route 3.256ns (62.795%))
  Logic Levels:           6  (CARRY4=4 LUT6=2)
  Clock Path Skew:        -0.026ns (DCD - SCD + CPR)
    Destination Clock Delay (DCD):    4.913ns = ( 14.913 - 10.000 ) 
    Source Clock Delay      (SCD):    5.216ns
    Clock Pessimism Removal (CPR):    0.277ns
  Clock Uncertainty:      0.035ns  ((TSJ^2 + TIJ^2)^1/2 + DJ) / 2 + PE
    Total System Jitter     (TSJ):    0.071ns
    Total Input Jitter      (TIJ):    0.000ns
    Discrete Jitter          (DJ):    0.000ns
    Phase Error              (PE):    0.000ns

    Location             Delay type                Incr(ns)  Path(ns)    Netlist Resource(s)
  -------------------------------------------------------------------    -------------------
                         (clock sys_clk_pin rise edge)
                                                      0.000     0.000 r  
    N15                                               0.000     0.000 r  clock (IN)
                         net (fo=0)                   0.000     0.000    clock
    N15                  IBUF (Prop_ibuf_I_O)         1.463     1.463 r  clock_IBUF_inst/O
                         net (fo=1, routed)           2.016     3.478    clock_IBUF
    BUFGCTRL_X0Y4        BUFG (Prop_bufg_I_O)         0.096     3.574 r  clock_IBUF_BUFG_inst/O
                         net (fo=166, routed)         1.641     5.216    threshold/clock
    SLICE_X28Y51         FDRE                                         r  threshold/refresh_rate.Delay_reg[0]/C
  -------------------------------------------------------------------    -------------------
    SLICE_X28Y51         FDRE (Prop_fdre_C_Q)         0.456     5.672 r  threshold/refresh_rate.Delay_reg[0]/Q
                         net (fo=3, routed)           0.640     6.311    threshold/refresh_rate.Delay_reg[0]
    SLICE_X29Y51         CARRY4 (Prop_carry4_CYINIT_CO[3])
                                                      0.580     6.891 r  threshold/refresh_rate.Delay_reg[0]_i_3/CO[3]
                         net (fo=1, routed)           0.000     6.891    threshold/refresh_rate.Delay_reg[0]_i_3_n_0
    SLICE_X29Y52         CARRY4 (Prop_carry4_CI_CO[3])
                                                      0.114     7.005 r  threshold/refresh_rate.Delay_reg[0]_i_8/CO[3]
                         net (fo=1, routed)           0.000     7.005    threshold/refresh_rate.Delay_reg[0]_i_8_n_0
    SLICE_X29Y53         CARRY4 (Prop_carry4_CI_CO[3])
                                                      0.114     7.119 r  threshold/refresh_rate.Delay_reg[0]_i_9/CO[3]
                         net (fo=1, routed)           0.000     7.119    threshold/refresh_rate.Delay_reg[0]_i_9_n_0
    SLICE_X29Y54         CARRY4 (Prop_carry4_CI_O[2])
                                                      0.239     7.358 r  threshold/refresh_rate.Delay_reg[0]_i_10/O[2]
                         net (fo=1, routed)           0.954     8.313    threshold/refresh_rate.Delay_reg[0]_i_10_n_5
    SLICE_X31Y54         LUT6 (Prop_lut6_I2_O)        0.302     8.615 r  threshold/refresh_rate.Delay[0]_i_6/O
                         net (fo=1, routed)           0.487     9.102    threshold/refresh_rate.Delay[0]_i_6_n_0
    SLICE_X31Y51         LUT6 (Prop_lut6_I5_O)        0.124     9.226 r  threshold/refresh_rate.Delay[0]_i_1/O
                         net (fo=18, routed)          1.175    10.400    threshold/clear
    SLICE_X28Y55         FDRE                                         r  threshold/refresh_rate.Delay_reg[16]/R
  -------------------------------------------------------------------    -------------------

                         (clock sys_clk_pin rise edge)
                                                     10.000    10.000 r  
    N15                                               0.000    10.000 r  clock (IN)
                         net (fo=0)                   0.000    10.000    clock
    N15                  IBUF (Prop_ibuf_I_O)         1.392    11.392 r  clock_IBUF_inst/O
                         net (fo=1, routed)           1.911    13.303    clock_IBUF
    BUFGCTRL_X0Y4        BUFG (Prop_bufg_I_O)         0.091    13.394 r  clock_IBUF_BUFG_inst/O
                         net (fo=166, routed)         1.518    14.913    threshold/clock
    SLICE_X28Y55         FDRE                                         r  threshold/refresh_rate.Delay_reg[16]/C
                         clock pessimism              0.277    15.190    
                         clock uncertainty           -0.035    15.154    
    SLICE_X28Y55         FDRE (Setup_fdre_C_R)       -0.429    14.725    threshold/refresh_rate.Delay_reg[16]
  -------------------------------------------------------------------
                         required time                         14.725    
                         arrival time                         -10.400    
  -------------------------------------------------------------------
                         slack                                  4.325    

Slack (MET) :             4.467ns  (required time - arrival time)
  Source:                 threshold/refresh_rate.Delay_reg[0]/C
                            (rising edge-triggered cell FDRE clocked by sys_clk_pin  {rise@0.000ns fall@5.000ns period=10.000ns})
  Destination:            threshold/refresh_rate.Delay_reg[12]/R
                            (rising edge-triggered cell FDRE clocked by sys_clk_pin  {rise@0.000ns fall@5.000ns period=10.000ns})
  Path Group:             sys_clk_pin
  Path Type:              Setup (Max at Slow Process Corner)
  Requirement:            10.000ns  (sys_clk_pin rise@10.000ns - sys_clk_pin rise@0.000ns)
  Data Path Delay:        5.043ns  (logic 1.929ns (38.252%)  route 3.114ns (61.748%))
  Logic Levels:           6  (CARRY4=4 LUT6=2)
  Clock Path Skew:        -0.026ns (DCD - SCD + CPR)
    Destination Clock Delay (DCD):    4.913ns = ( 14.913 - 10.000 ) 
    Source Clock Delay      (SCD):    5.216ns
    Clock Pessimism Removal (CPR):    0.277ns
  Clock Uncertainty:      0.035ns  ((TSJ^2 + TIJ^2)^1/2 + DJ) / 2 + PE
    Total System Jitter     (TSJ):    0.071ns
    Total Input Jitter      (TIJ):    0.000ns
    Discrete Jitter          (DJ):    0.000ns
    Phase Error              (PE):    0.000ns

    Location             Delay type                Incr(ns)  Path(ns)    Netlist Resource(s)
  -------------------------------------------------------------------    -------------------
                         (clock sys_clk_pin rise edge)
                                                      0.000     0.000 r  
    N15                                               0.000     0.000 r  clock (IN)
                         net (fo=0)                   0.000     0.000    clock
    N15                  IBUF (Prop_ibuf_I_O)         1.463     1.463 r  clock_IBUF_inst/O
                         net (fo=1, routed)           2.016     3.478    clock_IBUF
    BUFGCTRL_X0Y4        BUFG (Prop_bufg_I_O)         0.096     3.574 r  clock_IBUF_BUFG_inst/O
                         net (fo=166, routed)         1.641     5.216    threshold/clock
    SLICE_X28Y51         FDRE                                         r  threshold/refresh_rate.Delay_reg[0]/C
  -------------------------------------------------------------------    -------------------
    SLICE_X28Y51         FDRE (Prop_fdre_C_Q)         0.456     5.672 r  threshold/refresh_rate.Delay_reg[0]/Q
                         net (fo=3, routed)           0.640     6.311    threshold/refresh_rate.Delay_reg[0]
    SLICE_X29Y51         CARRY4 (Prop_carry4_CYINIT_CO[3])
                                                      0.580     6.891 r  threshold/refresh_rate.Delay_reg[0]_i_3/CO[3]
                         net (fo=1, routed)           0.000     6.891    threshold/refresh_rate.Delay_reg[0]_i_3_n_0
    SLICE_X29Y52         CARRY4 (Prop_carry4_CI_CO[3])
                                                      0.114     7.005 r  threshold/refresh_rate.Delay_reg[0]_i_8/CO[3]
                         net (fo=1, routed)           0.000     7.005    threshold/refresh_rate.Delay_reg[0]_i_8_n_0
    SLICE_X29Y53         CARRY4 (Prop_carry4_CI_CO[3])
                                                      0.114     7.119 r  threshold/refresh_rate.Delay_reg[0]_i_9/CO[3]
                         net (fo=1, routed)           0.000     7.119    threshold/refresh_rate.Delay_reg[0]_i_9_n_0
    SLICE_X29Y54         CARRY4 (Prop_carry4_CI_O[2])
                                                      0.239     7.358 r  threshold/refresh_rate.Delay_reg[0]_i_10/O[2]
                         net (fo=1, routed)           0.954     8.313    threshold/refresh_rate.Delay_reg[0]_i_10_n_5
    SLICE_X31Y54         LUT6 (Prop_lut6_I2_O)        0.302     8.615 r  threshold/refresh_rate.Delay[0]_i_6/O
                         net (fo=1, routed)           0.487     9.102    threshold/refresh_rate.Delay[0]_i_6_n_0
    SLICE_X31Y51         LUT6 (Prop_lut6_I5_O)        0.124     9.226 r  threshold/refresh_rate.Delay[0]_i_1/O
                         net (fo=18, routed)          1.033    10.258    threshold/clear
    SLICE_X28Y54         FDRE                                         r  threshold/refresh_rate.Delay_reg[12]/R
  -------------------------------------------------------------------    -------------------

                         (clock sys_clk_pin rise edge)
                                                     10.000    10.000 r  
    N15                                               0.000    10.000 r  clock (IN)
                         net (fo=0)                   0.000    10.000    clock
    N15                  IBUF (Prop_ibuf_I_O)         1.392    11.392 r  clock_IBUF_inst/O
                         net (fo=1, routed)           1.911    13.303    clock_IBUF
    BUFGCTRL_X0Y4        BUFG (Prop_bufg_I_O)         0.091    13.394 r  clock_IBUF_BUFG_inst/O
                         net (fo=166, routed)         1.518    14.913    threshold/clock
    SLICE_X28Y54         FDRE                                         r  threshold/refresh_rate.Delay_reg[12]/C
                         clock pessimism              0.277    15.190    
                         clock uncertainty           -0.035    15.154    
    SLICE_X28Y54         FDRE (Setup_fdre_C_R)       -0.429    14.725    threshold/refresh_rate.Delay_reg[12]
  -------------------------------------------------------------------
                         required time                         14.725    
                         arrival time                         -10.258    
  -------------------------------------------------------------------
                         slack                                  4.467    

Slack (MET) :             4.467ns  (required time - arrival time)
  Source:                 threshold/refresh_rate.Delay_reg[0]/C
                            (rising edge-triggered cell FDRE clocked by sys_clk_pin  {rise@0.000ns fall@5.000ns period=10.000ns})
  Destination:            threshold/refresh_rate.Delay_reg[13]/R
                            (rising edge-triggered cell FDRE clocked by sys_clk_pin  {rise@0.000ns fall@5.000ns period=10.000ns})
  Path Group:             sys_clk_pin
  Path Type:              Setup (Max at Slow Process Corner)
  Requirement:            10.000ns  (sys_clk_pin rise@10.000ns - sys_clk_pin rise@0.000ns)
  Data Path Delay:        5.043ns  (logic 1.929ns (38.252%)  route 3.114ns (61.748%))
  Logic Levels:           6  (CARRY4=4 LUT6=2)
  Clock Path Skew:        -0.026ns (DCD - SCD + CPR)
    Destination Clock Delay (DCD):    4.913ns = ( 14.913 - 10.000 ) 
    Source Clock Delay      (SCD):    5.216ns
    Clock Pessimism Removal (CPR):    0.277ns
  Clock Uncertainty:      0.035ns  ((TSJ^2 + TIJ^2)^1/2 + DJ) / 2 + PE
    Total System Jitter     (TSJ):    0.071ns
    Total Input Jitter      (TIJ):    0.000ns
    Discrete Jitter          (DJ):    0.000ns
    Phase Error              (PE):    0.000ns

    Location             Delay type                Incr(ns)  Path(ns)    Netlist Resource(s)
  -------------------------------------------------------------------    -------------------
                         (clock sys_clk_pin rise edge)
                                                      0.000     0.000 r  
    N15                                               0.000     0.000 r  clock (IN)
                         net (fo=0)                   0.000     0.000    clock
    N15                  IBUF (Prop_ibuf_I_O)         1.463     1.463 r  clock_IBUF_inst/O
                         net (fo=1, routed)           2.016     3.478    clock_IBUF
    BUFGCTRL_X0Y4        BUFG (Prop_bufg_I_O)         0.096     3.574 r  clock_IBUF_BUFG_inst/O
                         net (fo=166, routed)         1.641     5.216    threshold/clock
    SLICE_X28Y51         FDRE                                         r  threshold/refresh_rate.Delay_reg[0]/C
  -------------------------------------------------------------------    -------------------
    SLICE_X28Y51         FDRE (Prop_fdre_C_Q)         0.456     5.672 r  threshold/refresh_rate.Delay_reg[0]/Q
                         net (fo=3, routed)           0.640     6.311    threshold/refresh_rate.Delay_reg[0]
    SLICE_X29Y51         CARRY4 (Prop_carry4_CYINIT_CO[3])
                                                      0.580     6.891 r  threshold/refresh_rate.Delay_reg[0]_i_3/CO[3]
                         net (fo=1, routed)           0.000     6.891    threshold/refresh_rate.Delay_reg[0]_i_3_n_0
    SLICE_X29Y52         CARRY4 (Prop_carry4_CI_CO[3])
                                                      0.114     7.005 r  threshold/refresh_rate.Delay_reg[0]_i_8/CO[3]
                         net (fo=1, routed)           0.000     7.005    threshold/refresh_rate.Delay_reg[0]_i_8_n_0
    SLICE_X29Y53         CARRY4 (Prop_carry4_CI_CO[3])
                                                      0.114     7.119 r  threshold/refresh_rate.Delay_reg[0]_i_9/CO[3]
                         net (fo=1, routed)           0.000     7.119    threshold/refresh_rate.Delay_reg[0]_i_9_n_0
    SLICE_X29Y54         CARRY4 (Prop_carry4_CI_O[2])
                                                      0.239     7.358 r  threshold/refresh_rate.Delay_reg[0]_i_10/O[2]
                         net (fo=1, routed)           0.954     8.313    threshold/refresh_rate.Delay_reg[0]_i_10_n_5
    SLICE_X31Y54         LUT6 (Prop_lut6_I2_O)        0.302     8.615 r  threshold/refresh_rate.Delay[0]_i_6/O
                         net (fo=1, routed)           0.487     9.102    threshold/refresh_rate.Delay[0]_i_6_n_0
    SLICE_X31Y51         LUT6 (Prop_lut6_I5_O)        0.124     9.226 r  threshold/refresh_rate.Delay[0]_i_1/O
                         net (fo=18, routed)          1.033    10.258    threshold/clear
    SLICE_X28Y54         FDRE                                         r  threshold/refresh_rate.Delay_reg[13]/R
  -------------------------------------------------------------------    -------------------

                         (clock sys_clk_pin rise edge)
                                                     10.000    10.000 r  
    N15                                               0.000    10.000 r  clock (IN)
                         net (fo=0)                   0.000    10.000    clock
    N15                  IBUF (Prop_ibuf_I_O)         1.392    11.392 r  clock_IBUF_inst/O
                         net (fo=1, routed)           1.911    13.303    clock_IBUF
    BUFGCTRL_X0Y4        BUFG (Prop_bufg_I_O)         0.091    13.394 r  clock_IBUF_BUFG_inst/O
                         net (fo=166, routed)         1.518    14.913    threshold/clock
    SLICE_X28Y54         FDRE                                         r  threshold/refresh_rate.Delay_reg[13]/C
                         clock pessimism              0.277    15.190    
                         clock uncertainty           -0.035    15.154    
    SLICE_X28Y54         FDRE (Setup_fdre_C_R)       -0.429    14.725    threshold/refresh_rate.Delay_reg[13]
  -------------------------------------------------------------------
                         required time                         14.725    
                         arrival time                         -10.258    
  -------------------------------------------------------------------
                         slack                                  4.467    

Slack (MET) :             4.467ns  (required time - arrival time)
  Source:                 threshold/refresh_rate.Delay_reg[0]/C
                            (rising edge-triggered cell FDRE clocked by sys_clk_pin  {rise@0.000ns fall@5.000ns period=10.000ns})
  Destination:            threshold/refresh_rate.Delay_reg[14]/R
                            (rising edge-triggered cell FDRE clocked by sys_clk_pin  {rise@0.000ns fall@5.000ns period=10.000ns})
  Path Group:             sys_clk_pin
  Path Type:              Setup (Max at Slow Process Corner)
  Requirement:            10.000ns  (sys_clk_pin rise@10.000ns - sys_clk_pin rise@0.000ns)
  Data Path Delay:        5.043ns  (logic 1.929ns (38.252%)  route 3.114ns (61.748%))
  Logic Levels:           6  (CARRY4=4 LUT6=2)
  Clock Path Skew:        -0.026ns (DCD - SCD + CPR)
    Destination Clock Delay (DCD):    4.913ns = ( 14.913 - 10.000 ) 
    Source Clock Delay      (SCD):    5.216ns
    Clock Pessimism Removal (CPR):    0.277ns
  Clock Uncertainty:      0.035ns  ((TSJ^2 + TIJ^2)^1/2 + DJ) / 2 + PE
    Total System Jitter     (TSJ):    0.071ns
    Total Input Jitter      (TIJ):    0.000ns
    Discrete Jitter          (DJ):    0.000ns
    Phase Error              (PE):    0.000ns

    Location             Delay type                Incr(ns)  Path(ns)    Netlist Resource(s)
  -------------------------------------------------------------------    -------------------
                         (clock sys_clk_pin rise edge)
                                                      0.000     0.000 r  
    N15                                               0.000     0.000 r  clock (IN)
                         net (fo=0)                   0.000     0.000    clock
    N15                  IBUF (Prop_ibuf_I_O)         1.463     1.463 r  clock_IBUF_inst/O
                         net (fo=1, routed)           2.016     3.478    clock_IBUF
    BUFGCTRL_X0Y4        BUFG (Prop_bufg_I_O)         0.096     3.574 r  clock_IBUF_BUFG_inst/O
                         net (fo=166, routed)         1.641     5.216    threshold/clock
    SLICE_X28Y51         FDRE                                         r  threshold/refresh_rate.Delay_reg[0]/C
  -------------------------------------------------------------------    -------------------
    SLICE_X28Y51         FDRE (Prop_fdre_C_Q)         0.456     5.672 r  threshold/refresh_rate.Delay_reg[0]/Q
                         net (fo=3, routed)           0.640     6.311    threshold/refresh_rate.Delay_reg[0]
    SLICE_X29Y51         CARRY4 (Prop_carry4_CYINIT_CO[3])
                                                      0.580     6.891 r  threshold/refresh_rate.Delay_reg[0]_i_3/CO[3]
                         net (fo=1, routed)           0.000     6.891    threshold/refresh_rate.Delay_reg[0]_i_3_n_0
    SLICE_X29Y52         CARRY4 (Prop_carry4_CI_CO[3])
                                                      0.114     7.005 r  threshold/refresh_rate.Delay_reg[0]_i_8/CO[3]
                         net (fo=1, routed)           0.000     7.005    threshold/refresh_rate.Delay_reg[0]_i_8_n_0
    SLICE_X29Y53         CARRY4 (Prop_carry4_CI_CO[3])
                                                      0.114     7.119 r  threshold/refresh_rate.Delay_reg[0]_i_9/CO[3]
                         net (fo=1, routed)           0.000     7.119    threshold/refresh_rate.Delay_reg[0]_i_9_n_0
    SLICE_X29Y54         CARRY4 (Prop_carry4_CI_O[2])
                                                      0.239     7.358 r  threshold/refresh_rate.Delay_reg[0]_i_10/O[2]
                         net (fo=1, routed)           0.954     8.313    threshold/refresh_rate.Delay_reg[0]_i_10_n_5
    SLICE_X31Y54         LUT6 (Prop_lut6_I2_O)        0.302     8.615 r  threshold/refresh_rate.Delay[0]_i_6/O
                         net (fo=1, routed)           0.487     9.102    threshold/refresh_rate.Delay[0]_i_6_n_0
    SLICE_X31Y51         LUT6 (Prop_lut6_I5_O)        0.124     9.226 r  threshold/refresh_rate.Delay[0]_i_1/O
                         net (fo=18, routed)          1.033    10.258    threshold/clear
    SLICE_X28Y54         FDRE                                         r  threshold/refresh_rate.Delay_reg[14]/R
  -------------------------------------------------------------------    -------------------

                         (clock sys_clk_pin rise edge)
                                                     10.000    10.000 r  
    N15                                               0.000    10.000 r  clock (IN)
                         net (fo=0)                   0.000    10.000    clock
    N15                  IBUF (Prop_ibuf_I_O)         1.392    11.392 r  clock_IBUF_inst/O
                         net (fo=1, routed)           1.911    13.303    clock_IBUF
    BUFGCTRL_X0Y4        BUFG (Prop_bufg_I_O)         0.091    13.394 r  clock_IBUF_BUFG_inst/O
                         net (fo=166, routed)         1.518    14.913    threshold/clock
    SLICE_X28Y54         FDRE                                         r  threshold/refresh_rate.Delay_reg[14]/C
                         clock pessimism              0.277    15.190    
                         clock uncertainty           -0.035    15.154    
    SLICE_X28Y54         FDRE (Setup_fdre_C_R)       -0.429    14.725    threshold/refresh_rate.Delay_reg[14]
  -------------------------------------------------------------------
                         required time                         14.725    
                         arrival time                         -10.258    
  -------------------------------------------------------------------
                         slack                                  4.467    

Slack (MET) :             4.467ns  (required time - arrival time)
  Source:                 threshold/refresh_rate.Delay_reg[0]/C
                            (rising edge-triggered cell FDRE clocked by sys_clk_pin  {rise@0.000ns fall@5.000ns period=10.000ns})
  Destination:            threshold/refresh_rate.Delay_reg[15]/R
                            (rising edge-triggered cell FDRE clocked by sys_clk_pin  {rise@0.000ns fall@5.000ns period=10.000ns})
  Path Group:             sys_clk_pin
  Path Type:              Setup (Max at Slow Process Corner)
  Requirement:            10.000ns  (sys_clk_pin rise@10.000ns - sys_clk_pin rise@0.000ns)
  Data Path Delay:        5.043ns  (logic 1.929ns (38.252%)  route 3.114ns (61.748%))
  Logic Levels:           6  (CARRY4=4 LUT6=2)
  Clock Path Skew:        -0.026ns (DCD - SCD + CPR)
    Destination Clock Delay (DCD):    4.913ns = ( 14.913 - 10.000 ) 
    Source Clock Delay      (SCD):    5.216ns
    Clock Pessimism Removal (CPR):    0.277ns
  Clock Uncertainty:      0.035ns  ((TSJ^2 + TIJ^2)^1/2 + DJ) / 2 + PE
    Total System Jitter     (TSJ):    0.071ns
    Total Input Jitter      (TIJ):    0.000ns
    Discrete Jitter          (DJ):    0.000ns
    Phase Error              (PE):    0.000ns

    Location             Delay type                Incr(ns)  Path(ns)    Netlist Resource(s)
  -------------------------------------------------------------------    -------------------
                         (clock sys_clk_pin rise edge)
                                                      0.000     0.000 r  
    N15                                               0.000     0.000 r  clock (IN)
                         net (fo=0)                   0.000     0.000    clock
    N15                  IBUF (Prop_ibuf_I_O)         1.463     1.463 r  clock_IBUF_inst/O
                         net (fo=1, routed)           2.016     3.478    clock_IBUF
    BUFGCTRL_X0Y4        BUFG (Prop_bufg_I_O)         0.096     3.574 r  clock_IBUF_BUFG_inst/O
                         net (fo=166, routed)         1.641     5.216    threshold/clock
    SLICE_X28Y51         FDRE                                         r  threshold/refresh_rate.Delay_reg[0]/C
  -------------------------------------------------------------------    -------------------
    SLICE_X28Y51         FDRE (Prop_fdre_C_Q)         0.456     5.672 r  threshold/refresh_rate.Delay_reg[0]/Q
                         net (fo=3, routed)           0.640     6.311    threshold/refresh_rate.Delay_reg[0]
    SLICE_X29Y51         CARRY4 (Prop_carry4_CYINIT_CO[3])
                                                      0.580     6.891 r  threshold/refresh_rate.Delay_reg[0]_i_3/CO[3]
                         net (fo=1, routed)           0.000     6.891    threshold/refresh_rate.Delay_reg[0]_i_3_n_0
    SLICE_X29Y52         CARRY4 (Prop_carry4_CI_CO[3])
                                                      0.114     7.005 r  threshold/refresh_rate.Delay_reg[0]_i_8/CO[3]
                         net (fo=1, routed)           0.000     7.005    threshold/refresh_rate.Delay_reg[0]_i_8_n_0
    SLICE_X29Y53         CARRY4 (Prop_carry4_CI_CO[3])
                                                      0.114     7.119 r  threshold/refresh_rate.Delay_reg[0]_i_9/CO[3]
                         net (fo=1, routed)           0.000     7.119    threshold/refresh_rate.Delay_reg[0]_i_9_n_0
    SLICE_X29Y54         CARRY4 (Prop_carry4_CI_O[2])
                                                      0.239     7.358 r  threshold/refresh_rate.Delay_reg[0]_i_10/O[2]
                         net (fo=1, routed)           0.954     8.313    threshold/refresh_rate.Delay_reg[0]_i_10_n_5
    SLICE_X31Y54         LUT6 (Prop_lut6_I2_O)        0.302     8.615 r  threshold/refresh_rate.Delay[0]_i_6/O
                         net (fo=1, routed)           0.487     9.102    threshold/refresh_rate.Delay[0]_i_6_n_0
    SLICE_X31Y51         LUT6 (Prop_lut6_I5_O)        0.124     9.226 r  threshold/refresh_rate.Delay[0]_i_1/O
                         net (fo=18, routed)          1.033    10.258    threshold/clear
    SLICE_X28Y54         FDRE                                         r  threshold/refresh_rate.Delay_reg[15]/R
  -------------------------------------------------------------------    -------------------

                         (clock sys_clk_pin rise edge)
                                                     10.000    10.000 r  
    N15                                               0.000    10.000 r  clock (IN)
                         net (fo=0)                   0.000    10.000    clock
    N15                  IBUF (Prop_ibuf_I_O)         1.392    11.392 r  clock_IBUF_inst/O
                         net (fo=1, routed)           1.911    13.303    clock_IBUF
    BUFGCTRL_X0Y4        BUFG (Prop_bufg_I_O)         0.091    13.394 r  clock_IBUF_BUFG_inst/O
                         net (fo=166, routed)         1.518    14.913    threshold/clock
    SLICE_X28Y54         FDRE                                         r  threshold/refresh_rate.Delay_reg[15]/C
                         clock pessimism              0.277    15.190    
                         clock uncertainty           -0.035    15.154    
    SLICE_X28Y54         FDRE (Setup_fdre_C_R)       -0.429    14.725    threshold/refresh_rate.Delay_reg[15]
  -------------------------------------------------------------------
                         required time                         14.725    
                         arrival time                         -10.258    
  -------------------------------------------------------------------
                         slack                                  4.467    

Slack (MET) :             4.618ns  (required time - arrival time)
  Source:                 threshold/refresh_rate.Delay_reg[0]/C
                            (rising edge-triggered cell FDRE clocked by sys_clk_pin  {rise@0.000ns fall@5.000ns period=10.000ns})
  Destination:            threshold/refresh_rate.Delay_reg[10]/R
                            (rising edge-triggered cell FDRE clocked by sys_clk_pin  {rise@0.000ns fall@5.000ns period=10.000ns})
  Path Group:             sys_clk_pin
  Path Type:              Setup (Max at Slow Process Corner)
  Requirement:            10.000ns  (sys_clk_pin rise@10.000ns - sys_clk_pin rise@0.000ns)
  Data Path Delay:        4.891ns  (logic 1.929ns (39.439%)  route 2.962ns (60.561%))
  Logic Levels:           6  (CARRY4=4 LUT6=2)
  Clock Path Skew:        -0.026ns (DCD - SCD + CPR)
    Destination Clock Delay (DCD):    4.913ns = ( 14.913 - 10.000 ) 
    Source Clock Delay      (SCD):    5.216ns
    Clock Pessimism Removal (CPR):    0.277ns
  Clock Uncertainty:      0.035ns  ((TSJ^2 + TIJ^2)^1/2 + DJ) / 2 + PE
    Total System Jitter     (TSJ):    0.071ns
    Total Input Jitter      (TIJ):    0.000ns
    Discrete Jitter          (DJ):    0.000ns
    Phase Error              (PE):    0.000ns

    Location             Delay type                Incr(ns)  Path(ns)    Netlist Resource(s)
  -------------------------------------------------------------------    -------------------
                         (clock sys_clk_pin rise edge)
                                                      0.000     0.000 r  
    N15                                               0.000     0.000 r  clock (IN)
                         net (fo=0)                   0.000     0.000    clock
    N15                  IBUF (Prop_ibuf_I_O)         1.463     1.463 r  clock_IBUF_inst/O
                         net (fo=1, routed)           2.016     3.478    clock_IBUF
    BUFGCTRL_X0Y4        BUFG (Prop_bufg_I_O)         0.096     3.574 r  clock_IBUF_BUFG_inst/O
                         net (fo=166, routed)         1.641     5.216    threshold/clock
    SLICE_X28Y51         FDRE                                         r  threshold/refresh_rate.Delay_reg[0]/C
  -------------------------------------------------------------------    -------------------
    SLICE_X28Y51         FDRE (Prop_fdre_C_Q)         0.456     5.672 r  threshold/refresh_rate.Delay_reg[0]/Q
                         net (fo=3, routed)           0.640     6.311    threshold/refresh_rate.Delay_reg[0]
    SLICE_X29Y51         CARRY4 (Prop_carry4_CYINIT_CO[3])
                                                      0.580     6.891 r  threshold/refresh_rate.Delay_reg[0]_i_3/CO[3]
                         net (fo=1, routed)           0.000     6.891    threshold/refresh_rate.Delay_reg[0]_i_3_n_0
    SLICE_X29Y52         CARRY4 (Prop_carry4_CI_CO[3])
                                                      0.114     7.005 r  threshold/refresh_rate.Delay_reg[0]_i_8/CO[3]
                         net (fo=1, routed)           0.000     7.005    threshold/refresh_rate.Delay_reg[0]_i_8_n_0
    SLICE_X29Y53         CARRY4 (Prop_carry4_CI_CO[3])
                                                      0.114     7.119 r  threshold/refresh_rate.Delay_reg[0]_i_9/CO[3]
                         net (fo=1, routed)           0.000     7.119    threshold/refresh_rate.Delay_reg[0]_i_9_n_0
    SLICE_X29Y54         CARRY4 (Prop_carry4_CI_O[2])
                                                      0.239     7.358 r  threshold/refresh_rate.Delay_reg[0]_i_10/O[2]
                         net (fo=1, routed)           0.954     8.313    threshold/refresh_rate.Delay_reg[0]_i_10_n_5
    SLICE_X31Y54         LUT6 (Prop_lut6_I2_O)        0.302     8.615 r  threshold/refresh_rate.Delay[0]_i_6/O
                         net (fo=1, routed)           0.487     9.102    threshold/refresh_rate.Delay[0]_i_6_n_0
    SLICE_X31Y51         LUT6 (Prop_lut6_I5_O)        0.124     9.226 r  threshold/refresh_rate.Delay[0]_i_1/O
                         net (fo=18, routed)          0.881    10.107    threshold/clear
    SLICE_X28Y53         FDRE                                         r  threshold/refresh_rate.Delay_reg[10]/R
  -------------------------------------------------------------------    -------------------

                         (clock sys_clk_pin rise edge)
                                                     10.000    10.000 r  
    N15                                               0.000    10.000 r  clock (IN)
                         net (fo=0)                   0.000    10.000    clock
    N15                  IBUF (Prop_ibuf_I_O)         1.392    11.392 r  clock_IBUF_inst/O
                         net (fo=1, routed)           1.911    13.303    clock_IBUF
    BUFGCTRL_X0Y4        BUFG (Prop_bufg_I_O)         0.091    13.394 r  clock_IBUF_BUFG_inst/O
                         net (fo=166, routed)         1.518    14.913    threshold/clock
    SLICE_X28Y53         FDRE                                         r  threshold/refresh_rate.Delay_reg[10]/C
                         clock pessimism              0.277    15.190    
                         clock uncertainty           -0.035    15.154    
    SLICE_X28Y53         FDRE (Setup_fdre_C_R)       -0.429    14.725    threshold/refresh_rate.Delay_reg[10]
  -------------------------------------------------------------------
                         required time                         14.725    
                         arrival time                         -10.107    
  -------------------------------------------------------------------
                         slack                                  4.618    

Slack (MET) :             4.618ns  (required time - arrival time)
  Source:                 threshold/refresh_rate.Delay_reg[0]/C
                            (rising edge-triggered cell FDRE clocked by sys_clk_pin  {rise@0.000ns fall@5.000ns period=10.000ns})
  Destination:            threshold/refresh_rate.Delay_reg[11]/R
                            (rising edge-triggered cell FDRE clocked by sys_clk_pin  {rise@0.000ns fall@5.000ns period=10.000ns})
  Path Group:             sys_clk_pin
  Path Type:              Setup (Max at Slow Process Corner)
  Requirement:            10.000ns  (sys_clk_pin rise@10.000ns - sys_clk_pin rise@0.000ns)
  Data Path Delay:        4.891ns  (logic 1.929ns (39.439%)  route 2.962ns (60.561%))
  Logic Levels:           6  (CARRY4=4 LUT6=2)
  Clock Path Skew:        -0.026ns (DCD - SCD + CPR)
    Destination Clock Delay (DCD):    4.913ns = ( 14.913 - 10.000 ) 
    Source Clock Delay      (SCD):    5.216ns
    Clock Pessimism Removal (CPR):    0.277ns
  Clock Uncertainty:      0.035ns  ((TSJ^2 + TIJ^2)^1/2 + DJ) / 2 + PE
    Total System Jitter     (TSJ):    0.071ns
    Total Input Jitter      (TIJ):    0.000ns
    Discrete Jitter          (DJ):    0.000ns
    Phase Error              (PE):    0.000ns

    Location             Delay type                Incr(ns)  Path(ns)    Netlist Resource(s)
  -------------------------------------------------------------------    -------------------
                         (clock sys_clk_pin rise edge)
                                                      0.000     0.000 r  
    N15                                               0.000     0.000 r  clock (IN)
                         net (fo=0)                   0.000     0.000    clock
    N15                  IBUF (Prop_ibuf_I_O)         1.463     1.463 r  clock_IBUF_inst/O
                         net (fo=1, routed)           2.016     3.478    clock_IBUF
    BUFGCTRL_X0Y4        BUFG (Prop_bufg_I_O)         0.096     3.574 r  clock_IBUF_BUFG_inst/O
                         net (fo=166, routed)         1.641     5.216    threshold/clock
    SLICE_X28Y51         FDRE                                         r  threshold/refresh_rate.Delay_reg[0]/C
  -------------------------------------------------------------------    -------------------
    SLICE_X28Y51         FDRE (Prop_fdre_C_Q)         0.456     5.672 r  threshold/refresh_rate.Delay_reg[0]/Q
                         net (fo=3, routed)           0.640     6.311    threshold/refresh_rate.Delay_reg[0]
    SLICE_X29Y51         CARRY4 (Prop_carry4_CYINIT_CO[3])
                                                      0.580     6.891 r  threshold/refresh_rate.Delay_reg[0]_i_3/CO[3]
                         net (fo=1, routed)           0.000     6.891    threshold/refresh_rate.Delay_reg[0]_i_3_n_0
    SLICE_X29Y52         CARRY4 (Prop_carry4_CI_CO[3])
                                                      0.114     7.005 r  threshold/refresh_rate.Delay_reg[0]_i_8/CO[3]
                         net (fo=1, routed)           0.000     7.005    threshold/refresh_rate.Delay_reg[0]_i_8_n_0
    SLICE_X29Y53         CARRY4 (Prop_carry4_CI_CO[3])
                                                      0.114     7.119 r  threshold/refresh_rate.Delay_reg[0]_i_9/CO[3]
                         net (fo=1, routed)           0.000     7.119    threshold/refresh_rate.Delay_reg[0]_i_9_n_0
    SLICE_X29Y54         CARRY4 (Prop_carry4_CI_O[2])
                                                      0.239     7.358 r  threshold/refresh_rate.Delay_reg[0]_i_10/O[2]
                         net (fo=1, routed)           0.954     8.313    threshold/refresh_rate.Delay_reg[0]_i_10_n_5
    SLICE_X31Y54         LUT6 (Prop_lut6_I2_O)        0.302     8.615 r  threshold/refresh_rate.Delay[0]_i_6/O
                         net (fo=1, routed)           0.487     9.102    threshold/refresh_rate.Delay[0]_i_6_n_0
    SLICE_X31Y51         LUT6 (Prop_lut6_I5_O)        0.124     9.226 r  threshold/refresh_rate.Delay[0]_i_1/O
                         net (fo=18, routed)          0.881    10.107    threshold/clear
    SLICE_X28Y53         FDRE                                         r  threshold/refresh_rate.Delay_reg[11]/R
  -------------------------------------------------------------------    -------------------

                         (clock sys_clk_pin rise edge)
                                                     10.000    10.000 r  
    N15                                               0.000    10.000 r  clock (IN)
                         net (fo=0)                   0.000    10.000    clock
    N15                  IBUF (Prop_ibuf_I_O)         1.392    11.392 r  clock_IBUF_inst/O
                         net (fo=1, routed)           1.911    13.303    clock_IBUF
    BUFGCTRL_X0Y4        BUFG (Prop_bufg_I_O)         0.091    13.394 r  clock_IBUF_BUFG_inst/O
                         net (fo=166, routed)         1.518    14.913    threshold/clock
    SLICE_X28Y53         FDRE                                         r  threshold/refresh_rate.Delay_reg[11]/C
                         clock pessimism              0.277    15.190    
                         clock uncertainty           -0.035    15.154    
    SLICE_X28Y53         FDRE (Setup_fdre_C_R)       -0.429    14.725    threshold/refresh_rate.Delay_reg[11]
  -------------------------------------------------------------------
                         required time                         14.725    
                         arrival time                         -10.107    
  -------------------------------------------------------------------
                         slack                                  4.618    

Slack (MET) :             4.618ns  (required time - arrival time)
  Source:                 threshold/refresh_rate.Delay_reg[0]/C
                            (rising edge-triggered cell FDRE clocked by sys_clk_pin  {rise@0.000ns fall@5.000ns period=10.000ns})
  Destination:            threshold/refresh_rate.Delay_reg[8]/R
                            (rising edge-triggered cell FDRE clocked by sys_clk_pin  {rise@0.000ns fall@5.000ns period=10.000ns})
  Path Group:             sys_clk_pin
  Path Type:              Setup (Max at Slow Process Corner)
  Requirement:            10.000ns  (sys_clk_pin rise@10.000ns - sys_clk_pin rise@0.000ns)
  Data Path Delay:        4.891ns  (logic 1.929ns (39.439%)  route 2.962ns (60.561%))
  Logic Levels:           6  (CARRY4=4 LUT6=2)
  Clock Path Skew:        -0.026ns (DCD - SCD + CPR)
    Destination Clock Delay (DCD):    4.913ns = ( 14.913 - 10.000 ) 
    Source Clock Delay      (SCD):    5.216ns
    Clock Pessimism Removal (CPR):    0.277ns
  Clock Uncertainty:      0.035ns  ((TSJ^2 + TIJ^2)^1/2 + DJ) / 2 + PE
    Total System Jitter     (TSJ):    0.071ns
    Total Input Jitter      (TIJ):    0.000ns
    Discrete Jitter          (DJ):    0.000ns
    Phase Error              (PE):    0.000ns

    Location             Delay type                Incr(ns)  Path(ns)    Netlist Resource(s)
  -------------------------------------------------------------------    -------------------
                         (clock sys_clk_pin rise edge)
                                                      0.000     0.000 r  
    N15                                               0.000     0.000 r  clock (IN)
                         net (fo=0)                   0.000     0.000    clock
    N15                  IBUF (Prop_ibuf_I_O)         1.463     1.463 r  clock_IBUF_inst/O
                         net (fo=1, routed)           2.016     3.478    clock_IBUF
    BUFGCTRL_X0Y4        BUFG (Prop_bufg_I_O)         0.096     3.574 r  clock_IBUF_BUFG_inst/O
                         net (fo=166, routed)         1.641     5.216    threshold/clock
    SLICE_X28Y51         FDRE                                         r  threshold/refresh_rate.Delay_reg[0]/C
  -------------------------------------------------------------------    -------------------
    SLICE_X28Y51         FDRE (Prop_fdre_C_Q)         0.456     5.672 r  threshold/refresh_rate.Delay_reg[0]/Q
                         net (fo=3, routed)           0.640     6.311    threshold/refresh_rate.Delay_reg[0]
    SLICE_X29Y51         CARRY4 (Prop_carry4_CYINIT_CO[3])
                                                      0.580     6.891 r  threshold/refresh_rate.Delay_reg[0]_i_3/CO[3]
                         net (fo=1, routed)           0.000     6.891    threshold/refresh_rate.Delay_reg[0]_i_3_n_0
    SLICE_X29Y52         CARRY4 (Prop_carry4_CI_CO[3])
                                                      0.114     7.005 r  threshold/refresh_rate.Delay_reg[0]_i_8/CO[3]
                         net (fo=1, routed)           0.000     7.005    threshold/refresh_rate.Delay_reg[0]_i_8_n_0
    SLICE_X29Y53         CARRY4 (Prop_carry4_CI_CO[3])
                                                      0.114     7.119 r  threshold/refresh_rate.Delay_reg[0]_i_9/CO[3]
                         net (fo=1, routed)           0.000     7.119    threshold/refresh_rate.Delay_reg[0]_i_9_n_0
    SLICE_X29Y54         CARRY4 (Prop_carry4_CI_O[2])
                                                      0.239     7.358 r  threshold/refresh_rate.Delay_reg[0]_i_10/O[2]
                         net (fo=1, routed)           0.954     8.313    threshold/refresh_rate.Delay_reg[0]_i_10_n_5
    SLICE_X31Y54         LUT6 (Prop_lut6_I2_O)        0.302     8.615 r  threshold/refresh_rate.Delay[0]_i_6/O
                         net (fo=1, routed)           0.487     9.102    threshold/refresh_rate.Delay[0]_i_6_n_0
    SLICE_X31Y51         LUT6 (Prop_lut6_I5_O)        0.124     9.226 r  threshold/refresh_rate.Delay[0]_i_1/O
                         net (fo=18, routed)          0.881    10.107    threshold/clear
    SLICE_X28Y53         FDRE                                         r  threshold/refresh_rate.Delay_reg[8]/R
  -------------------------------------------------------------------    -------------------

                         (clock sys_clk_pin rise edge)
                                                     10.000    10.000 r  
    N15                                               0.000    10.000 r  clock (IN)
                         net (fo=0)                   0.000    10.000    clock
    N15                  IBUF (Prop_ibuf_I_O)         1.392    11.392 r  clock_IBUF_inst/O
                         net (fo=1, routed)           1.911    13.303    clock_IBUF
    BUFGCTRL_X0Y4        BUFG (Prop_bufg_I_O)         0.091    13.394 r  clock_IBUF_BUFG_inst/O
                         net (fo=166, routed)         1.518    14.913    threshold/clock
    SLICE_X28Y53         FDRE                                         r  threshold/refresh_rate.Delay_reg[8]/C
                         clock pessimism              0.277    15.190    
                         clock uncertainty           -0.035    15.154    
    SLICE_X28Y53         FDRE (Setup_fdre_C_R)       -0.429    14.725    threshold/refresh_rate.Delay_reg[8]
  -------------------------------------------------------------------
                         required time                         14.725    
                         arrival time                         -10.107    
  -------------------------------------------------------------------
                         slack                                  4.618    

Slack (MET) :             4.618ns  (required time - arrival time)
  Source:                 threshold/refresh_rate.Delay_reg[0]/C
                            (rising edge-triggered cell FDRE clocked by sys_clk_pin  {rise@0.000ns fall@5.000ns period=10.000ns})
  Destination:            threshold/refresh_rate.Delay_reg[9]/R
                            (rising edge-triggered cell FDRE clocked by sys_clk_pin  {rise@0.000ns fall@5.000ns period=10.000ns})
  Path Group:             sys_clk_pin
  Path Type:              Setup (Max at Slow Process Corner)
  Requirement:            10.000ns  (sys_clk_pin rise@10.000ns - sys_clk_pin rise@0.000ns)
  Data Path Delay:        4.891ns  (logic 1.929ns (39.439%)  route 2.962ns (60.561%))
  Logic Levels:           6  (CARRY4=4 LUT6=2)
  Clock Path Skew:        -0.026ns (DCD - SCD + CPR)
    Destination Clock Delay (DCD):    4.913ns = ( 14.913 - 10.000 ) 
    Source Clock Delay      (SCD):    5.216ns
    Clock Pessimism Removal (CPR):    0.277ns
  Clock Uncertainty:      0.035ns  ((TSJ^2 + TIJ^2)^1/2 + DJ) / 2 + PE
    Total System Jitter     (TSJ):    0.071ns
    Total Input Jitter      (TIJ):    0.000ns
    Discrete Jitter          (DJ):    0.000ns
    Phase Error              (PE):    0.000ns

    Location             Delay type                Incr(ns)  Path(ns)    Netlist Resource(s)
  -------------------------------------------------------------------    -------------------
                         (clock sys_clk_pin rise edge)
                                                      0.000     0.000 r  
    N15                                               0.000     0.000 r  clock (IN)
                         net (fo=0)                   0.000     0.000    clock
    N15                  IBUF (Prop_ibuf_I_O)         1.463     1.463 r  clock_IBUF_inst/O
                         net (fo=1, routed)           2.016     3.478    clock_IBUF
    BUFGCTRL_X0Y4        BUFG (Prop_bufg_I_O)         0.096     3.574 r  clock_IBUF_BUFG_inst/O
                         net (fo=166, routed)         1.641     5.216    threshold/clock
    SLICE_X28Y51         FDRE                                         r  threshold/refresh_rate.Delay_reg[0]/C
  -------------------------------------------------------------------    -------------------
    SLICE_X28Y51         FDRE (Prop_fdre_C_Q)         0.456     5.672 r  threshold/refresh_rate.Delay_reg[0]/Q
                         net (fo=3, routed)           0.640     6.311    threshold/refresh_rate.Delay_reg[0]
    SLICE_X29Y51         CARRY4 (Prop_carry4_CYINIT_CO[3])
                                                      0.580     6.891 r  threshold/refresh_rate.Delay_reg[0]_i_3/CO[3]
                         net (fo=1, routed)           0.000     6.891    threshold/refresh_rate.Delay_reg[0]_i_3_n_0
    SLICE_X29Y52         CARRY4 (Prop_carry4_CI_CO[3])
                                                      0.114     7.005 r  threshold/refresh_rate.Delay_reg[0]_i_8/CO[3]
                         net (fo=1, routed)           0.000     7.005    threshold/refresh_rate.Delay_reg[0]_i_8_n_0
    SLICE_X29Y53         CARRY4 (Prop_carry4_CI_CO[3])
                                                      0.114     7.119 r  threshold/refresh_rate.Delay_reg[0]_i_9/CO[3]
                         net (fo=1, routed)           0.000     7.119    threshold/refresh_rate.Delay_reg[0]_i_9_n_0
    SLICE_X29Y54         CARRY4 (Prop_carry4_CI_O[2])
                                                      0.239     7.358 r  threshold/refresh_rate.Delay_reg[0]_i_10/O[2]
                         net (fo=1, routed)           0.954     8.313    threshold/refresh_rate.Delay_reg[0]_i_10_n_5
    SLICE_X31Y54         LUT6 (Prop_lut6_I2_O)        0.302     8.615 r  threshold/refresh_rate.Delay[0]_i_6/O
                         net (fo=1, routed)           0.487     9.102    threshold/refresh_rate.Delay[0]_i_6_n_0
    SLICE_X31Y51         LUT6 (Prop_lut6_I5_O)        0.124     9.226 r  threshold/refresh_rate.Delay[0]_i_1/O
                         net (fo=18, routed)          0.881    10.107    threshold/clear
    SLICE_X28Y53         FDRE                                         r  threshold/refresh_rate.Delay_reg[9]/R
  -------------------------------------------------------------------    -------------------

                         (clock sys_clk_pin rise edge)
                                                     10.000    10.000 r  
    N15                                               0.000    10.000 r  clock (IN)
                         net (fo=0)                   0.000    10.000    clock
    N15                  IBUF (Prop_ibuf_I_O)         1.392    11.392 r  clock_IBUF_inst/O
                         net (fo=1, routed)           1.911    13.303    clock_IBUF
    BUFGCTRL_X0Y4        BUFG (Prop_bufg_I_O)         0.091    13.394 r  clock_IBUF_BUFG_inst/O
                         net (fo=166, routed)         1.518    14.913    threshold/clock
    SLICE_X28Y53         FDRE                                         r  threshold/refresh_rate.Delay_reg[9]/C
                         clock pessimism              0.277    15.190    
                         clock uncertainty           -0.035    15.154    
    SLICE_X28Y53         FDRE (Setup_fdre_C_R)       -0.429    14.725    threshold/refresh_rate.Delay_reg[9]
  -------------------------------------------------------------------
                         required time                         14.725    
                         arrival time                         -10.107    
  -------------------------------------------------------------------
                         slack                                  4.618    

Slack (MET) :             4.739ns  (required time - arrival time)
  Source:                 debounce_clock_out/generate_clock.delay_reg[4]/C
                            (rising edge-triggered cell FDRE clocked by sys_clk_pin  {rise@0.000ns fall@5.000ns period=10.000ns})
  Destination:            debounce_clock_out/generate_clock.clock_reg/D
                            (rising edge-triggered cell FDRE clocked by sys_clk_pin  {rise@0.000ns fall@5.000ns period=10.000ns})
  Path Group:             sys_clk_pin
  Path Type:              Setup (Max at Slow Process Corner)
  Requirement:            10.000ns  (sys_clk_pin rise@10.000ns - sys_clk_pin rise@0.000ns)
  Data Path Delay:        5.214ns  (logic 1.980ns (37.978%)  route 3.234ns (62.022%))
  Logic Levels:           6  (CARRY4=3 LUT4=1 LUT5=1 LUT6=1)
  Clock Path Skew:        -0.041ns (DCD - SCD + CPR)
    Destination Clock Delay (DCD):    4.912ns = ( 14.912 - 10.000 ) 
    Source Clock Delay      (SCD):    5.213ns
    Clock Pessimism Removal (CPR):    0.260ns
  Clock Uncertainty:      0.035ns  ((TSJ^2 + TIJ^2)^1/2 + DJ) / 2 + PE
    Total System Jitter     (TSJ):    0.071ns
    Total Input Jitter      (TIJ):    0.000ns
    Discrete Jitter          (DJ):    0.000ns
    Phase Error              (PE):    0.000ns

    Location             Delay type                Incr(ns)  Path(ns)    Netlist Resource(s)
  -------------------------------------------------------------------    -------------------
                         (clock sys_clk_pin rise edge)
                                                      0.000     0.000 r  
    N15                                               0.000     0.000 r  clock (IN)
                         net (fo=0)                   0.000     0.000    clock
    N15                  IBUF (Prop_ibuf_I_O)         1.463     1.463 r  clock_IBUF_inst/O
                         net (fo=1, routed)           2.016     3.478    clock_IBUF
    BUFGCTRL_X0Y4        BUFG (Prop_bufg_I_O)         0.096     3.574 r  clock_IBUF_BUFG_inst/O
                         net (fo=166, routed)         1.638     5.213    debounce_clock_out/clock
    SLICE_X36Y56         FDRE                                         r  debounce_clock_out/generate_clock.delay_reg[4]/C
  -------------------------------------------------------------------    -------------------
    SLICE_X36Y56         FDRE (Prop_fdre_C_Q)         0.456     5.669 r  debounce_clock_out/generate_clock.delay_reg[4]/Q
                         net (fo=2, routed)           0.848     6.517    debounce_clock_out/generate_clock.delay_reg[4]
    SLICE_X35Y55         CARRY4 (Prop_carry4_S[3]_CO[3])
                                                      0.525     7.042 r  debounce_clock_out/generate_clock.clock_reg_i_3__0/CO[3]
                         net (fo=1, routed)           0.000     7.042    debounce_clock_out/generate_clock.clock_reg_i_3__0_n_0
    SLICE_X35Y56         CARRY4 (Prop_carry4_CI_CO[3])
                                                      0.114     7.156 r  debounce_clock_out/generate_clock.clock_reg_i_8/CO[3]
                         net (fo=1, routed)           0.000     7.156    debounce_clock_out/generate_clock.clock_reg_i_8_n_0
    SLICE_X35Y57         CARRY4 (Prop_carry4_CI_O[1])
                                                      0.334     7.490 f  debounce_clock_out/generate_clock.clock_reg_i_6__0/O[1]
                         net (fo=1, routed)           0.971     8.461    debounce_clock_out/generate_clock.clock_reg_i_6__0_n_6
    SLICE_X38Y58         LUT4 (Prop_lut4_I1_O)        0.303     8.764 r  debounce_clock_out/generate_clock.clock_i_7/O
                         net (fo=1, routed)           0.677     9.441    debounce_clock_out/generate_clock.clock_i_7_n_0
    SLICE_X34Y58         LUT5 (Prop_lut5_I4_O)        0.124     9.565 r  debounce_clock_out/generate_clock.clock_i_2__0/O
                         net (fo=1, routed)           0.737    10.302    debounce_clock_out/generate_clock.clock_i_2__0_n_0
    SLICE_X33Y56         LUT6 (Prop_lut6_I0_O)        0.124    10.426 r  debounce_clock_out/generate_clock.clock_i_1__0/O
                         net (fo=1, routed)           0.000    10.426    debounce_clock_out/generate_clock.clock_i_1__0_n_0
    SLICE_X33Y56         FDRE                                         r  debounce_clock_out/generate_clock.clock_reg/D
  -------------------------------------------------------------------    -------------------

                         (clock sys_clk_pin rise edge)
                                                     10.000    10.000 r  
    N15                                               0.000    10.000 r  clock (IN)
                         net (fo=0)                   0.000    10.000    clock
    N15                  IBUF (Prop_ibuf_I_O)         1.392    11.392 r  clock_IBUF_inst/O
                         net (fo=1, routed)           1.911    13.303    clock_IBUF
    BUFGCTRL_X0Y4        BUFG (Prop_bufg_I_O)         0.091    13.394 r  clock_IBUF_BUFG_inst/O
                         net (fo=166, routed)         1.517    14.912    debounce_clock_out/clock
    SLICE_X33Y56         FDRE                                         r  debounce_clock_out/generate_clock.clock_reg/C
                         clock pessimism              0.260    15.172    
                         clock uncertainty           -0.035    15.136    
    SLICE_X33Y56         FDRE (Setup_fdre_C_D)        0.029    15.165    debounce_clock_out/generate_clock.clock_reg
  -------------------------------------------------------------------
                         required time                         15.165    
                         arrival time                         -10.426    
  -------------------------------------------------------------------
                         slack                                  4.739    





Min Delay Paths
--------------------------------------------------------------------------------------
Slack (MET) :             0.052ns  (arrival time - required time)
  Source:                 convert_to_binary/dilation_filter/dilation_line_buffer_reg[642][3]/C
                            (rising edge-triggered cell FDRE clocked by sys_clk_pin  {rise@0.000ns fall@5.000ns period=10.000ns})
  Destination:            convert_to_binary/dilation_filter/dilation_line_buffer_reg[674][3]_srl32/D
                            (rising edge-triggered cell SRLC32E clocked by sys_clk_pin  {rise@0.000ns fall@5.000ns period=10.000ns})
  Path Group:             sys_clk_pin
  Path Type:              Hold (Min at Fast Process Corner)
  Requirement:            0.000ns  (sys_clk_pin rise@0.000ns - sys_clk_pin rise@0.000ns)
  Data Path Delay:        0.270ns  (logic 0.141ns (52.241%)  route 0.129ns (47.759%))
  Logic Levels:           0  
  Clock Path Skew:        0.035ns (DCD - SCD - CPR)
    Destination Clock Delay (DCD):    2.052ns
    Source Clock Delay      (SCD):    1.534ns
    Clock Pessimism Removal (CPR):    0.483ns

    Location             Delay type                Incr(ns)  Path(ns)    Netlist Resource(s)
  -------------------------------------------------------------------    -------------------
                         (clock sys_clk_pin rise edge)
                                                      0.000     0.000 r  
    N15                                               0.000     0.000 r  clock (IN)
                         net (fo=0)                   0.000     0.000    clock
    N15                  IBUF (Prop_ibuf_I_O)         0.231     0.231 r  clock_IBUF_inst/O
                         net (fo=1, routed)           0.640     0.871    clock_IBUF
    BUFGCTRL_X0Y4        BUFG (Prop_bufg_I_O)         0.026     0.897 r  clock_IBUF_BUFG_inst/O
                         net (fo=166, routed)         0.637     1.534    convert_to_binary/dilation_filter/clock
    SLICE_X32Y48         FDRE                                         r  convert_to_binary/dilation_filter/dilation_line_buffer_reg[642][3]/C
  -------------------------------------------------------------------    -------------------
    SLICE_X32Y48         FDRE (Prop_fdre_C_Q)         0.141     1.675 r  convert_to_binary/dilation_filter/dilation_line_buffer_reg[642][3]/Q
                         net (fo=2, routed)           0.129     1.804    convert_to_binary/dilation_filter/dilation_line_buffer_reg_n_0_[642][3]
    SLICE_X34Y47         SRLC32E                                      r  convert_to_binary/dilation_filter/dilation_line_buffer_reg[674][3]_srl32/D
  -------------------------------------------------------------------    -------------------

                         (clock sys_clk_pin rise edge)
                                                      0.000     0.000 r  
    N15                                               0.000     0.000 r  clock (IN)
                         net (fo=0)                   0.000     0.000    clock
    N15                  IBUF (Prop_ibuf_I_O)         0.418     0.418 r  clock_IBUF_inst/O
                         net (fo=1, routed)           0.695     1.113    clock_IBUF
    BUFGCTRL_X0Y4        BUFG (Prop_bufg_I_O)         0.029     1.142 r  clock_IBUF_BUFG_inst/O
                         net (fo=166, routed)         0.910     2.052    convert_to_binary/dilation_filter/clock
    SLICE_X34Y47         SRLC32E                                      r  convert_to_binary/dilation_filter/dilation_line_buffer_reg[674][3]_srl32/CLK
                         clock pessimism             -0.483     1.569    
    SLICE_X34Y47         SRLC32E (Hold_srlc32e_CLK_D)
                                                      0.183     1.752    convert_to_binary/dilation_filter/dilation_line_buffer_reg[674][3]_srl32
  -------------------------------------------------------------------
                         required time                         -1.752    
                         arrival time                           1.804    
  -------------------------------------------------------------------
                         slack                                  0.052    

Slack (MET) :             0.125ns  (arrival time - required time)
  Source:                 convert_to_binary/upPrev_reg/C
                            (rising edge-triggered cell FDRE clocked by sys_clk_pin  {rise@0.000ns fall@5.000ns period=10.000ns})
  Destination:            convert_to_binary/threshold_reg[2]/D
                            (rising edge-triggered cell FDRE clocked by sys_clk_pin  {rise@0.000ns fall@5.000ns period=10.000ns})
  Path Group:             sys_clk_pin
  Path Type:              Hold (Min at Fast Process Corner)
  Requirement:            0.000ns  (sys_clk_pin rise@0.000ns - sys_clk_pin rise@0.000ns)
  Data Path Delay:        0.568ns  (logic 0.187ns (32.949%)  route 0.381ns (67.051%))
  Logic Levels:           1  (LUT5=1)
  Clock Path Skew:        0.336ns (DCD - SCD - CPR)
    Destination Clock Delay (DCD):    2.053ns
    Source Clock Delay      (SCD):    1.466ns
    Clock Pessimism Removal (CPR):    0.250ns

    Location             Delay type                Incr(ns)  Path(ns)    Netlist Resource(s)
  -------------------------------------------------------------------    -------------------
                         (clock sys_clk_pin rise edge)
                                                      0.000     0.000 r  
    N15                                               0.000     0.000 r  clock (IN)
                         net (fo=0)                   0.000     0.000    clock
    N15                  IBUF (Prop_ibuf_I_O)         0.231     0.231 r  clock_IBUF_inst/O
                         net (fo=1, routed)           0.640     0.871    clock_IBUF
    BUFGCTRL_X0Y4        BUFG (Prop_bufg_I_O)         0.026     0.897 r  clock_IBUF_BUFG_inst/O
                         net (fo=166, routed)         0.570     1.466    convert_to_binary/clock
    SLICE_X31Y50         FDRE                                         r  convert_to_binary/upPrev_reg/C
  -------------------------------------------------------------------    -------------------
    SLICE_X31Y50         FDRE (Prop_fdre_C_Q)         0.141     1.607 r  convert_to_binary/upPrev_reg/Q
                         net (fo=5, routed)           0.381     1.988    convert_to_binary/upPrev
    SLICE_X31Y49         LUT5 (Prop_lut5_I4_O)        0.046     2.034 r  convert_to_binary/threshold[2]_i_1/O
                         net (fo=1, routed)           0.000     2.034    convert_to_binary/threshold[2]_i_1_n_0
    SLICE_X31Y49         FDRE                                         r  convert_to_binary/threshold_reg[2]/D
  -------------------------------------------------------------------    -------------------

                         (clock sys_clk_pin rise edge)
                                                      0.000     0.000 r  
    N15                                               0.000     0.000 r  clock (IN)
                         net (fo=0)                   0.000     0.000    clock
    N15                  IBUF (Prop_ibuf_I_O)         0.418     0.418 r  clock_IBUF_inst/O
                         net (fo=1, routed)           0.695     1.113    clock_IBUF
    BUFGCTRL_X0Y4        BUFG (Prop_bufg_I_O)         0.029     1.142 r  clock_IBUF_BUFG_inst/O
                         net (fo=166, routed)         0.911     2.053    convert_to_binary/clock
    SLICE_X31Y49         FDRE                                         r  convert_to_binary/threshold_reg[2]/C
                         clock pessimism             -0.250     1.802    
    SLICE_X31Y49         FDRE (Hold_fdre_C_D)         0.107     1.909    convert_to_binary/threshold_reg[2]
  -------------------------------------------------------------------
                         required time                         -1.909    
                         arrival time                           2.034    
  -------------------------------------------------------------------
                         slack                                  0.125    

Slack (MET) :             0.140ns  (arrival time - required time)
  Source:                 convert_to_binary/upPrev_reg/C
                            (rising edge-triggered cell FDRE clocked by sys_clk_pin  {rise@0.000ns fall@5.000ns period=10.000ns})
  Destination:            convert_to_binary/threshold_reg[1]/D
                            (rising edge-triggered cell FDRE clocked by sys_clk_pin  {rise@0.000ns fall@5.000ns period=10.000ns})
  Path Group:             sys_clk_pin
  Path Type:              Hold (Min at Fast Process Corner)
  Requirement:            0.000ns  (sys_clk_pin rise@0.000ns - sys_clk_pin rise@0.000ns)
  Data Path Delay:        0.567ns  (logic 0.186ns (32.830%)  route 0.381ns (67.170%))
  Logic Levels:           1  (LUT4=1)
  Clock Path Skew:        0.336ns (DCD - SCD - CPR)
    Destination Clock Delay (DCD):    2.053ns
    Source Clock Delay      (SCD):    1.466ns
    Clock Pessimism Removal (CPR):    0.250ns

    Location             Delay type                Incr(ns)  Path(ns)    Netlist Resource(s)
  -------------------------------------------------------------------    -------------------
                         (clock sys_clk_pin rise edge)
                                                      0.000     0.000 r  
    N15                                               0.000     0.000 r  clock (IN)
                         net (fo=0)                   0.000     0.000    clock
    N15                  IBUF (Prop_ibuf_I_O)         0.231     0.231 r  clock_IBUF_inst/O
                         net (fo=1, routed)           0.640     0.871    clock_IBUF
    BUFGCTRL_X0Y4        BUFG (Prop_bufg_I_O)         0.026     0.897 r  clock_IBUF_BUFG_inst/O
                         net (fo=166, routed)         0.570     1.466    convert_to_binary/clock
    SLICE_X31Y50         FDRE                                         r  convert_to_binary/upPrev_reg/C
  -------------------------------------------------------------------    -------------------
    SLICE_X31Y50         FDRE (Prop_fdre_C_Q)         0.141     1.607 r  convert_to_binary/upPrev_reg/Q
                         net (fo=5, routed)           0.381     1.988    convert_to_binary/upPrev
    SLICE_X31Y49         LUT4 (Prop_lut4_I2_O)        0.045     2.033 r  convert_to_binary/threshold[1]_i_1/O
                         net (fo=1, routed)           0.000     2.033    convert_to_binary/threshold[1]_i_1_n_0
    SLICE_X31Y49         FDRE                                         r  convert_to_binary/threshold_reg[1]/D
  -------------------------------------------------------------------    -------------------

                         (clock sys_clk_pin rise edge)
                                                      0.000     0.000 r  
    N15                                               0.000     0.000 r  clock (IN)
                         net (fo=0)                   0.000     0.000    clock
    N15                  IBUF (Prop_ibuf_I_O)         0.418     0.418 r  clock_IBUF_inst/O
                         net (fo=1, routed)           0.695     1.113    clock_IBUF
    BUFGCTRL_X0Y4        BUFG (Prop_bufg_I_O)         0.029     1.142 r  clock_IBUF_BUFG_inst/O
                         net (fo=166, routed)         0.911     2.053    convert_to_binary/clock
    SLICE_X31Y49         FDRE                                         r  convert_to_binary/threshold_reg[1]/C
                         clock pessimism             -0.250     1.802    
    SLICE_X31Y49         FDRE (Hold_fdre_C_D)         0.091     1.893    convert_to_binary/threshold_reg[1]
  -------------------------------------------------------------------
                         required time                         -1.893    
                         arrival time                           2.033    
  -------------------------------------------------------------------
                         slack                                  0.140    

Slack (MET) :             0.159ns  (arrival time - required time)
  Source:                 convert_to_binary/erosion_filter/erosion_line_buffer_reg[898][3]_srl32/CLK
                            (rising edge-triggered cell SRLC32E clocked by sys_clk_pin  {rise@0.000ns fall@5.000ns period=10.000ns})
  Destination:            convert_to_binary/erosion_filter/erosion_line_buffer_reg[930][3]_srl32/D
                            (rising edge-triggered cell SRLC32E clocked by sys_clk_pin  {rise@0.000ns fall@5.000ns period=10.000ns})
  Path Group:             sys_clk_pin
  Path Type:              Hold (Min at Fast Process Corner)
  Requirement:            0.000ns  (sys_clk_pin rise@0.000ns - sys_clk_pin rise@0.000ns)
  Data Path Delay:        0.617ns  (logic 0.378ns (61.275%)  route 0.239ns (38.725%))
  Logic Levels:           0  
  Clock Path Skew:        0.336ns (DCD - SCD - CPR)
    Destination Clock Delay (DCD):    2.053ns
    Source Clock Delay      (SCD):    1.466ns
    Clock Pessimism Removal (CPR):    0.250ns

    Location             Delay type                Incr(ns)  Path(ns)    Netlist Resource(s)
  -------------------------------------------------------------------    -------------------
                         (clock sys_clk_pin rise edge)
                                                      0.000     0.000 r  
    N15                                               0.000     0.000 r  clock (IN)
                         net (fo=0)                   0.000     0.000    clock
    N15                  IBUF (Prop_ibuf_I_O)         0.231     0.231 r  clock_IBUF_inst/O
                         net (fo=1, routed)           0.640     0.871    clock_IBUF
    BUFGCTRL_X0Y4        BUFG (Prop_bufg_I_O)         0.026     0.897 r  clock_IBUF_BUFG_inst/O
                         net (fo=166, routed)         0.570     1.466    convert_to_binary/erosion_filter/clock
    SLICE_X30Y51         SRLC32E                                      r  convert_to_binary/erosion_filter/erosion_line_buffer_reg[898][3]_srl32/CLK
  -------------------------------------------------------------------    -------------------
    SLICE_X30Y51         SRLC32E (Prop_srlc32e_CLK_Q31)
                                                      0.378     1.844 r  convert_to_binary/erosion_filter/erosion_line_buffer_reg[898][3]_srl32/Q31
                         net (fo=1, routed)           0.239     2.083    convert_to_binary/erosion_filter/xlnx_opt__7
    SLICE_X30Y49         SRLC32E                                      r  convert_to_binary/erosion_filter/erosion_line_buffer_reg[930][3]_srl32/D
  -------------------------------------------------------------------    -------------------

                         (clock sys_clk_pin rise edge)
                                                      0.000     0.000 r  
    N15                                               0.000     0.000 r  clock (IN)
                         net (fo=0)                   0.000     0.000    clock
    N15                  IBUF (Prop_ibuf_I_O)         0.418     0.418 r  clock_IBUF_inst/O
                         net (fo=1, routed)           0.695     1.113    clock_IBUF
    BUFGCTRL_X0Y4        BUFG (Prop_bufg_I_O)         0.029     1.142 r  clock_IBUF_BUFG_inst/O
                         net (fo=166, routed)         0.911     2.053    convert_to_binary/erosion_filter/clock
    SLICE_X30Y49         SRLC32E                                      r  convert_to_binary/erosion_filter/erosion_line_buffer_reg[930][3]_srl32/CLK
                         clock pessimism             -0.250     1.802    
    SLICE_X30Y49         SRLC32E (Hold_srlc32e_CLK_D)
                                                      0.122     1.924    convert_to_binary/erosion_filter/erosion_line_buffer_reg[930][3]_srl32
  -------------------------------------------------------------------
                         required time                         -1.924    
                         arrival time                           2.083    
  -------------------------------------------------------------------
                         slack                                  0.159    

Slack (MET) :             0.180ns  (arrival time - required time)
  Source:                 convert_to_binary/erosion_filter/erosion_line_buffer_reg[642][3]/C
                            (rising edge-triggered cell FDRE clocked by sys_clk_pin  {rise@0.000ns fall@5.000ns period=10.000ns})
  Destination:            convert_to_binary/erosion_filter/erosion_line_buffer_reg[674][3]_srl32/D
                            (rising edge-triggered cell SRLC32E clocked by sys_clk_pin  {rise@0.000ns fall@5.000ns period=10.000ns})
  Path Group:             sys_clk_pin
  Path Type:              Hold (Min at Fast Process Corner)
  Requirement:            0.000ns  (sys_clk_pin rise@0.000ns - sys_clk_pin rise@0.000ns)
  Data Path Delay:        0.508ns  (logic 0.128ns (25.183%)  route 0.380ns (74.817%))
  Logic Levels:           0  
  Clock Path Skew:        0.198ns (DCD - SCD - CPR)
    Destination Clock Delay (DCD):    1.983ns
    Source Clock Delay      (SCD):    1.534ns
    Clock Pessimism Removal (CPR):    0.250ns

    Location             Delay type                Incr(ns)  Path(ns)    Netlist Resource(s)
  -------------------------------------------------------------------    -------------------
                         (clock sys_clk_pin rise edge)
                                                      0.000     0.000 r  
    N15                                               0.000     0.000 r  clock (IN)
                         net (fo=0)                   0.000     0.000    clock
    N15                  IBUF (Prop_ibuf_I_O)         0.231     0.231 r  clock_IBUF_inst/O
                         net (fo=1, routed)           0.640     0.871    clock_IBUF
    BUFGCTRL_X0Y4        BUFG (Prop_bufg_I_O)         0.026     0.897 r  clock_IBUF_BUFG_inst/O
                         net (fo=166, routed)         0.637     1.534    convert_to_binary/erosion_filter/clock
    SLICE_X33Y49         FDRE                                         r  convert_to_binary/erosion_filter/erosion_line_buffer_reg[642][3]/C
  -------------------------------------------------------------------    -------------------
    SLICE_X33Y49         FDRE (Prop_fdre_C_Q)         0.128     1.662 r  convert_to_binary/erosion_filter/erosion_line_buffer_reg[642][3]/Q
                         net (fo=2, routed)           0.380     2.042    convert_to_binary/erosion_filter/erosion_line_buffer_reg_n_0_[642][3]
    SLICE_X30Y50         SRLC32E                                      r  convert_to_binary/erosion_filter/erosion_line_buffer_reg[674][3]_srl32/D
  -------------------------------------------------------------------    -------------------

                         (clock sys_clk_pin rise edge)
                                                      0.000     0.000 r  
    N15                                               0.000     0.000 r  clock (IN)
                         net (fo=0)                   0.000     0.000    clock
    N15                  IBUF (Prop_ibuf_I_O)         0.418     0.418 r  clock_IBUF_inst/O
                         net (fo=1, routed)           0.695     1.113    clock_IBUF
    BUFGCTRL_X0Y4        BUFG (Prop_bufg_I_O)         0.029     1.142 r  clock_IBUF_BUFG_inst/O
                         net (fo=166, routed)         0.841     1.983    convert_to_binary/erosion_filter/clock
    SLICE_X30Y50         SRLC32E                                      r  convert_to_binary/erosion_filter/erosion_line_buffer_reg[674][3]_srl32/CLK
                         clock pessimism             -0.250     1.732    
    SLICE_X30Y50         SRLC32E (Hold_srlc32e_CLK_D)
                                                      0.130     1.862    convert_to_binary/erosion_filter/erosion_line_buffer_reg[674][3]_srl32
  -------------------------------------------------------------------
                         required time                         -1.862    
                         arrival time                           2.042    
  -------------------------------------------------------------------
                         slack                                  0.180    

Slack (MET) :             0.212ns  (arrival time - required time)
  Source:                 debounce_clock_out/generate_clock.clock_reg/C
                            (rising edge-triggered cell FDRE clocked by sys_clk_pin  {rise@0.000ns fall@5.000ns period=10.000ns})
  Destination:            debounce_clock_out/generate_clock.clock_reg/D
                            (rising edge-triggered cell FDRE clocked by sys_clk_pin  {rise@0.000ns fall@5.000ns period=10.000ns})
  Path Group:             sys_clk_pin
  Path Type:              Hold (Min at Fast Process Corner)
  Requirement:            0.000ns  (sys_clk_pin rise@0.000ns - sys_clk_pin rise@0.000ns)
  Data Path Delay:        0.303ns  (logic 0.186ns (61.311%)  route 0.117ns (38.689%))
  Logic Levels:           1  (LUT6=1)
  Clock Path Skew:        0.000ns (DCD - SCD - CPR)
    Destination Clock Delay (DCD):    1.982ns
    Source Clock Delay      (SCD):    1.465ns
    Clock Pessimism Removal (CPR):    0.516ns

    Location             Delay type                Incr(ns)  Path(ns)    Netlist Resource(s)
  -------------------------------------------------------------------    -------------------
                         (clock sys_clk_pin rise edge)
                                                      0.000     0.000 r  
    N15                                               0.000     0.000 r  clock (IN)
                         net (fo=0)                   0.000     0.000    clock
    N15                  IBUF (Prop_ibuf_I_O)         0.231     0.231 r  clock_IBUF_inst/O
                         net (fo=1, routed)           0.640     0.871    clock_IBUF
    BUFGCTRL_X0Y4        BUFG (Prop_bufg_I_O)         0.026     0.897 r  clock_IBUF_BUFG_inst/O
                         net (fo=166, routed)         0.569     1.465    debounce_clock_out/clock
    SLICE_X33Y56         FDRE                                         r  debounce_clock_out/generate_clock.clock_reg/C
  -------------------------------------------------------------------    -------------------
    SLICE_X33Y56         FDRE (Prop_fdre_C_Q)         0.141     1.606 r  debounce_clock_out/generate_clock.clock_reg/Q
                         net (fo=11, routed)          0.117     1.724    debounce_clock_out/clock_out
    SLICE_X33Y56         LUT6 (Prop_lut6_I5_O)        0.045     1.769 r  debounce_clock_out/generate_clock.clock_i_1__0/O
                         net (fo=1, routed)           0.000     1.769    debounce_clock_out/generate_clock.clock_i_1__0_n_0
    SLICE_X33Y56         FDRE                                         r  debounce_clock_out/generate_clock.clock_reg/D
  -------------------------------------------------------------------    -------------------

                         (clock sys_clk_pin rise edge)
                                                      0.000     0.000 r  
    N15                                               0.000     0.000 r  clock (IN)
                         net (fo=0)                   0.000     0.000    clock
    N15                  IBUF (Prop_ibuf_I_O)         0.418     0.418 r  clock_IBUF_inst/O
                         net (fo=1, routed)           0.695     1.113    clock_IBUF
    BUFGCTRL_X0Y4        BUFG (Prop_bufg_I_O)         0.029     1.142 r  clock_IBUF_BUFG_inst/O
                         net (fo=166, routed)         0.840     1.982    debounce_clock_out/clock
    SLICE_X33Y56         FDRE                                         r  debounce_clock_out/generate_clock.clock_reg/C
                         clock pessimism             -0.516     1.465    
    SLICE_X33Y56         FDRE (Hold_fdre_C_D)         0.091     1.556    debounce_clock_out/generate_clock.clock_reg
  -------------------------------------------------------------------
                         required time                         -1.556    
                         arrival time                           1.769    
  -------------------------------------------------------------------
                         slack                                  0.212    

Slack (MET) :             0.215ns  (arrival time - required time)
  Source:                 convert_to_binary/dilation_filter/dilation_line_buffer_reg[994][3]_srl32/CLK
                            (rising edge-triggered cell SRLC32E clocked by sys_clk_pin  {rise@0.000ns fall@5.000ns period=10.000ns})
  Destination:            convert_to_binary/dilation_filter/dilation_line_buffer_reg[1026][3]_srl32/D
                            (rising edge-triggered cell SRLC32E clocked by sys_clk_pin  {rise@0.000ns fall@5.000ns period=10.000ns})
  Path Group:             sys_clk_pin
  Path Type:              Hold (Min at Fast Process Corner)
  Requirement:            0.000ns  (sys_clk_pin rise@0.000ns - sys_clk_pin rise@0.000ns)
  Data Path Delay:        0.332ns  (logic 0.332ns (100.000%)  route 0.000ns (0.000%))
  Logic Levels:           0  
  Clock Path Skew:        0.000ns (DCD - SCD - CPR)
    Destination Clock Delay (DCD):    2.051ns
    Source Clock Delay      (SCD):    1.532ns
    Clock Pessimism Removal (CPR):    0.519ns

    Location             Delay type                Incr(ns)  Path(ns)    Netlist Resource(s)
  -------------------------------------------------------------------    -------------------
                         (clock sys_clk_pin rise edge)
                                                      0.000     0.000 r  
    N15                                               0.000     0.000 r  clock (IN)
                         net (fo=0)                   0.000     0.000    clock
    N15                  IBUF (Prop_ibuf_I_O)         0.231     0.231 r  clock_IBUF_inst/O
                         net (fo=1, routed)           0.640     0.871    clock_IBUF
    BUFGCTRL_X0Y4        BUFG (Prop_bufg_I_O)         0.026     0.897 r  clock_IBUF_BUFG_inst/O
                         net (fo=166, routed)         0.635     1.532    convert_to_binary/dilation_filter/clock
    SLICE_X34Y45         SRLC32E                                      r  convert_to_binary/dilation_filter/dilation_line_buffer_reg[994][3]_srl32/CLK
  -------------------------------------------------------------------    -------------------
    SLICE_X34Y45         SRLC32E (Prop_srlc32e_CLK_Q31)
                                                      0.332     1.864 r  convert_to_binary/dilation_filter/dilation_line_buffer_reg[994][3]_srl32/Q31
                         net (fo=1, routed)           0.000     1.864    convert_to_binary/dilation_filter/dilation_line_buffer_reg[994][3]_srl32_n_1
    SLICE_X34Y45         SRLC32E                                      r  convert_to_binary/dilation_filter/dilation_line_buffer_reg[1026][3]_srl32/D
  -------------------------------------------------------------------    -------------------

                         (clock sys_clk_pin rise edge)
                                                      0.000     0.000 r  
    N15                                               0.000     0.000 r  clock (IN)
                         net (fo=0)                   0.000     0.000    clock
    N15                  IBUF (Prop_ibuf_I_O)         0.418     0.418 r  clock_IBUF_inst/O
                         net (fo=1, routed)           0.695     1.113    clock_IBUF
    BUFGCTRL_X0Y4        BUFG (Prop_bufg_I_O)         0.029     1.142 r  clock_IBUF_BUFG_inst/O
                         net (fo=166, routed)         0.909     2.051    convert_to_binary/dilation_filter/clock
    SLICE_X34Y45         SRLC32E                                      r  convert_to_binary/dilation_filter/dilation_line_buffer_reg[1026][3]_srl32/CLK
                         clock pessimism             -0.519     1.532    
    SLICE_X34Y45         SRLC32E (Hold_srlc32e_CLK_D)
                                                      0.117     1.649    convert_to_binary/dilation_filter/dilation_line_buffer_reg[1026][3]_srl32
  -------------------------------------------------------------------
                         required time                         -1.649    
                         arrival time                           1.864    
  -------------------------------------------------------------------
                         slack                                  0.215    

Slack (MET) :             0.215ns  (arrival time - required time)
  Source:                 convert_to_binary/dilation_filter/dilation_line_buffer_reg[1122][3]_srl32/CLK
                            (rising edge-triggered cell SRLC32E clocked by sys_clk_pin  {rise@0.000ns fall@5.000ns period=10.000ns})
  Destination:            convert_to_binary/dilation_filter/dilation_line_buffer_reg[1154][3]_srl32/D
                            (rising edge-triggered cell SRLC32E clocked by sys_clk_pin  {rise@0.000ns fall@5.000ns period=10.000ns})
  Path Group:             sys_clk_pin
  Path Type:              Hold (Min at Fast Process Corner)
  Requirement:            0.000ns  (sys_clk_pin rise@0.000ns - sys_clk_pin rise@0.000ns)
  Data Path Delay:        0.332ns  (logic 0.332ns (100.000%)  route 0.000ns (0.000%))
  Logic Levels:           0  
  Clock Path Skew:        0.000ns (DCD - SCD - CPR)
    Destination Clock Delay (DCD):    2.052ns
    Source Clock Delay      (SCD):    1.533ns
    Clock Pessimism Removal (CPR):    0.519ns

    Location             Delay type                Incr(ns)  Path(ns)    Netlist Resource(s)
  -------------------------------------------------------------------    -------------------
                         (clock sys_clk_pin rise edge)
                                                      0.000     0.000 r  
    N15                                               0.000     0.000 r  clock (IN)
                         net (fo=0)                   0.000     0.000    clock
    N15                  IBUF (Prop_ibuf_I_O)         0.231     0.231 r  clock_IBUF_inst/O
                         net (fo=1, routed)           0.640     0.871    clock_IBUF
    BUFGCTRL_X0Y4        BUFG (Prop_bufg_I_O)         0.026     0.897 r  clock_IBUF_BUFG_inst/O
                         net (fo=166, routed)         0.636     1.533    convert_to_binary/dilation_filter/clock
    SLICE_X30Y45         SRLC32E                                      r  convert_to_binary/dilation_filter/dilation_line_buffer_reg[1122][3]_srl32/CLK
  -------------------------------------------------------------------    -------------------
    SLICE_X30Y45         SRLC32E (Prop_srlc32e_CLK_Q31)
                                                      0.332     1.865 r  convert_to_binary/dilation_filter/dilation_line_buffer_reg[1122][3]_srl32/Q31
                         net (fo=1, routed)           0.000     1.865    convert_to_binary/dilation_filter/dilation_line_buffer_reg[1122][3]_srl32_n_1
    SLICE_X30Y45         SRLC32E                                      r  convert_to_binary/dilation_filter/dilation_line_buffer_reg[1154][3]_srl32/D
  -------------------------------------------------------------------    -------------------

                         (clock sys_clk_pin rise edge)
                                                      0.000     0.000 r  
    N15                                               0.000     0.000 r  clock (IN)
                         net (fo=0)                   0.000     0.000    clock
    N15                  IBUF (Prop_ibuf_I_O)         0.418     0.418 r  clock_IBUF_inst/O
                         net (fo=1, routed)           0.695     1.113    clock_IBUF
    BUFGCTRL_X0Y4        BUFG (Prop_bufg_I_O)         0.029     1.142 r  clock_IBUF_BUFG_inst/O
                         net (fo=166, routed)         0.910     2.052    convert_to_binary/dilation_filter/clock
    SLICE_X30Y45         SRLC32E                                      r  convert_to_binary/dilation_filter/dilation_line_buffer_reg[1154][3]_srl32/CLK
                         clock pessimism             -0.519     1.533    
    SLICE_X30Y45         SRLC32E (Hold_srlc32e_CLK_D)
                                                      0.117     1.650    convert_to_binary/dilation_filter/dilation_line_buffer_reg[1154][3]_srl32
  -------------------------------------------------------------------
                         required time                         -1.650    
                         arrival time                           1.865    
  -------------------------------------------------------------------
                         slack                                  0.215    

Slack (MET) :             0.215ns  (arrival time - required time)
  Source:                 convert_to_binary/dilation_filter/dilation_line_buffer_reg[1250][3]_srl32/CLK
                            (rising edge-triggered cell SRLC32E clocked by sys_clk_pin  {rise@0.000ns fall@5.000ns period=10.000ns})
  Destination:            convert_to_binary/dilation_filter/dilation_line_buffer_reg[1279][3]_srl29/D
                            (rising edge-triggered cell SRLC32E clocked by sys_clk_pin  {rise@0.000ns fall@5.000ns period=10.000ns})
  Path Group:             sys_clk_pin
  Path Type:              Hold (Min at Fast Process Corner)
  Requirement:            0.000ns  (sys_clk_pin rise@0.000ns - sys_clk_pin rise@0.000ns)
  Data Path Delay:        0.332ns  (logic 0.332ns (100.000%)  route 0.000ns (0.000%))
  Logic Levels:           0  
  Clock Path Skew:        0.000ns (DCD - SCD - CPR)
    Destination Clock Delay (DCD):    2.052ns
    Source Clock Delay      (SCD):    1.533ns
    Clock Pessimism Removal (CPR):    0.519ns

    Location             Delay type                Incr(ns)  Path(ns)    Netlist Resource(s)
  -------------------------------------------------------------------    -------------------
                         (clock sys_clk_pin rise edge)
                                                      0.000     0.000 r  
    N15                                               0.000     0.000 r  clock (IN)
                         net (fo=0)                   0.000     0.000    clock
    N15                  IBUF (Prop_ibuf_I_O)         0.231     0.231 r  clock_IBUF_inst/O
                         net (fo=1, routed)           0.640     0.871    clock_IBUF
    BUFGCTRL_X0Y4        BUFG (Prop_bufg_I_O)         0.026     0.897 r  clock_IBUF_BUFG_inst/O
                         net (fo=166, routed)         0.636     1.533    convert_to_binary/dilation_filter/clock
    SLICE_X30Y46         SRLC32E                                      r  convert_to_binary/dilation_filter/dilation_line_buffer_reg[1250][3]_srl32/CLK
  -------------------------------------------------------------------    -------------------
    SLICE_X30Y46         SRLC32E (Prop_srlc32e_CLK_Q31)
                                                      0.332     1.865 r  convert_to_binary/dilation_filter/dilation_line_buffer_reg[1250][3]_srl32/Q31
                         net (fo=1, routed)           0.000     1.865    convert_to_binary/dilation_filter/dilation_line_buffer_reg[1250][3]_srl32_n_1
    SLICE_X30Y46         SRLC32E                                      r  convert_to_binary/dilation_filter/dilation_line_buffer_reg[1279][3]_srl29/D
  -------------------------------------------------------------------    -------------------

                         (clock sys_clk_pin rise edge)
                                                      0.000     0.000 r  
    N15                                               0.000     0.000 r  clock (IN)
                         net (fo=0)                   0.000     0.000    clock
    N15                  IBUF (Prop_ibuf_I_O)         0.418     0.418 r  clock_IBUF_inst/O
                         net (fo=1, routed)           0.695     1.113    clock_IBUF
    BUFGCTRL_X0Y4        BUFG (Prop_bufg_I_O)         0.029     1.142 r  clock_IBUF_BUFG_inst/O
                         net (fo=166, routed)         0.910     2.052    convert_to_binary/dilation_filter/clock
    SLICE_X30Y46         SRLC32E                                      r  convert_to_binary/dilation_filter/dilation_line_buffer_reg[1279][3]_srl29/CLK
                         clock pessimism             -0.519     1.533    
    SLICE_X30Y46         SRLC32E (Hold_srlc32e_CLK_D)
                                                      0.117     1.650    convert_to_binary/dilation_filter/dilation_line_buffer_reg[1279][3]_srl29
  -------------------------------------------------------------------
                         required time                         -1.650    
                         arrival time                           1.865    
  -------------------------------------------------------------------
                         slack                                  0.215    

Slack (MET) :             0.215ns  (arrival time - required time)
  Source:                 convert_to_binary/dilation_filter/dilation_line_buffer_reg[98][3]_srl32/CLK
                            (rising edge-triggered cell SRLC32E clocked by sys_clk_pin  {rise@0.000ns fall@5.000ns period=10.000ns})
  Destination:            convert_to_binary/dilation_filter/dilation_line_buffer_reg[130][3]_srl32/D
                            (rising edge-triggered cell SRLC32E clocked by sys_clk_pin  {rise@0.000ns fall@5.000ns period=10.000ns})
  Path Group:             sys_clk_pin
  Path Type:              Hold (Min at Fast Process Corner)
  Requirement:            0.000ns  (sys_clk_pin rise@0.000ns - sys_clk_pin rise@0.000ns)
  Data Path Delay:        0.332ns  (logic 0.332ns (100.000%)  route 0.000ns (0.000%))
  Logic Levels:           0  
  Clock Path Skew:        0.000ns (DCD - SCD - CPR)
    Destination Clock Delay (DCD):    2.052ns
    Source Clock Delay      (SCD):    1.533ns
    Clock Pessimism Removal (CPR):    0.519ns

    Location             Delay type                Incr(ns)  Path(ns)    Netlist Resource(s)
  -------------------------------------------------------------------    -------------------
                         (clock sys_clk_pin rise edge)
                                                      0.000     0.000 r  
    N15                                               0.000     0.000 r  clock (IN)
                         net (fo=0)                   0.000     0.000    clock
    N15                  IBUF (Prop_ibuf_I_O)         0.231     0.231 r  clock_IBUF_inst/O
                         net (fo=1, routed)           0.640     0.871    clock_IBUF
    BUFGCTRL_X0Y4        BUFG (Prop_bufg_I_O)         0.026     0.897 r  clock_IBUF_BUFG_inst/O
                         net (fo=166, routed)         0.636     1.533    convert_to_binary/dilation_filter/clock
    SLICE_X30Y43         SRLC32E                                      r  convert_to_binary/dilation_filter/dilation_line_buffer_reg[98][3]_srl32/CLK
  -------------------------------------------------------------------    -------------------
    SLICE_X30Y43         SRLC32E (Prop_srlc32e_CLK_Q31)
                                                      0.332     1.865 r  convert_to_binary/dilation_filter/dilation_line_buffer_reg[98][3]_srl32/Q31
                         net (fo=1, routed)           0.000     1.865    convert_to_binary/dilation_filter/dilation_line_buffer_reg[98][3]_srl32_n_1
    SLICE_X30Y43         SRLC32E                                      r  convert_to_binary/dilation_filter/dilation_line_buffer_reg[130][3]_srl32/D
  -------------------------------------------------------------------    -------------------

                         (clock sys_clk_pin rise edge)
                                                      0.000     0.000 r  
    N15                                               0.000     0.000 r  clock (IN)
                         net (fo=0)                   0.000     0.000    clock
    N15                  IBUF (Prop_ibuf_I_O)         0.418     0.418 r  clock_IBUF_inst/O
                         net (fo=1, routed)           0.695     1.113    clock_IBUF
    BUFGCTRL_X0Y4        BUFG (Prop_bufg_I_O)         0.029     1.142 r  clock_IBUF_BUFG_inst/O
                         net (fo=166, routed)         0.910     2.052    convert_to_binary/dilation_filter/clock
    SLICE_X30Y43         SRLC32E                                      r  convert_to_binary/dilation_filter/dilation_line_buffer_reg[130][3]_srl32/CLK
                         clock pessimism             -0.519     1.533    
    SLICE_X30Y43         SRLC32E (Hold_srlc32e_CLK_D)
                                                      0.117     1.650    convert_to_binary/dilation_filter/dilation_line_buffer_reg[130][3]_srl32
  -------------------------------------------------------------------
                         required time                         -1.650    
                         arrival time                           1.865    
  -------------------------------------------------------------------
                         slack                                  0.215    





Pulse Width Checks
--------------------------------------------------------------------------------------
Clock Name:         sys_clk_pin
Waveform(ns):       { 0.000 5.000 }
Period(ns):         10.000
Sources:            { clock }

Check Type        Corner  Lib Pin      Reference Pin  Required(ns)  Actual(ns)  Slack(ns)  Location       Pin
Min Period        n/a     BUFG/I       n/a            2.155         10.000      7.845      BUFGCTRL_X0Y4  clock_IBUF_BUFG_inst/I
Min Period        n/a     FDRE/C       n/a            1.000         10.000      9.000      SLICE_X55Y99   camera_status/generate_clock.delay_reg[0]/C
Min Period        n/a     FDRE/C       n/a            1.000         10.000      9.000      SLICE_X57Y99   camera_status/generate_clock.delay_reg[1]/C
Min Period        n/a     FDRE/C       n/a            1.000         10.000      9.000      SLICE_X57Y99   camera_status/generate_clock.delay_reg[2]/C
Min Period        n/a     FDRE/C       n/a            1.000         10.000      9.000      SLICE_X57Y99   camera_status/generate_clock.delay_reg[3]/C
Min Period        n/a     FDRE/C       n/a            1.000         10.000      9.000      SLICE_X57Y99   camera_status/generate_clock.delay_reg[4]/C
Min Period        n/a     FDRE/C       n/a            1.000         10.000      9.000      SLICE_X57Y99   camera_status/generate_clock.delay_reg[5]/C
Min Period        n/a     FDRE/C       n/a            1.000         10.000      9.000      SLICE_X55Y99   camera_status/generate_clock.delay_reg[6]/C
Min Period        n/a     FDRE/C       n/a            1.000         10.000      9.000      SLICE_X52Y94   camera_status/generate_clock.reset_delay_reg[0]/C
Min Period        n/a     FDRE/C       n/a            1.000         10.000      9.000      SLICE_X52Y96   camera_status/generate_clock.reset_delay_reg[10]/C
Low Pulse Width   Slow    SRLC32E/CLK  n/a            0.980         5.000       4.020      SLICE_X34Y45   convert_to_binary/dilation_filter/dilation_line_buffer_reg[1026][3]_srl32/CLK
Low Pulse Width   Fast    SRLC32E/CLK  n/a            0.980         5.000       4.020      SLICE_X34Y45   convert_to_binary/dilation_filter/dilation_line_buffer_reg[1026][3]_srl32/CLK
Low Pulse Width   Slow    SRLC32E/CLK  n/a            0.980         5.000       4.020      SLICE_X30Y45   convert_to_binary/dilation_filter/dilation_line_buffer_reg[1058][3]_srl32/CLK
Low Pulse Width   Fast    SRLC32E/CLK  n/a            0.980         5.000       4.020      SLICE_X30Y45   convert_to_binary/dilation_filter/dilation_line_buffer_reg[1058][3]_srl32/CLK
Low Pulse Width   Slow    SRLC32E/CLK  n/a            0.980         5.000       4.020      SLICE_X30Y45   convert_to_binary/dilation_filter/dilation_line_buffer_reg[1090][3]_srl32/CLK
Low Pulse Width   Fast    SRLC32E/CLK  n/a            0.980         5.000       4.020      SLICE_X30Y45   convert_to_binary/dilation_filter/dilation_line_buffer_reg[1090][3]_srl32/CLK
Low Pulse Width   Slow    SRLC32E/CLK  n/a            0.980         5.000       4.020      SLICE_X30Y45   convert_to_binary/dilation_filter/dilation_line_buffer_reg[1122][3]_srl32/CLK
Low Pulse Width   Fast    SRLC32E/CLK  n/a            0.980         5.000       4.020      SLICE_X30Y45   convert_to_binary/dilation_filter/dilation_line_buffer_reg[1122][3]_srl32/CLK
Low Pulse Width   Slow    SRLC32E/CLK  n/a            0.980         5.000       4.020      SLICE_X30Y45   convert_to_binary/dilation_filter/dilation_line_buffer_reg[1154][3]_srl32/CLK
Low Pulse Width   Fast    SRLC32E/CLK  n/a            0.980         5.000       4.020      SLICE_X30Y45   convert_to_binary/dilation_filter/dilation_line_buffer_reg[1154][3]_srl32/CLK
High Pulse Width  Slow    SRLC32E/CLK  n/a            0.980         5.000       4.020      SLICE_X34Y45   convert_to_binary/dilation_filter/dilation_line_buffer_reg[1026][3]_srl32/CLK
High Pulse Width  Fast    SRLC32E/CLK  n/a            0.980         5.000       4.020      SLICE_X34Y45   convert_to_binary/dilation_filter/dilation_line_buffer_reg[1026][3]_srl32/CLK
High Pulse Width  Slow    SRLC32E/CLK  n/a            0.980         5.000       4.020      SLICE_X30Y45   convert_to_binary/dilation_filter/dilation_line_buffer_reg[1058][3]_srl32/CLK
High Pulse Width  Fast    SRLC32E/CLK  n/a            0.980         5.000       4.020      SLICE_X30Y45   convert_to_binary/dilation_filter/dilation_line_buffer_reg[1058][3]_srl32/CLK
High Pulse Width  Slow    SRLC32E/CLK  n/a            0.980         5.000       4.020      SLICE_X30Y45   convert_to_binary/dilation_filter/dilation_line_buffer_reg[1090][3]_srl32/CLK
High Pulse Width  Fast    SRLC32E/CLK  n/a            0.980         5.000       4.020      SLICE_X30Y45   convert_to_binary/dilation_filter/dilation_line_buffer_reg[1090][3]_srl32/CLK
High Pulse Width  Slow    SRLC32E/CLK  n/a            0.980         5.000       4.020      SLICE_X30Y45   convert_to_binary/dilation_filter/dilation_line_buffer_reg[1122][3]_srl32/CLK
High Pulse Width  Fast    SRLC32E/CLK  n/a            0.980         5.000       4.020      SLICE_X30Y45   convert_to_binary/dilation_filter/dilation_line_buffer_reg[1122][3]_srl32/CLK
High Pulse Width  Slow    SRLC32E/CLK  n/a            0.980         5.000       4.020      SLICE_X30Y45   convert_to_binary/dilation_filter/dilation_line_buffer_reg[1154][3]_srl32/CLK
High Pulse Width  Fast    SRLC32E/CLK  n/a            0.980         5.000       4.020      SLICE_X30Y45   convert_to_binary/dilation_filter/dilation_line_buffer_reg[1154][3]_srl32/CLK



--------------------------------------------------------------------------------------
Path Group:  (none)
From Clock:  
  To Clock:  

Max Delay         19802 Endpoints
Min Delay         19802 Endpoints
--------------------------------------------------------------------------------------


Max Delay Paths
--------------------------------------------------------------------------------------
Slack:                    inf
  Source:                 video_sobel_image/sobel_line_buffer_reg[2][1]/C
                            (rising edge-triggered cell FDRE)
  Destination:            vga_blue[2]
                            (output port)
  Path Group:             (none)
  Path Type:              Max at Slow Process Corner
  Data Path Delay:        24.650ns  (logic 8.121ns (32.944%)  route 16.529ns (67.056%))
  Logic Levels:           18  (CARRY4=3 FDRE=1 LUT2=1 LUT4=3 LUT5=3 LUT6=6 OBUF=1)

    Location             Delay type                Incr(ns)  Path(ns)    Netlist Resource(s)
  -------------------------------------------------------------------    -------------------
    SLICE_X37Y52         FDRE                         0.000     0.000 r  video_sobel_image/sobel_line_buffer_reg[2][1]/C
    SLICE_X37Y52         FDRE (Prop_fdre_C_Q)         0.456     0.456 r  video_sobel_image/sobel_line_buffer_reg[2][1]/Q
                         net (fo=7, routed)           0.992     1.448    video_sobel_image/sobel_line_buffer_reg[2][1]
    SLICE_X39Y50         LUT4 (Prop_lut4_I0_O)        0.152     1.600 r  video_sobel_image/i__carry_i_33/O
                         net (fo=3, routed)           0.728     2.328    video_sobel_image/i__carry_i_33_n_0
    SLICE_X39Y53         LUT4 (Prop_lut4_I3_O)        0.352     2.680 r  video_sobel_image/i__carry_i_29/O
                         net (fo=2, routed)           0.448     3.128    video_sobel_image/i__carry_i_29_n_0
    SLICE_X39Y53         LUT6 (Prop_lut6_I0_O)        0.326     3.454 r  video_sobel_image/i__carry_i_23/O
                         net (fo=4, routed)           0.601     4.055    video_sobel_image/i__carry_i_23_n_0
    SLICE_X39Y54         LUT5 (Prop_lut5_I0_O)        0.124     4.179 f  video_sobel_image/i__carry__0_i_5__0/O
                         net (fo=3, routed)           0.816     4.994    video_sobel_image/i__carry__0_i_5__0_n_0
    SLICE_X42Y54         LUT5 (Prop_lut5_I1_O)        0.124     5.118 r  video_sobel_image/i__carry_i_10__0/O
                         net (fo=6, routed)           0.920     6.039    video_sobel_image/i__carry_i_10__0_n_0
    SLICE_X41Y54         LUT6 (Prop_lut6_I1_O)        0.124     6.163 r  video_sobel_image/i__carry_i_3/O
                         net (fo=2, routed)           0.817     6.980    video_sobel_image/p_1_in[1]
    SLICE_X40Y53         LUT6 (Prop_lut6_I0_O)        0.124     7.104 r  video_sobel_image/i__carry_i_7__0/O
                         net (fo=1, routed)           0.000     7.104    video_sobel_image/i__carry_i_7__0_n_0
    SLICE_X40Y53         CARRY4 (Prop_carry4_S[1]_CO[3])
                                                      0.550     7.654 r  video_sobel_image/_inferred__4/i__carry/CO[3]
                         net (fo=1, routed)           0.000     7.654    video_sobel_image/_inferred__4/i__carry_n_0
    SLICE_X40Y54         CARRY4 (Prop_carry4_CI_O[1])
                                                      0.334     7.988 r  video_sobel_image/_inferred__4/i__carry__0/O[1]
                         net (fo=3, routed)           1.177     9.165    video_sobel_image/_inferred__4/i__carry__0_n_6
    SLICE_X36Y53         LUT2 (Prop_lut2_I0_O)        0.303     9.468 r  video_sobel_image/oled_graphics_buffer_reg_0_7_0_0_i_12/O
                         net (fo=1, routed)           0.000     9.468    video_sobel_image/oled_graphics_buffer_reg_0_7_0_0_i_12_n_0
    SLICE_X36Y53         CARRY4 (Prop_carry4_S[1]_O[2])
                                                      0.580    10.048 r  video_sobel_image/oled_graphics_buffer_reg_0_7_0_0_i_8/O[2]
                         net (fo=1, routed)           0.784    10.831    video_sobel_image/oled_graphics_buffer_reg_0_7_0_0_i_8_n_5
    SLICE_X37Y53         LUT6 (Prop_lut6_I1_O)        0.302    11.133 r  video_sobel_image/oled_graphics_buffer_reg_0_7_0_0_i_5/O
                         net (fo=9, routed)           1.557    12.691    camera_video/sobel_pixel[0]
    SLICE_X28Y37         LUT5 (Prop_lut5_I1_O)        0.124    12.815 r  camera_video/vga_red_OBUF[2]_inst_i_6/O
                         net (fo=3, routed)           1.586    14.401    camera_video/vga_red_OBUF[2]_inst_i_6_n_0
    SLICE_X26Y32         LUT6 (Prop_lut6_I1_O)        0.124    14.525 r  camera_video/vga_blue_OBUF[2]_inst_i_4/O
                         net (fo=1, routed)           0.999    15.524    camera_video/timing/video_pixel[2]
    SLICE_X26Y33         LUT4 (Prop_lut4_I3_O)        0.152    15.676 r  camera_video/timing/vga_blue_OBUF[2]_inst_i_3/O
                         net (fo=1, routed)           0.785    16.460    camera_video/timing/vga_blue_OBUF[2]_inst_i_3_n_0
    SLICE_X26Y37         LUT6 (Prop_lut6_I5_O)        0.326    16.786 r  camera_video/timing/vga_blue_OBUF[2]_inst_i_1/O
                         net (fo=1, routed)           4.320    21.106    vga_blue_OBUF[2]
    K18                  OBUF (Prop_obuf_I_O)         3.544    24.650 r  vga_blue_OBUF[2]_inst/O
                         net (fo=0)                   0.000    24.650    vga_blue[2]
    K18                                                               r  vga_blue[2] (OUT)
  -------------------------------------------------------------------    -------------------

Slack:                    inf
  Source:                 video_sobel_image/sobel_line_buffer_reg[2][1]/C
                            (rising edge-triggered cell FDRE)
  Destination:            vga_green[3]
                            (output port)
  Path Group:             (none)
  Path Type:              Max at Slow Process Corner
  Data Path Delay:        23.585ns  (logic 7.551ns (32.017%)  route 16.034ns (67.983%))
  Logic Levels:           17  (CARRY4=3 FDRE=1 LUT2=1 LUT4=2 LUT5=2 LUT6=7 OBUF=1)

    Location             Delay type                Incr(ns)  Path(ns)    Netlist Resource(s)
  -------------------------------------------------------------------    -------------------
    SLICE_X37Y52         FDRE                         0.000     0.000 r  video_sobel_image/sobel_line_buffer_reg[2][1]/C
    SLICE_X37Y52         FDRE (Prop_fdre_C_Q)         0.456     0.456 r  video_sobel_image/sobel_line_buffer_reg[2][1]/Q
                         net (fo=7, routed)           0.992     1.448    video_sobel_image/sobel_line_buffer_reg[2][1]
    SLICE_X39Y50         LUT4 (Prop_lut4_I0_O)        0.152     1.600 r  video_sobel_image/i__carry_i_33/O
                         net (fo=3, routed)           0.728     2.328    video_sobel_image/i__carry_i_33_n_0
    SLICE_X39Y53         LUT4 (Prop_lut4_I3_O)        0.352     2.680 r  video_sobel_image/i__carry_i_29/O
                         net (fo=2, routed)           0.448     3.128    video_sobel_image/i__carry_i_29_n_0
    SLICE_X39Y53         LUT6 (Prop_lut6_I0_O)        0.326     3.454 r  video_sobel_image/i__carry_i_23/O
                         net (fo=4, routed)           0.601     4.055    video_sobel_image/i__carry_i_23_n_0
    SLICE_X39Y54         LUT5 (Prop_lut5_I0_O)        0.124     4.179 f  video_sobel_image/i__carry__0_i_5__0/O
                         net (fo=3, routed)           0.816     4.994    video_sobel_image/i__carry__0_i_5__0_n_0
    SLICE_X42Y54         LUT5 (Prop_lut5_I1_O)        0.124     5.118 r  video_sobel_image/i__carry_i_10__0/O
                         net (fo=6, routed)           0.920     6.039    video_sobel_image/i__carry_i_10__0_n_0
    SLICE_X41Y54         LUT6 (Prop_lut6_I1_O)        0.124     6.163 r  video_sobel_image/i__carry_i_3/O
                         net (fo=2, routed)           0.817     6.980    video_sobel_image/p_1_in[1]
    SLICE_X40Y53         LUT6 (Prop_lut6_I0_O)        0.124     7.104 r  video_sobel_image/i__carry_i_7__0/O
                         net (fo=1, routed)           0.000     7.104    video_sobel_image/i__carry_i_7__0_n_0
    SLICE_X40Y53         CARRY4 (Prop_carry4_S[1]_CO[3])
                                                      0.550     7.654 r  video_sobel_image/_inferred__4/i__carry/CO[3]
                         net (fo=1, routed)           0.000     7.654    video_sobel_image/_inferred__4/i__carry_n_0
    SLICE_X40Y54         CARRY4 (Prop_carry4_CI_O[1])
                                                      0.334     7.988 r  video_sobel_image/_inferred__4/i__carry__0/O[1]
                         net (fo=3, routed)           1.177     9.165    video_sobel_image/_inferred__4/i__carry__0_n_6
    SLICE_X36Y53         LUT2 (Prop_lut2_I0_O)        0.303     9.468 r  video_sobel_image/oled_graphics_buffer_reg_0_7_0_0_i_12/O
                         net (fo=1, routed)           0.000     9.468    video_sobel_image/oled_graphics_buffer_reg_0_7_0_0_i_12_n_0
    SLICE_X36Y53         CARRY4 (Prop_carry4_S[1]_CO[3])
                                                      0.550    10.018 r  video_sobel_image/oled_graphics_buffer_reg_0_7_0_0_i_8/CO[3]
                         net (fo=1, routed)           0.966    10.984    video_sobel_image/oled_graphics_buffer_reg_0_7_0_0_i_8_n_0
    SLICE_X37Y53         LUT6 (Prop_lut6_I1_O)        0.124    11.108 r  video_sobel_image/oled_graphics_buffer_reg_0_7_0_0_i_4/O
                         net (fo=9, routed)           1.630    12.737    camera_video/sobel_pixel[1]
    SLICE_X29Y37         LUT6 (Prop_lut6_I4_O)        0.124    12.861 r  camera_video/vga_red_OBUF[3]_inst_i_11/O
                         net (fo=3, routed)           1.220    14.081    camera_video/vga_red_OBUF[3]_inst_i_11_n_0
    SLICE_X26Y33         LUT6 (Prop_lut6_I1_O)        0.124    14.205 r  camera_video/vga_green_OBUF[3]_inst_i_2/O
                         net (fo=1, routed)           0.946    15.151    camera_video/timing/video_pixel[7]
    SLICE_X25Y35         LUT6 (Prop_lut6_I2_O)        0.124    15.275 r  camera_video/timing/vga_green_OBUF[3]_inst_i_1/O
                         net (fo=1, routed)           4.773    20.049    vga_green_OBUF[3]
    D17                  OBUF (Prop_obuf_I_O)         3.536    23.585 r  vga_green_OBUF[3]_inst/O
                         net (fo=0)                   0.000    23.585    vga_green[3]
    D17                                                               r  vga_green[3] (OUT)
  -------------------------------------------------------------------    -------------------

Slack:                    inf
  Source:                 video_sobel_image/sobel_line_buffer_reg[2][1]/C
                            (rising edge-triggered cell FDRE)
  Destination:            vga_blue[3]
                            (output port)
  Path Group:             (none)
  Path Type:              Max at Slow Process Corner
  Data Path Delay:        23.185ns  (logic 7.675ns (33.102%)  route 15.510ns (66.898%))
  Logic Levels:           18  (CARRY4=3 FDRE=1 LUT2=1 LUT4=3 LUT5=2 LUT6=7 OBUF=1)

    Location             Delay type                Incr(ns)  Path(ns)    Netlist Resource(s)
  -------------------------------------------------------------------    -------------------
    SLICE_X37Y52         FDRE                         0.000     0.000 r  video_sobel_image/sobel_line_buffer_reg[2][1]/C
    SLICE_X37Y52         FDRE (Prop_fdre_C_Q)         0.456     0.456 r  video_sobel_image/sobel_line_buffer_reg[2][1]/Q
                         net (fo=7, routed)           0.992     1.448    video_sobel_image/sobel_line_buffer_reg[2][1]
    SLICE_X39Y50         LUT4 (Prop_lut4_I0_O)        0.152     1.600 r  video_sobel_image/i__carry_i_33/O
                         net (fo=3, routed)           0.728     2.328    video_sobel_image/i__carry_i_33_n_0
    SLICE_X39Y53         LUT4 (Prop_lut4_I3_O)        0.352     2.680 r  video_sobel_image/i__carry_i_29/O
                         net (fo=2, routed)           0.448     3.128    video_sobel_image/i__carry_i_29_n_0
    SLICE_X39Y53         LUT6 (Prop_lut6_I0_O)        0.326     3.454 r  video_sobel_image/i__carry_i_23/O
                         net (fo=4, routed)           0.601     4.055    video_sobel_image/i__carry_i_23_n_0
    SLICE_X39Y54         LUT5 (Prop_lut5_I0_O)        0.124     4.179 f  video_sobel_image/i__carry__0_i_5__0/O
                         net (fo=3, routed)           0.816     4.994    video_sobel_image/i__carry__0_i_5__0_n_0
    SLICE_X42Y54         LUT5 (Prop_lut5_I1_O)        0.124     5.118 r  video_sobel_image/i__carry_i_10__0/O
                         net (fo=6, routed)           0.920     6.039    video_sobel_image/i__carry_i_10__0_n_0
    SLICE_X41Y54         LUT6 (Prop_lut6_I1_O)        0.124     6.163 r  video_sobel_image/i__carry_i_3/O
                         net (fo=2, routed)           0.817     6.980    video_sobel_image/p_1_in[1]
    SLICE_X40Y53         LUT6 (Prop_lut6_I0_O)        0.124     7.104 r  video_sobel_image/i__carry_i_7__0/O
                         net (fo=1, routed)           0.000     7.104    video_sobel_image/i__carry_i_7__0_n_0
    SLICE_X40Y53         CARRY4 (Prop_carry4_S[1]_CO[3])
                                                      0.550     7.654 r  video_sobel_image/_inferred__4/i__carry/CO[3]
                         net (fo=1, routed)           0.000     7.654    video_sobel_image/_inferred__4/i__carry_n_0
    SLICE_X40Y54         CARRY4 (Prop_carry4_CI_O[1])
                                                      0.334     7.988 r  video_sobel_image/_inferred__4/i__carry__0/O[1]
                         net (fo=3, routed)           1.177     9.165    video_sobel_image/_inferred__4/i__carry__0_n_6
    SLICE_X36Y53         LUT2 (Prop_lut2_I0_O)        0.303     9.468 r  video_sobel_image/oled_graphics_buffer_reg_0_7_0_0_i_12/O
                         net (fo=1, routed)           0.000     9.468    video_sobel_image/oled_graphics_buffer_reg_0_7_0_0_i_12_n_0
    SLICE_X36Y53         CARRY4 (Prop_carry4_S[1]_CO[3])
                                                      0.550    10.018 r  video_sobel_image/oled_graphics_buffer_reg_0_7_0_0_i_8/CO[3]
                         net (fo=1, routed)           0.966    10.984    video_sobel_image/oled_graphics_buffer_reg_0_7_0_0_i_8_n_0
    SLICE_X37Y53         LUT6 (Prop_lut6_I1_O)        0.124    11.108 r  video_sobel_image/oled_graphics_buffer_reg_0_7_0_0_i_4/O
                         net (fo=9, routed)           1.630    12.737    camera_video/sobel_pixel[1]
    SLICE_X29Y37         LUT6 (Prop_lut6_I4_O)        0.124    12.861 r  camera_video/vga_red_OBUF[3]_inst_i_11/O
                         net (fo=3, routed)           0.995    13.856    camera_video/vga_red_OBUF[3]_inst_i_11_n_0
    SLICE_X27Y33         LUT6 (Prop_lut6_I1_O)        0.124    13.980 r  camera_video/vga_blue_OBUF[3]_inst_i_6/O
                         net (fo=1, routed)           0.810    14.790    camera_video/timing/video_pixel[3]
    SLICE_X26Y35         LUT4 (Prop_lut4_I3_O)        0.124    14.914 r  camera_video/timing/vga_blue_OBUF[3]_inst_i_3/O
                         net (fo=1, routed)           0.158    15.073    camera_video/timing/vga_blue_OBUF[3]_inst_i_3_n_0
    SLICE_X26Y35         LUT6 (Prop_lut6_I2_O)        0.124    15.197 r  camera_video/timing/vga_blue_OBUF[3]_inst_i_1/O
                         net (fo=1, routed)           4.453    19.649    vga_blue_OBUF[3]
    J18                  OBUF (Prop_obuf_I_O)         3.536    23.185 r  vga_blue_OBUF[3]_inst/O
                         net (fo=0)                   0.000    23.185    vga_blue[3]
    J18                                                               r  vga_blue[3] (OUT)
  -------------------------------------------------------------------    -------------------

Slack:                    inf
  Source:                 video_sobel_image/sobel_line_buffer_reg[2][1]/C
                            (rising edge-triggered cell FDRE)
  Destination:            vga_green[2]
                            (output port)
  Path Group:             (none)
  Path Type:              Max at Slow Process Corner
  Data Path Delay:        23.048ns  (logic 7.744ns (33.600%)  route 15.304ns (66.400%))
  Logic Levels:           17  (CARRY4=3 FDRE=1 LUT2=1 LUT4=2 LUT5=3 LUT6=6 OBUF=1)

    Location             Delay type                Incr(ns)  Path(ns)    Netlist Resource(s)
  -------------------------------------------------------------------    -------------------
    SLICE_X37Y52         FDRE                         0.000     0.000 r  video_sobel_image/sobel_line_buffer_reg[2][1]/C
    SLICE_X37Y52         FDRE (Prop_fdre_C_Q)         0.456     0.456 r  video_sobel_image/sobel_line_buffer_reg[2][1]/Q
                         net (fo=7, routed)           0.992     1.448    video_sobel_image/sobel_line_buffer_reg[2][1]
    SLICE_X39Y50         LUT4 (Prop_lut4_I0_O)        0.152     1.600 r  video_sobel_image/i__carry_i_33/O
                         net (fo=3, routed)           0.728     2.328    video_sobel_image/i__carry_i_33_n_0
    SLICE_X39Y53         LUT4 (Prop_lut4_I3_O)        0.352     2.680 r  video_sobel_image/i__carry_i_29/O
                         net (fo=2, routed)           0.448     3.128    video_sobel_image/i__carry_i_29_n_0
    SLICE_X39Y53         LUT6 (Prop_lut6_I0_O)        0.326     3.454 r  video_sobel_image/i__carry_i_23/O
                         net (fo=4, routed)           0.601     4.055    video_sobel_image/i__carry_i_23_n_0
    SLICE_X39Y54         LUT5 (Prop_lut5_I0_O)        0.124     4.179 f  video_sobel_image/i__carry__0_i_5__0/O
                         net (fo=3, routed)           0.816     4.994    video_sobel_image/i__carry__0_i_5__0_n_0
    SLICE_X42Y54         LUT5 (Prop_lut5_I1_O)        0.124     5.118 r  video_sobel_image/i__carry_i_10__0/O
                         net (fo=6, routed)           0.920     6.039    video_sobel_image/i__carry_i_10__0_n_0
    SLICE_X41Y54         LUT6 (Prop_lut6_I1_O)        0.124     6.163 r  video_sobel_image/i__carry_i_3/O
                         net (fo=2, routed)           0.817     6.980    video_sobel_image/p_1_in[1]
    SLICE_X40Y53         LUT6 (Prop_lut6_I0_O)        0.124     7.104 r  video_sobel_image/i__carry_i_7__0/O
                         net (fo=1, routed)           0.000     7.104    video_sobel_image/i__carry_i_7__0_n_0
    SLICE_X40Y53         CARRY4 (Prop_carry4_S[1]_CO[3])
                                                      0.550     7.654 r  video_sobel_image/_inferred__4/i__carry/CO[3]
                         net (fo=1, routed)           0.000     7.654    video_sobel_image/_inferred__4/i__carry_n_0
    SLICE_X40Y54         CARRY4 (Prop_carry4_CI_O[1])
                                                      0.334     7.988 r  video_sobel_image/_inferred__4/i__carry__0/O[1]
                         net (fo=3, routed)           1.177     9.165    video_sobel_image/_inferred__4/i__carry__0_n_6
    SLICE_X36Y53         LUT2 (Prop_lut2_I0_O)        0.303     9.468 r  video_sobel_image/oled_graphics_buffer_reg_0_7_0_0_i_12/O
                         net (fo=1, routed)           0.000     9.468    video_sobel_image/oled_graphics_buffer_reg_0_7_0_0_i_12_n_0
    SLICE_X36Y53         CARRY4 (Prop_carry4_S[1]_O[2])
                                                      0.580    10.048 r  video_sobel_image/oled_graphics_buffer_reg_0_7_0_0_i_8/O[2]
                         net (fo=1, routed)           0.784    10.831    video_sobel_image/oled_graphics_buffer_reg_0_7_0_0_i_8_n_5
    SLICE_X37Y53         LUT6 (Prop_lut6_I1_O)        0.302    11.133 r  video_sobel_image/oled_graphics_buffer_reg_0_7_0_0_i_5/O
                         net (fo=9, routed)           1.557    12.691    camera_video/sobel_pixel[0]
    SLICE_X28Y37         LUT5 (Prop_lut5_I1_O)        0.124    12.815 r  camera_video/vga_red_OBUF[2]_inst_i_6/O
                         net (fo=3, routed)           1.108    13.922    camera_video/vga_red_OBUF[2]_inst_i_6_n_0
    SLICE_X25Y35         LUT6 (Prop_lut6_I1_O)        0.124    14.046 r  camera_video/vga_green_OBUF[2]_inst_i_2/O
                         net (fo=1, routed)           0.502    14.548    camera_video/timing/video_pixel[6]
    SLICE_X24Y35         LUT6 (Prop_lut6_I5_O)        0.124    14.672 r  camera_video/timing/vga_green_OBUF[2]_inst_i_1/O
                         net (fo=1, routed)           4.855    19.527    vga_green_OBUF[2]
    G17                  OBUF (Prop_obuf_I_O)         3.521    23.048 r  vga_green_OBUF[2]_inst/O
                         net (fo=0)                   0.000    23.048    vga_green[2]
    G17                                                               r  vga_green[2] (OUT)
  -------------------------------------------------------------------    -------------------

Slack:                    inf
  Source:                 camera_video/timing/h_dot_int_reg[3]/C
                            (rising edge-triggered cell FDRE)
  Destination:            vga_green[1]
                            (output port)
  Path Group:             (none)
  Path Type:              Max at Slow Process Corner
  Data Path Delay:        22.784ns  (logic 6.741ns (29.588%)  route 16.043ns (70.412%))
  Logic Levels:           15  (CARRY4=2 FDRE=1 LUT2=3 LUT3=2 LUT6=6 OBUF=1)

    Location             Delay type                Incr(ns)  Path(ns)    Netlist Resource(s)
  -------------------------------------------------------------------    -------------------
    SLICE_X20Y33         FDRE                         0.000     0.000 r  camera_video/timing/h_dot_int_reg[3]/C
    SLICE_X20Y33         FDRE (Prop_fdre_C_Q)         0.459     0.459 r  camera_video/timing/h_dot_int_reg[3]/Q
                         net (fo=54, routed)          2.135     2.594    camera_video/timing/h_dot[3]
    SLICE_X32Y29         LUT3 (Prop_lut3_I2_O)        0.152     2.746 r  camera_video/timing/vga_blue_OBUF[3]_inst_i_117/O
                         net (fo=24, routed)          1.893     4.640    histogram_gray/vga_blue_OBUF[3]_inst_i_28_2
    SLICE_X38Y20         LUT6 (Prop_lut6_I3_O)        0.326     4.966 f  histogram_gray/vga_blue_OBUF[3]_inst_i_75/O
                         net (fo=1, routed)           0.952     5.918    histogram_gray/vga_blue_OBUF[3]_inst_i_75_n_0
    SLICE_X38Y23         LUT6 (Prop_lut6_I2_O)        0.124     6.042 f  histogram_gray/vga_blue_OBUF[3]_inst_i_30/O
                         net (fo=4, routed)           1.056     7.097    histogram_gray/R[1]
    SLICE_X37Y29         LUT2 (Prop_lut2_I0_O)        0.124     7.221 r  histogram_gray/vga_blue_OBUF[3]_inst_i_121/O
                         net (fo=3, routed)           0.276     7.497    histogram_gray/vga_blue_OBUF[3]_inst_i_28_0
    SLICE_X37Y29         LUT2 (Prop_lut2_I0_O)        0.124     7.621 r  histogram_gray/vga_blue_OBUF[3]_inst_i_98/O
                         net (fo=6, routed)           0.333     7.954    histogram_gray/vga_blue_OBUF[3]_inst_i_98_n_0
    SLICE_X37Y30         LUT6 (Prop_lut6_I2_O)        0.124     8.078 r  histogram_gray/vga_blue_OBUF[3]_inst_i_90/O
                         net (fo=1, routed)           0.568     8.646    histogram_gray/vga_blue_OBUF[3]_inst_i_90_n_0
    SLICE_X36Y30         CARRY4 (Prop_carry4_DI[2]_CO[3])
                                                      0.398     9.044 r  histogram_gray/vga_blue_OBUF[3]_inst_i_34/CO[3]
                         net (fo=1, routed)           0.000     9.044    histogram_gray/vga_blue_OBUF[3]_inst_i_34_n_0
    SLICE_X36Y31         CARRY4 (Prop_carry4_CI_CO[0])
                                                      0.271     9.315 f  histogram_gray/vga_blue_OBUF[3]_inst_i_11/CO[0]
                         net (fo=2, routed)           0.613     9.928    histogram_gray/vga_blue_OBUF[3]_inst_i_36_0[0]
    SLICE_X34Y32         LUT2 (Prop_lut2_I1_O)        0.399    10.327 r  histogram_gray/vga_red_OBUF[2]_inst_i_14/O
                         net (fo=1, routed)           0.584    10.911    camera_video/timing/vga_red_OBUF[2]_inst_i_4_0
    SLICE_X33Y32         LUT6 (Prop_lut6_I0_O)        0.348    11.259 r  camera_video/timing/vga_red_OBUF[2]_inst_i_10/O
                         net (fo=1, routed)           0.807    12.065    camera_video/timing/histogram_gray_pixel[10]
    SLICE_X31Y33         LUT3 (Prop_lut3_I2_O)        0.124    12.189 r  camera_video/timing/vga_red_OBUF[2]_inst_i_4/O
                         net (fo=2, routed)           0.677    12.866    camera_video/timing/vga_red_OBUF[2]_inst_i_4_n_0
    SLICE_X31Y33         LUT6 (Prop_lut6_I0_O)        0.124    12.990 r  camera_video/timing/vga_red_OBUF[2]_inst_i_2/O
                         net (fo=6, routed)           1.126    14.116    camera_video/timing/vga_red_OBUF[2]_inst_i_2_n_0
    SLICE_X26Y35         LUT6 (Prop_lut6_I1_O)        0.124    14.240 r  camera_video/timing/vga_green_OBUF[1]_inst_i_1/O
                         net (fo=1, routed)           5.024    19.264    vga_green_OBUF[1]
    H17                  OBUF (Prop_obuf_I_O)         3.520    22.784 r  vga_green_OBUF[1]_inst/O
                         net (fo=0)                   0.000    22.784    vga_green[1]
    H17                                                               r  vga_green[1] (OUT)
  -------------------------------------------------------------------    -------------------

Slack:                    inf
  Source:                 video_sobel_image/sobel_line_buffer_reg[2][1]/C
                            (rising edge-triggered cell FDRE)
  Destination:            camera_status/oled_graphics_buffer_reg_0_7_645_645/DP/I
  Path Group:             (none)
  Path Type:              Max at Slow Process Corner
  Data Path Delay:        22.254ns  (logic 3.767ns (16.927%)  route 18.487ns (83.073%))
  Logic Levels:           14  (CARRY4=3 FDRE=1 LUT2=2 LUT4=2 LUT5=2 LUT6=4)

    Location             Delay type                Incr(ns)  Path(ns)    Netlist Resource(s)
  -------------------------------------------------------------------    -------------------
    SLICE_X37Y52         FDRE                         0.000     0.000 r  video_sobel_image/sobel_line_buffer_reg[2][1]/C
    SLICE_X37Y52         FDRE (Prop_fdre_C_Q)         0.456     0.456 r  video_sobel_image/sobel_line_buffer_reg[2][1]/Q
                         net (fo=7, routed)           0.992     1.448    video_sobel_image/sobel_line_buffer_reg[2][1]
    SLICE_X39Y50         LUT4 (Prop_lut4_I0_O)        0.152     1.600 r  video_sobel_image/i__carry_i_33/O
                         net (fo=3, routed)           0.728     2.328    video_sobel_image/i__carry_i_33_n_0
    SLICE_X39Y53         LUT4 (Prop_lut4_I3_O)        0.352     2.680 r  video_sobel_image/i__carry_i_29/O
                         net (fo=2, routed)           0.448     3.128    video_sobel_image/i__carry_i_29_n_0
    SLICE_X39Y53         LUT6 (Prop_lut6_I0_O)        0.326     3.454 r  video_sobel_image/i__carry_i_23/O
                         net (fo=4, routed)           0.601     4.055    video_sobel_image/i__carry_i_23_n_0
    SLICE_X39Y54         LUT5 (Prop_lut5_I0_O)        0.124     4.179 f  video_sobel_image/i__carry__0_i_5__0/O
                         net (fo=3, routed)           0.816     4.994    video_sobel_image/i__carry__0_i_5__0_n_0
    SLICE_X42Y54         LUT5 (Prop_lut5_I1_O)        0.124     5.118 r  video_sobel_image/i__carry_i_10__0/O
                         net (fo=6, routed)           0.920     6.039    video_sobel_image/i__carry_i_10__0_n_0
    SLICE_X41Y54         LUT6 (Prop_lut6_I1_O)        0.124     6.163 r  video_sobel_image/i__carry_i_3/O
                         net (fo=2, routed)           0.817     6.980    video_sobel_image/p_1_in[1]
    SLICE_X40Y53         LUT6 (Prop_lut6_I0_O)        0.124     7.104 r  video_sobel_image/i__carry_i_7__0/O
                         net (fo=1, routed)           0.000     7.104    video_sobel_image/i__carry_i_7__0_n_0
    SLICE_X40Y53         CARRY4 (Prop_carry4_S[1]_CO[3])
                                                      0.550     7.654 r  video_sobel_image/_inferred__4/i__carry/CO[3]
                         net (fo=1, routed)           0.000     7.654    video_sobel_image/_inferred__4/i__carry_n_0
    SLICE_X40Y54         CARRY4 (Prop_carry4_CI_O[1])
                                                      0.334     7.988 r  video_sobel_image/_inferred__4/i__carry__0/O[1]
                         net (fo=3, routed)           1.177     9.165    video_sobel_image/_inferred__4/i__carry__0_n_6
    SLICE_X36Y53         LUT2 (Prop_lut2_I0_O)        0.303     9.468 r  video_sobel_image/oled_graphics_buffer_reg_0_7_0_0_i_12/O
                         net (fo=1, routed)           0.000     9.468    video_sobel_image/oled_graphics_buffer_reg_0_7_0_0_i_12_n_0
    SLICE_X36Y53         CARRY4 (Prop_carry4_S[1]_CO[3])
                                                      0.550    10.018 r  video_sobel_image/oled_graphics_buffer_reg_0_7_0_0_i_8/CO[3]
                         net (fo=1, routed)           0.966    10.984    video_sobel_image/oled_graphics_buffer_reg_0_7_0_0_i_8_n_0
    SLICE_X37Y53         LUT6 (Prop_lut6_I1_O)        0.124    11.108 r  video_sobel_image/oled_graphics_buffer_reg_0_7_0_0_i_4/O
                         net (fo=9, routed)           2.743    13.850    video_sobel_image/filter_options[1][1]
    SLICE_X48Y95         LUT2 (Prop_lut2_I0_O)        0.124    13.974 r  video_sobel_image/oled_graphics_buffer_reg_0_7_640_640_i_1/O
                         net (fo=256, routed)         8.280    22.254    camera_status/oled_graphics_buffer_reg_0_7_645_645/D
    SLICE_X14Y107        RAMD32                                       r  camera_status/oled_graphics_buffer_reg_0_7_645_645/DP/I
  -------------------------------------------------------------------    -------------------

Slack:                    inf
  Source:                 video_sobel_image/sobel_line_buffer_reg[2][1]/C
                            (rising edge-triggered cell FDRE)
  Destination:            camera_status/oled_graphics_buffer_reg_0_7_645_645/SP/I
  Path Group:             (none)
  Path Type:              Max at Slow Process Corner
  Data Path Delay:        22.065ns  (logic 3.767ns (17.073%)  route 18.298ns (82.927%))
  Logic Levels:           14  (CARRY4=3 FDRE=1 LUT2=2 LUT4=2 LUT5=2 LUT6=4)

    Location             Delay type                Incr(ns)  Path(ns)    Netlist Resource(s)
  -------------------------------------------------------------------    -------------------
    SLICE_X37Y52         FDRE                         0.000     0.000 r  video_sobel_image/sobel_line_buffer_reg[2][1]/C
    SLICE_X37Y52         FDRE (Prop_fdre_C_Q)         0.456     0.456 r  video_sobel_image/sobel_line_buffer_reg[2][1]/Q
                         net (fo=7, routed)           0.992     1.448    video_sobel_image/sobel_line_buffer_reg[2][1]
    SLICE_X39Y50         LUT4 (Prop_lut4_I0_O)        0.152     1.600 r  video_sobel_image/i__carry_i_33/O
                         net (fo=3, routed)           0.728     2.328    video_sobel_image/i__carry_i_33_n_0
    SLICE_X39Y53         LUT4 (Prop_lut4_I3_O)        0.352     2.680 r  video_sobel_image/i__carry_i_29/O
                         net (fo=2, routed)           0.448     3.128    video_sobel_image/i__carry_i_29_n_0
    SLICE_X39Y53         LUT6 (Prop_lut6_I0_O)        0.326     3.454 r  video_sobel_image/i__carry_i_23/O
                         net (fo=4, routed)           0.601     4.055    video_sobel_image/i__carry_i_23_n_0
    SLICE_X39Y54         LUT5 (Prop_lut5_I0_O)        0.124     4.179 f  video_sobel_image/i__carry__0_i_5__0/O
                         net (fo=3, routed)           0.816     4.994    video_sobel_image/i__carry__0_i_5__0_n_0
    SLICE_X42Y54         LUT5 (Prop_lut5_I1_O)        0.124     5.118 r  video_sobel_image/i__carry_i_10__0/O
                         net (fo=6, routed)           0.920     6.039    video_sobel_image/i__carry_i_10__0_n_0
    SLICE_X41Y54         LUT6 (Prop_lut6_I1_O)        0.124     6.163 r  video_sobel_image/i__carry_i_3/O
                         net (fo=2, routed)           0.817     6.980    video_sobel_image/p_1_in[1]
    SLICE_X40Y53         LUT6 (Prop_lut6_I0_O)        0.124     7.104 r  video_sobel_image/i__carry_i_7__0/O
                         net (fo=1, routed)           0.000     7.104    video_sobel_image/i__carry_i_7__0_n_0
    SLICE_X40Y53         CARRY4 (Prop_carry4_S[1]_CO[3])
                                                      0.550     7.654 r  video_sobel_image/_inferred__4/i__carry/CO[3]
                         net (fo=1, routed)           0.000     7.654    video_sobel_image/_inferred__4/i__carry_n_0
    SLICE_X40Y54         CARRY4 (Prop_carry4_CI_O[1])
                                                      0.334     7.988 r  video_sobel_image/_inferred__4/i__carry__0/O[1]
                         net (fo=3, routed)           1.177     9.165    video_sobel_image/_inferred__4/i__carry__0_n_6
    SLICE_X36Y53         LUT2 (Prop_lut2_I0_O)        0.303     9.468 r  video_sobel_image/oled_graphics_buffer_reg_0_7_0_0_i_12/O
                         net (fo=1, routed)           0.000     9.468    video_sobel_image/oled_graphics_buffer_reg_0_7_0_0_i_12_n_0
    SLICE_X36Y53         CARRY4 (Prop_carry4_S[1]_CO[3])
                                                      0.550    10.018 r  video_sobel_image/oled_graphics_buffer_reg_0_7_0_0_i_8/CO[3]
                         net (fo=1, routed)           0.966    10.984    video_sobel_image/oled_graphics_buffer_reg_0_7_0_0_i_8_n_0
    SLICE_X37Y53         LUT6 (Prop_lut6_I1_O)        0.124    11.108 r  video_sobel_image/oled_graphics_buffer_reg_0_7_0_0_i_4/O
                         net (fo=9, routed)           2.743    13.850    video_sobel_image/filter_options[1][1]
    SLICE_X48Y95         LUT2 (Prop_lut2_I0_O)        0.124    13.974 r  video_sobel_image/oled_graphics_buffer_reg_0_7_640_640_i_1/O
                         net (fo=256, routed)         8.090    22.065    camera_status/oled_graphics_buffer_reg_0_7_645_645/D
    SLICE_X14Y107        RAMD32                                       r  camera_status/oled_graphics_buffer_reg_0_7_645_645/SP/I
  -------------------------------------------------------------------    -------------------

Slack:                    inf
  Source:                 camera_video/timing/h_dot_int_reg[3]/C
                            (rising edge-triggered cell FDRE)
  Destination:            vga_green[0]
                            (output port)
  Path Group:             (none)
  Path Type:              Max at Slow Process Corner
  Data Path Delay:        21.961ns  (logic 6.757ns (30.766%)  route 15.205ns (69.234%))
  Logic Levels:           15  (CARRY4=2 FDRE=1 LUT2=3 LUT3=2 LUT6=6 OBUF=1)

    Location             Delay type                Incr(ns)  Path(ns)    Netlist Resource(s)
  -------------------------------------------------------------------    -------------------
    SLICE_X20Y33         FDRE                         0.000     0.000 r  camera_video/timing/h_dot_int_reg[3]/C
    SLICE_X20Y33         FDRE (Prop_fdre_C_Q)         0.459     0.459 r  camera_video/timing/h_dot_int_reg[3]/Q
                         net (fo=54, routed)          2.135     2.594    camera_video/timing/h_dot[3]
    SLICE_X32Y29         LUT3 (Prop_lut3_I2_O)        0.152     2.746 r  camera_video/timing/vga_blue_OBUF[3]_inst_i_117/O
                         net (fo=24, routed)          1.893     4.640    histogram_gray/vga_blue_OBUF[3]_inst_i_28_2
    SLICE_X38Y20         LUT6 (Prop_lut6_I3_O)        0.326     4.966 f  histogram_gray/vga_blue_OBUF[3]_inst_i_75/O
                         net (fo=1, routed)           0.952     5.918    histogram_gray/vga_blue_OBUF[3]_inst_i_75_n_0
    SLICE_X38Y23         LUT6 (Prop_lut6_I2_O)        0.124     6.042 f  histogram_gray/vga_blue_OBUF[3]_inst_i_30/O
                         net (fo=4, routed)           1.056     7.097    histogram_gray/R[1]
    SLICE_X37Y29         LUT2 (Prop_lut2_I0_O)        0.124     7.221 r  histogram_gray/vga_blue_OBUF[3]_inst_i_121/O
                         net (fo=3, routed)           0.276     7.497    histogram_gray/vga_blue_OBUF[3]_inst_i_28_0
    SLICE_X37Y29         LUT2 (Prop_lut2_I0_O)        0.124     7.621 r  histogram_gray/vga_blue_OBUF[3]_inst_i_98/O
                         net (fo=6, routed)           0.333     7.954    histogram_gray/vga_blue_OBUF[3]_inst_i_98_n_0
    SLICE_X37Y30         LUT6 (Prop_lut6_I2_O)        0.124     8.078 r  histogram_gray/vga_blue_OBUF[3]_inst_i_90/O
                         net (fo=1, routed)           0.568     8.646    histogram_gray/vga_blue_OBUF[3]_inst_i_90_n_0
    SLICE_X36Y30         CARRY4 (Prop_carry4_DI[2]_CO[3])
                                                      0.398     9.044 r  histogram_gray/vga_blue_OBUF[3]_inst_i_34/CO[3]
                         net (fo=1, routed)           0.000     9.044    histogram_gray/vga_blue_OBUF[3]_inst_i_34_n_0
    SLICE_X36Y31         CARRY4 (Prop_carry4_CI_CO[0])
                                                      0.271     9.315 f  histogram_gray/vga_blue_OBUF[3]_inst_i_11/CO[0]
                         net (fo=2, routed)           0.613     9.928    histogram_gray/vga_blue_OBUF[3]_inst_i_36_0[0]
    SLICE_X34Y32         LUT2 (Prop_lut2_I1_O)        0.399    10.327 r  histogram_gray/vga_red_OBUF[2]_inst_i_14/O
                         net (fo=1, routed)           0.584    10.911    camera_video/timing/vga_red_OBUF[2]_inst_i_4_0
    SLICE_X33Y32         LUT6 (Prop_lut6_I0_O)        0.348    11.259 r  camera_video/timing/vga_red_OBUF[2]_inst_i_10/O
                         net (fo=1, routed)           0.807    12.065    camera_video/timing/histogram_gray_pixel[10]
    SLICE_X31Y33         LUT3 (Prop_lut3_I2_O)        0.124    12.189 r  camera_video/timing/vga_red_OBUF[2]_inst_i_4/O
                         net (fo=2, routed)           0.677    12.866    camera_video/timing/vga_red_OBUF[2]_inst_i_4_n_0
    SLICE_X31Y33         LUT6 (Prop_lut6_I0_O)        0.124    12.990 r  camera_video/timing/vga_red_OBUF[2]_inst_i_2/O
                         net (fo=6, routed)           0.920    13.910    camera_video/timing/vga_red_OBUF[2]_inst_i_2_n_0
    SLICE_X24Y35         LUT6 (Prop_lut6_I1_O)        0.124    14.034 r  camera_video/timing/vga_green_OBUF[0]_inst_i_1/O
                         net (fo=1, routed)           4.392    18.426    vga_green_OBUF[0]
    J17                  OBUF (Prop_obuf_I_O)         3.536    21.961 r  vga_green_OBUF[0]_inst/O
                         net (fo=0)                   0.000    21.961    vga_green[0]
    J17                                                               r  vga_green[0] (OUT)
  -------------------------------------------------------------------    -------------------

Slack:                    inf
  Source:                 video_sobel_image/sobel_line_buffer_reg[2][1]/C
                            (rising edge-triggered cell FDRE)
  Destination:            camera_status/oled_graphics_buffer_reg_0_7_661_661/SP/I
  Path Group:             (none)
  Path Type:              Max at Slow Process Corner
  Data Path Delay:        21.916ns  (logic 3.767ns (17.188%)  route 18.149ns (82.812%))
  Logic Levels:           14  (CARRY4=3 FDRE=1 LUT2=2 LUT4=2 LUT5=2 LUT6=4)

    Location             Delay type                Incr(ns)  Path(ns)    Netlist Resource(s)
  -------------------------------------------------------------------    -------------------
    SLICE_X37Y52         FDRE                         0.000     0.000 r  video_sobel_image/sobel_line_buffer_reg[2][1]/C
    SLICE_X37Y52         FDRE (Prop_fdre_C_Q)         0.456     0.456 r  video_sobel_image/sobel_line_buffer_reg[2][1]/Q
                         net (fo=7, routed)           0.992     1.448    video_sobel_image/sobel_line_buffer_reg[2][1]
    SLICE_X39Y50         LUT4 (Prop_lut4_I0_O)        0.152     1.600 r  video_sobel_image/i__carry_i_33/O
                         net (fo=3, routed)           0.728     2.328    video_sobel_image/i__carry_i_33_n_0
    SLICE_X39Y53         LUT4 (Prop_lut4_I3_O)        0.352     2.680 r  video_sobel_image/i__carry_i_29/O
                         net (fo=2, routed)           0.448     3.128    video_sobel_image/i__carry_i_29_n_0
    SLICE_X39Y53         LUT6 (Prop_lut6_I0_O)        0.326     3.454 r  video_sobel_image/i__carry_i_23/O
                         net (fo=4, routed)           0.601     4.055    video_sobel_image/i__carry_i_23_n_0
    SLICE_X39Y54         LUT5 (Prop_lut5_I0_O)        0.124     4.179 f  video_sobel_image/i__carry__0_i_5__0/O
                         net (fo=3, routed)           0.816     4.994    video_sobel_image/i__carry__0_i_5__0_n_0
    SLICE_X42Y54         LUT5 (Prop_lut5_I1_O)        0.124     5.118 r  video_sobel_image/i__carry_i_10__0/O
                         net (fo=6, routed)           0.920     6.039    video_sobel_image/i__carry_i_10__0_n_0
    SLICE_X41Y54         LUT6 (Prop_lut6_I1_O)        0.124     6.163 r  video_sobel_image/i__carry_i_3/O
                         net (fo=2, routed)           0.817     6.980    video_sobel_image/p_1_in[1]
    SLICE_X40Y53         LUT6 (Prop_lut6_I0_O)        0.124     7.104 r  video_sobel_image/i__carry_i_7__0/O
                         net (fo=1, routed)           0.000     7.104    video_sobel_image/i__carry_i_7__0_n_0
    SLICE_X40Y53         CARRY4 (Prop_carry4_S[1]_CO[3])
                                                      0.550     7.654 r  video_sobel_image/_inferred__4/i__carry/CO[3]
                         net (fo=1, routed)           0.000     7.654    video_sobel_image/_inferred__4/i__carry_n_0
    SLICE_X40Y54         CARRY4 (Prop_carry4_CI_O[1])
                                                      0.334     7.988 r  video_sobel_image/_inferred__4/i__carry__0/O[1]
                         net (fo=3, routed)           1.177     9.165    video_sobel_image/_inferred__4/i__carry__0_n_6
    SLICE_X36Y53         LUT2 (Prop_lut2_I0_O)        0.303     9.468 r  video_sobel_image/oled_graphics_buffer_reg_0_7_0_0_i_12/O
                         net (fo=1, routed)           0.000     9.468    video_sobel_image/oled_graphics_buffer_reg_0_7_0_0_i_12_n_0
    SLICE_X36Y53         CARRY4 (Prop_carry4_S[1]_CO[3])
                                                      0.550    10.018 r  video_sobel_image/oled_graphics_buffer_reg_0_7_0_0_i_8/CO[3]
                         net (fo=1, routed)           0.966    10.984    video_sobel_image/oled_graphics_buffer_reg_0_7_0_0_i_8_n_0
    SLICE_X37Y53         LUT6 (Prop_lut6_I1_O)        0.124    11.108 r  video_sobel_image/oled_graphics_buffer_reg_0_7_0_0_i_4/O
                         net (fo=9, routed)           2.743    13.850    video_sobel_image/filter_options[1][1]
    SLICE_X48Y95         LUT2 (Prop_lut2_I0_O)        0.124    13.974 r  video_sobel_image/oled_graphics_buffer_reg_0_7_640_640_i_1/O
                         net (fo=256, routed)         7.942    21.916    camera_status/oled_graphics_buffer_reg_0_7_661_661/D
    SLICE_X14Y108        RAMD32                                       r  camera_status/oled_graphics_buffer_reg_0_7_661_661/SP/I
  -------------------------------------------------------------------    -------------------

Slack:                    inf
  Source:                 video_sobel_image/sobel_line_buffer_reg[2][1]/C
                            (rising edge-triggered cell FDRE)
  Destination:            vga_blue[1]
                            (output port)
  Path Group:             (none)
  Path Type:              Max at Slow Process Corner
  Data Path Delay:        21.898ns  (logic 7.532ns (34.397%)  route 14.366ns (65.603%))
  Logic Levels:           18  (CARRY4=3 FDRE=1 LUT2=1 LUT4=3 LUT5=3 LUT6=6 OBUF=1)

    Location             Delay type                Incr(ns)  Path(ns)    Netlist Resource(s)
  -------------------------------------------------------------------    -------------------
    SLICE_X37Y52         FDRE                         0.000     0.000 r  video_sobel_image/sobel_line_buffer_reg[2][1]/C
    SLICE_X37Y52         FDRE (Prop_fdre_C_Q)         0.456     0.456 r  video_sobel_image/sobel_line_buffer_reg[2][1]/Q
                         net (fo=7, routed)           0.992     1.448    video_sobel_image/sobel_line_buffer_reg[2][1]
    SLICE_X39Y50         LUT4 (Prop_lut4_I0_O)        0.152     1.600 r  video_sobel_image/i__carry_i_33/O
                         net (fo=3, routed)           0.728     2.328    video_sobel_image/i__carry_i_33_n_0
    SLICE_X39Y53         LUT4 (Prop_lut4_I3_O)        0.352     2.680 r  video_sobel_image/i__carry_i_29/O
                         net (fo=2, routed)           0.448     3.128    video_sobel_image/i__carry_i_29_n_0
    SLICE_X39Y53         LUT6 (Prop_lut6_I0_O)        0.326     3.454 r  video_sobel_image/i__carry_i_23/O
                         net (fo=4, routed)           0.601     4.055    video_sobel_image/i__carry_i_23_n_0
    SLICE_X39Y54         LUT5 (Prop_lut5_I0_O)        0.124     4.179 f  video_sobel_image/i__carry__0_i_5__0/O
                         net (fo=3, routed)           0.816     4.994    video_sobel_image/i__carry__0_i_5__0_n_0
    SLICE_X42Y54         LUT5 (Prop_lut5_I1_O)        0.124     5.118 r  video_sobel_image/i__carry_i_10__0/O
                         net (fo=6, routed)           0.920     6.039    video_sobel_image/i__carry_i_10__0_n_0
    SLICE_X41Y54         LUT6 (Prop_lut6_I1_O)        0.124     6.163 r  video_sobel_image/i__carry_i_3/O
                         net (fo=2, routed)           0.817     6.980    video_sobel_image/p_1_in[1]
    SLICE_X40Y53         LUT6 (Prop_lut6_I0_O)        0.124     7.104 r  video_sobel_image/i__carry_i_7__0/O
                         net (fo=1, routed)           0.000     7.104    video_sobel_image/i__carry_i_7__0_n_0
    SLICE_X40Y53         CARRY4 (Prop_carry4_S[1]_CO[3])
                                                      0.550     7.654 r  video_sobel_image/_inferred__4/i__carry/CO[3]
                         net (fo=1, routed)           0.000     7.654    video_sobel_image/_inferred__4/i__carry_n_0
    SLICE_X40Y54         CARRY4 (Prop_carry4_CI_O[1])
                                                      0.334     7.988 r  video_sobel_image/_inferred__4/i__carry__0/O[1]
                         net (fo=3, routed)           1.177     9.165    video_sobel_image/_inferred__4/i__carry__0_n_6
    SLICE_X36Y53         LUT2 (Prop_lut2_I0_O)        0.303     9.468 r  video_sobel_image/oled_graphics_buffer_reg_0_7_0_0_i_12/O
                         net (fo=1, routed)           0.000     9.468    video_sobel_image/oled_graphics_buffer_reg_0_7_0_0_i_12_n_0
    SLICE_X36Y53         CARRY4 (Prop_carry4_S[1]_O[1])
                                                      0.227     9.695 r  video_sobel_image/oled_graphics_buffer_reg_0_7_0_0_i_8/O[1]
                         net (fo=1, routed)           0.503    10.198    video_sobel_image/oled_graphics_buffer_reg_0_7_0_0_i_8_n_6
    SLICE_X37Y53         LUT6 (Prop_lut6_I1_O)        0.303    10.501 r  video_sobel_image/vga_red_OBUF[1]_inst_i_8/O
                         net (fo=1, routed)           0.773    11.274    video_sobel_image/sobel_pixel[9]
    SLICE_X35Y47         LUT5 (Prop_lut5_I0_O)        0.124    11.398 r  video_sobel_image/vga_red_OBUF[1]_inst_i_4/O
                         net (fo=3, routed)           1.253    12.651    camera_video/vga_red_OBUF[1]_inst_i_1
    SLICE_X27Y33         LUT6 (Prop_lut6_I1_O)        0.124    12.775 r  camera_video/vga_blue_OBUF[1]_inst_i_3/O
                         net (fo=1, routed)           0.714    13.489    camera_video/timing/video_pixel[1]
    SLICE_X26Y33         LUT4 (Prop_lut4_I3_O)        0.124    13.613 r  camera_video/timing/vga_blue_OBUF[1]_inst_i_2/O
                         net (fo=1, routed)           0.637    14.250    camera_video/timing/vga_blue_OBUF[1]_inst_i_2_n_0
    SLICE_X26Y37         LUT6 (Prop_lut6_I5_O)        0.124    14.374 r  camera_video/timing/vga_blue_OBUF[1]_inst_i_1/O
                         net (fo=1, routed)           3.987    18.361    vga_blue_OBUF[1]
    L18                  OBUF (Prop_obuf_I_O)         3.537    21.898 r  vga_blue_OBUF[1]_inst/O
                         net (fo=0)                   0.000    21.898    vga_blue[1]
    L18                                                               r  vga_blue[1] (OUT)
  -------------------------------------------------------------------    -------------------





Min Delay Paths
--------------------------------------------------------------------------------------
Slack:                    inf
  Source:                 camera_video/Inst_ov7670_capture/camera_data_reg[65]/C
                            (rising edge-triggered cell FDRE)
  Destination:            camera_video/Inst_ov7670_capture/d_latch_reg[65]/D
  Path Group:             (none)
  Path Type:              Min at Fast Process Corner
  Data Path Delay:        0.192ns  (logic 0.133ns (69.175%)  route 0.059ns (30.825%))
  Logic Levels:           1  (FDRE=1)

    Location             Delay type                Incr(ns)  Path(ns)    Netlist Resource(s)
  -------------------------------------------------------------------    -------------------
    SLICE_X11Y35         FDRE                         0.000     0.000 r  camera_video/Inst_ov7670_capture/camera_data_reg[65]/C
    SLICE_X11Y35         FDRE (Prop_fdre_C_Q)         0.133     0.133 r  camera_video/Inst_ov7670_capture/camera_data_reg[65]/Q
                         net (fo=1, routed)           0.059     0.192    camera_video/Inst_ov7670_capture/camera_data[65]
    SLICE_X10Y35         FDRE                                         r  camera_video/Inst_ov7670_capture/d_latch_reg[65]/D
  -------------------------------------------------------------------    -------------------

Slack:                    inf
  Source:                 camera_video/Inst_ov7670_capture/camera_data_reg[39]/C
                            (rising edge-triggered cell FDRE)
  Destination:            camera_video/Inst_ov7670_capture/d_latch_reg[39]/D
  Path Group:             (none)
  Path Type:              Min at Fast Process Corner
  Data Path Delay:        0.200ns  (logic 0.146ns (72.962%)  route 0.054ns (27.038%))
  Logic Levels:           1  (FDRE=1)

    Location             Delay type                Incr(ns)  Path(ns)    Netlist Resource(s)
  -------------------------------------------------------------------    -------------------
    SLICE_X7Y25          FDRE                         0.000     0.000 r  camera_video/Inst_ov7670_capture/camera_data_reg[39]/C
    SLICE_X7Y25          FDRE (Prop_fdre_C_Q)         0.146     0.146 r  camera_video/Inst_ov7670_capture/camera_data_reg[39]/Q
                         net (fo=1, routed)           0.054     0.200    camera_video/Inst_ov7670_capture/camera_data[39]
    SLICE_X6Y25          FDRE                                         r  camera_video/Inst_ov7670_capture/d_latch_reg[39]/D
  -------------------------------------------------------------------    -------------------

Slack:                    inf
  Source:                 camera_video/Inst_ov7670_controller/Inst_i2c_sender/data_sr_reg[27]/C
                            (rising edge-triggered cell FDRE)
  Destination:            camera_video/Inst_ov7670_controller/Inst_i2c_sender/data_sr_reg[28]/D
  Path Group:             (none)
  Path Type:              Min at Fast Process Corner
  Data Path Delay:        0.243ns  (logic 0.128ns (52.590%)  route 0.115ns (47.410%))
  Logic Levels:           1  (FDRE=1)

    Location             Delay type                Incr(ns)  Path(ns)    Netlist Resource(s)
  -------------------------------------------------------------------    -------------------
    SLICE_X31Y66         FDRE                         0.000     0.000 r  camera_video/Inst_ov7670_controller/Inst_i2c_sender/data_sr_reg[27]/C
    SLICE_X31Y66         FDRE (Prop_fdre_C_Q)         0.128     0.128 r  camera_video/Inst_ov7670_controller/Inst_i2c_sender/data_sr_reg[27]/Q
                         net (fo=1, routed)           0.115     0.243    camera_video/Inst_ov7670_controller/Inst_i2c_sender/data_sr_reg_n_0_[27]
    SLICE_X31Y65         FDRE                                         r  camera_video/Inst_ov7670_controller/Inst_i2c_sender/data_sr_reg[28]/D
  -------------------------------------------------------------------    -------------------

Slack:                    inf
  Source:                 camera_video/picture_process.data_in_reg[16]/C
                            (rising edge-triggered cell FDRE)
  Destination:            camera_video/picture_process.data_in_reg[17]/D
  Path Group:             (none)
  Path Type:              Min at Fast Process Corner
  Data Path Delay:        0.244ns  (logic 0.128ns (52.387%)  route 0.116ns (47.613%))
  Logic Levels:           1  (FDRE=1)

    Location             Delay type                Incr(ns)  Path(ns)    Netlist Resource(s)
  -------------------------------------------------------------------    -------------------
    SLICE_X4Y30          FDRE                         0.000     0.000 r  camera_video/picture_process.data_in_reg[16]/C
    SLICE_X4Y30          FDRE (Prop_fdre_C_Q)         0.128     0.128 r  camera_video/picture_process.data_in_reg[16]/Q
                         net (fo=2, routed)           0.116     0.244    camera_video/picture_process.data_in_reg_n_0_[16]
    SLICE_X4Y30          FDRE                                         r  camera_video/picture_process.data_in_reg[17]/D
  -------------------------------------------------------------------    -------------------

Slack:                    inf
  Source:                 camera_video/Inst_ov7670_controller/Inst_i2c_sender/data_sr_reg[1]/C
                            (rising edge-triggered cell FDRE)
  Destination:            camera_video/Inst_ov7670_controller/Inst_i2c_sender/data_sr_reg[2]/D
  Path Group:             (none)
  Path Type:              Min at Fast Process Corner
  Data Path Delay:        0.245ns  (logic 0.141ns (57.590%)  route 0.104ns (42.410%))
  Logic Levels:           1  (FDRE=1)

    Location             Delay type                Incr(ns)  Path(ns)    Netlist Resource(s)
  -------------------------------------------------------------------    -------------------
    SLICE_X32Y65         FDRE                         0.000     0.000 r  camera_video/Inst_ov7670_controller/Inst_i2c_sender/data_sr_reg[1]/C
    SLICE_X32Y65         FDRE (Prop_fdre_C_Q)         0.141     0.141 r  camera_video/Inst_ov7670_controller/Inst_i2c_sender/data_sr_reg[1]/Q
                         net (fo=1, routed)           0.104     0.245    camera_video/Inst_ov7670_controller/Inst_i2c_sender/data_sr_reg_n_0_[1]
    SLICE_X31Y65         FDRE                                         r  camera_video/Inst_ov7670_controller/Inst_i2c_sender/data_sr_reg[2]/D
  -------------------------------------------------------------------    -------------------

Slack:                    inf
  Source:                 camera_video/picture_process.spi_cmd_reg[26]/C
                            (rising edge-triggered cell FDRE)
  Destination:            camera_video/picture_process.spi_cmd_reg[27]/D
  Path Group:             (none)
  Path Type:              Min at Fast Process Corner
  Data Path Delay:        0.245ns  (logic 0.141ns (57.511%)  route 0.104ns (42.489%))
  Logic Levels:           1  (FDRE=1)

    Location             Delay type                Incr(ns)  Path(ns)    Netlist Resource(s)
  -------------------------------------------------------------------    -------------------
    SLICE_X7Y21          FDRE                         0.000     0.000 r  camera_video/picture_process.spi_cmd_reg[26]/C
    SLICE_X7Y21          FDRE (Prop_fdre_C_Q)         0.141     0.141 r  camera_video/picture_process.spi_cmd_reg[26]/Q
                         net (fo=1, routed)           0.104     0.245    camera_video/picture_process.spi_cmd_reg_n_0_[26]
    SLICE_X7Y21          FDRE                                         r  camera_video/picture_process.spi_cmd_reg[27]/D
  -------------------------------------------------------------------    -------------------

Slack:                    inf
  Source:                 camera_video/picture_process.spi_cmd_reg[30]/C
                            (rising edge-triggered cell FDRE)
  Destination:            camera_video/picture_process.spi_cmd_reg[31]/D
  Path Group:             (none)
  Path Type:              Min at Fast Process Corner
  Data Path Delay:        0.248ns  (logic 0.128ns (51.710%)  route 0.120ns (48.290%))
  Logic Levels:           1  (FDRE=1)

    Location             Delay type                Incr(ns)  Path(ns)    Netlist Resource(s)
  -------------------------------------------------------------------    -------------------
    SLICE_X7Y21          FDRE                         0.000     0.000 r  camera_video/picture_process.spi_cmd_reg[30]/C
    SLICE_X7Y21          FDRE (Prop_fdre_C_Q)         0.128     0.128 r  camera_video/picture_process.spi_cmd_reg[30]/Q
                         net (fo=1, routed)           0.120     0.248    camera_video/picture_process.spi_cmd_reg_n_0_[30]
    SLICE_X7Y21          FDRE                                         r  camera_video/picture_process.spi_cmd_reg[31]/D
  -------------------------------------------------------------------    -------------------

Slack:                    inf
  Source:                 camera_video/Inst_ov7670_controller/Inst_i2c_sender/data_sr_reg[29]/C
                            (rising edge-triggered cell FDRE)
  Destination:            camera_video/Inst_ov7670_controller/Inst_i2c_sender/data_sr_reg[30]/D
  Path Group:             (none)
  Path Type:              Min at Fast Process Corner
  Data Path Delay:        0.248ns  (logic 0.128ns (51.686%)  route 0.120ns (48.314%))
  Logic Levels:           1  (FDRE=1)

    Location             Delay type                Incr(ns)  Path(ns)    Netlist Resource(s)
  -------------------------------------------------------------------    -------------------
    SLICE_X31Y65         FDRE                         0.000     0.000 r  camera_video/Inst_ov7670_controller/Inst_i2c_sender/data_sr_reg[29]/C
    SLICE_X31Y65         FDRE (Prop_fdre_C_Q)         0.128     0.128 r  camera_video/Inst_ov7670_controller/Inst_i2c_sender/data_sr_reg[29]/Q
                         net (fo=1, routed)           0.120     0.248    camera_video/Inst_ov7670_controller/Inst_i2c_sender/data_sr_reg_n_0_[29]
    SLICE_X31Y67         FDRE                                         r  camera_video/Inst_ov7670_controller/Inst_i2c_sender/data_sr_reg[30]/D
  -------------------------------------------------------------------    -------------------

Slack:                    inf
  Source:                 camera_video/picture_process.spi_cmd_reg[25]/C
                            (rising edge-triggered cell FDRE)
  Destination:            camera_video/picture_process.spi_cmd_reg[26]/D
  Path Group:             (none)
  Path Type:              Min at Fast Process Corner
  Data Path Delay:        0.248ns  (logic 0.128ns (51.686%)  route 0.120ns (48.314%))
  Logic Levels:           1  (FDRE=1)

    Location             Delay type                Incr(ns)  Path(ns)    Netlist Resource(s)
  -------------------------------------------------------------------    -------------------
    SLICE_X7Y19          FDRE                         0.000     0.000 r  camera_video/picture_process.spi_cmd_reg[25]/C
    SLICE_X7Y19          FDRE (Prop_fdre_C_Q)         0.128     0.128 r  camera_video/picture_process.spi_cmd_reg[25]/Q
                         net (fo=1, routed)           0.120     0.248    camera_video/picture_process.spi_cmd_reg_n_0_[25]
    SLICE_X7Y21          FDRE                                         r  camera_video/picture_process.spi_cmd_reg[26]/D
  -------------------------------------------------------------------    -------------------

Slack:                    inf
  Source:                 video_sobel_image/sobel_line_buffer_reg[641][3]/C
                            (rising edge-triggered cell FDRE)
  Destination:            video_sobel_image/sobel_line_buffer_reg[642][3]/D
  Path Group:             (none)
  Path Type:              Min at Fast Process Corner
  Data Path Delay:        0.251ns  (logic 0.141ns (56.174%)  route 0.110ns (43.826%))
  Logic Levels:           1  (FDRE=1)

    Location             Delay type                Incr(ns)  Path(ns)    Netlist Resource(s)
  -------------------------------------------------------------------    -------------------
    SLICE_X43Y53         FDRE                         0.000     0.000 r  video_sobel_image/sobel_line_buffer_reg[641][3]/C
    SLICE_X43Y53         FDRE (Prop_fdre_C_Q)         0.141     0.141 r  video_sobel_image/sobel_line_buffer_reg[641][3]/Q
                         net (fo=1, routed)           0.110     0.251    video_sobel_image/sobel_line_buffer_reg[641][3]
    SLICE_X43Y53         FDRE                                         r  video_sobel_image/sobel_line_buffer_reg[642][3]/D
  -------------------------------------------------------------------    -------------------





--------------------------------------------------------------------------------------
Path Group:  (none)
From Clock:  clk_200Mhz_clk_wiz_0
  To Clock:  

Max Delay            64 Endpoints
Min Delay            64 Endpoints
--------------------------------------------------------------------------------------


Max Delay Paths
--------------------------------------------------------------------------------------
Slack:                    inf
  Source:                 camera_video/reset_reg/C
                            (rising edge-triggered cell FDRE clocked by clk_200Mhz_clk_wiz_0  {rise@0.000ns fall@2.500ns period=5.000ns})
  Destination:            camera_video/CamHdotAddress_reg[0]/R
  Path Group:             (none)
  Path Type:              Max at Slow Process Corner
  Data Path Delay:        6.001ns  (logic 1.182ns (19.697%)  route 4.819ns (80.303%))
  Logic Levels:           4  (LUT2=1 LUT4=1 LUT6=2)
  Clock Uncertainty:      0.203ns  ((TSJ^2 + DJ^2)^1/2) / 2 + PE
    Total System Jitter     (TSJ):    0.050ns
    Discrete Jitter          (DJ):    0.132ns
    Phase Error              (PE):    0.132ns

    Location             Delay type                Incr(ns)  Path(ns)    Netlist Resource(s)
  -------------------------------------------------------------------    -------------------
                         (clock clk_200Mhz_clk_wiz_0 rise edge)
                                                      0.000     0.000 r  
    BUFGCTRL_X0Y4        BUFG                         0.000     0.000 r  clock_IBUF_BUFG_inst/O
                         net (fo=166, routed)         1.807     1.807    camera_video/xtime/inst/clk_in1
    MMCME2_ADV_X0Y0      MMCME2_ADV (Prop_mmcme2_adv_CLKIN1_CLKOUT0)
                                                     -3.922    -2.114 r  camera_video/xtime/inst/mmcm_adv_inst/CLKOUT0
                         net (fo=1, routed)           2.018    -0.096    camera_video/xtime/inst/clk_200Mhz_clk_wiz_0
    BUFGCTRL_X0Y6        BUFG (Prop_bufg_I_O)         0.096    -0.000 r  camera_video/xtime/inst/clkout1_buf/O
                         net (fo=26, routed)          1.818     1.818    camera_video/clk_200Mhz
    SLICE_X15Y45         FDRE                                         r  camera_video/reset_reg/C
  -------------------------------------------------------------------    -------------------
    SLICE_X15Y45         FDRE (Prop_fdre_C_Q)         0.456     2.274 f  camera_video/reset_reg/Q
                         net (fo=25, routed)          2.257     4.532    camera_video/reset_reg_n_0
    SLICE_X20Y18         LUT4 (Prop_lut4_I2_O)        0.152     4.684 r  camera_video/NEXT_STATE_DECODE.wcount[6]_i_6/O
                         net (fo=1, routed)           0.436     5.120    camera_video/NEXT_STATE_DECODE.wcount[6]_i_6_n_0
    SLICE_X20Y18         LUT6 (Prop_lut6_I1_O)        0.326     5.446 r  camera_video/NEXT_STATE_DECODE.wcount[6]_i_4/O
                         net (fo=2, routed)           0.678     6.124    camera_video/NEXT_STATE_DECODE.wcount[6]_i_4_n_0
    SLICE_X20Y18         LUT6 (Prop_lut6_I0_O)        0.124     6.248 r  camera_video/CamHdotAddress[6]_i_2/O
                         net (fo=8, routed)           0.825     7.073    camera_video/CamHdotAddress[6]_i_2_n_0
    SLICE_X19Y17         LUT2 (Prop_lut2_I1_O)        0.124     7.197 r  camera_video/CamHdotAddress[6]_i_1/O
                         net (fo=7, routed)           0.623     7.819    camera_video/CamHdotAddress[6]_i_1_n_0
    SLICE_X17Y15         FDRE                                         r  camera_video/CamHdotAddress_reg[0]/R
  -------------------------------------------------------------------    -------------------

Slack:                    inf
  Source:                 camera_video/reset_reg/C
                            (rising edge-triggered cell FDRE clocked by clk_200Mhz_clk_wiz_0  {rise@0.000ns fall@2.500ns period=5.000ns})
  Destination:            camera_video/CamHdotAddress_reg[1]/R
  Path Group:             (none)
  Path Type:              Max at Slow Process Corner
  Data Path Delay:        6.001ns  (logic 1.182ns (19.697%)  route 4.819ns (80.303%))
  Logic Levels:           4  (LUT2=1 LUT4=1 LUT6=2)
  Clock Uncertainty:      0.203ns  ((TSJ^2 + DJ^2)^1/2) / 2 + PE
    Total System Jitter     (TSJ):    0.050ns
    Discrete Jitter          (DJ):    0.132ns
    Phase Error              (PE):    0.132ns

    Location             Delay type                Incr(ns)  Path(ns)    Netlist Resource(s)
  -------------------------------------------------------------------    -------------------
                         (clock clk_200Mhz_clk_wiz_0 rise edge)
                                                      0.000     0.000 r  
    BUFGCTRL_X0Y4        BUFG                         0.000     0.000 r  clock_IBUF_BUFG_inst/O
                         net (fo=166, routed)         1.807     1.807    camera_video/xtime/inst/clk_in1
    MMCME2_ADV_X0Y0      MMCME2_ADV (Prop_mmcme2_adv_CLKIN1_CLKOUT0)
                                                     -3.922    -2.114 r  camera_video/xtime/inst/mmcm_adv_inst/CLKOUT0
                         net (fo=1, routed)           2.018    -0.096    camera_video/xtime/inst/clk_200Mhz_clk_wiz_0
    BUFGCTRL_X0Y6        BUFG (Prop_bufg_I_O)         0.096    -0.000 r  camera_video/xtime/inst/clkout1_buf/O
                         net (fo=26, routed)          1.818     1.818    camera_video/clk_200Mhz
    SLICE_X15Y45         FDRE                                         r  camera_video/reset_reg/C
  -------------------------------------------------------------------    -------------------
    SLICE_X15Y45         FDRE (Prop_fdre_C_Q)         0.456     2.274 f  camera_video/reset_reg/Q
                         net (fo=25, routed)          2.257     4.532    camera_video/reset_reg_n_0
    SLICE_X20Y18         LUT4 (Prop_lut4_I2_O)        0.152     4.684 r  camera_video/NEXT_STATE_DECODE.wcount[6]_i_6/O
                         net (fo=1, routed)           0.436     5.120    camera_video/NEXT_STATE_DECODE.wcount[6]_i_6_n_0
    SLICE_X20Y18         LUT6 (Prop_lut6_I1_O)        0.326     5.446 r  camera_video/NEXT_STATE_DECODE.wcount[6]_i_4/O
                         net (fo=2, routed)           0.678     6.124    camera_video/NEXT_STATE_DECODE.wcount[6]_i_4_n_0
    SLICE_X20Y18         LUT6 (Prop_lut6_I0_O)        0.124     6.248 r  camera_video/CamHdotAddress[6]_i_2/O
                         net (fo=8, routed)           0.825     7.073    camera_video/CamHdotAddress[6]_i_2_n_0
    SLICE_X19Y17         LUT2 (Prop_lut2_I1_O)        0.124     7.197 r  camera_video/CamHdotAddress[6]_i_1/O
                         net (fo=7, routed)           0.623     7.819    camera_video/CamHdotAddress[6]_i_1_n_0
    SLICE_X17Y15         FDRE                                         r  camera_video/CamHdotAddress_reg[1]/R
  -------------------------------------------------------------------    -------------------

Slack:                    inf
  Source:                 camera_video/reset_reg/C
                            (rising edge-triggered cell FDRE clocked by clk_200Mhz_clk_wiz_0  {rise@0.000ns fall@2.500ns period=5.000ns})
  Destination:            camera_video/CamHdotAddress_reg[2]/R
  Path Group:             (none)
  Path Type:              Max at Slow Process Corner
  Data Path Delay:        6.001ns  (logic 1.182ns (19.697%)  route 4.819ns (80.303%))
  Logic Levels:           4  (LUT2=1 LUT4=1 LUT6=2)
  Clock Uncertainty:      0.203ns  ((TSJ^2 + DJ^2)^1/2) / 2 + PE
    Total System Jitter     (TSJ):    0.050ns
    Discrete Jitter          (DJ):    0.132ns
    Phase Error              (PE):    0.132ns

    Location             Delay type                Incr(ns)  Path(ns)    Netlist Resource(s)
  -------------------------------------------------------------------    -------------------
                         (clock clk_200Mhz_clk_wiz_0 rise edge)
                                                      0.000     0.000 r  
    BUFGCTRL_X0Y4        BUFG                         0.000     0.000 r  clock_IBUF_BUFG_inst/O
                         net (fo=166, routed)         1.807     1.807    camera_video/xtime/inst/clk_in1
    MMCME2_ADV_X0Y0      MMCME2_ADV (Prop_mmcme2_adv_CLKIN1_CLKOUT0)
                                                     -3.922    -2.114 r  camera_video/xtime/inst/mmcm_adv_inst/CLKOUT0
                         net (fo=1, routed)           2.018    -0.096    camera_video/xtime/inst/clk_200Mhz_clk_wiz_0
    BUFGCTRL_X0Y6        BUFG (Prop_bufg_I_O)         0.096    -0.000 r  camera_video/xtime/inst/clkout1_buf/O
                         net (fo=26, routed)          1.818     1.818    camera_video/clk_200Mhz
    SLICE_X15Y45         FDRE                                         r  camera_video/reset_reg/C
  -------------------------------------------------------------------    -------------------
    SLICE_X15Y45         FDRE (Prop_fdre_C_Q)         0.456     2.274 f  camera_video/reset_reg/Q
                         net (fo=25, routed)          2.257     4.532    camera_video/reset_reg_n_0
    SLICE_X20Y18         LUT4 (Prop_lut4_I2_O)        0.152     4.684 r  camera_video/NEXT_STATE_DECODE.wcount[6]_i_6/O
                         net (fo=1, routed)           0.436     5.120    camera_video/NEXT_STATE_DECODE.wcount[6]_i_6_n_0
    SLICE_X20Y18         LUT6 (Prop_lut6_I1_O)        0.326     5.446 r  camera_video/NEXT_STATE_DECODE.wcount[6]_i_4/O
                         net (fo=2, routed)           0.678     6.124    camera_video/NEXT_STATE_DECODE.wcount[6]_i_4_n_0
    SLICE_X20Y18         LUT6 (Prop_lut6_I0_O)        0.124     6.248 r  camera_video/CamHdotAddress[6]_i_2/O
                         net (fo=8, routed)           0.825     7.073    camera_video/CamHdotAddress[6]_i_2_n_0
    SLICE_X19Y17         LUT2 (Prop_lut2_I1_O)        0.124     7.197 r  camera_video/CamHdotAddress[6]_i_1/O
                         net (fo=7, routed)           0.623     7.819    camera_video/CamHdotAddress[6]_i_1_n_0
    SLICE_X17Y15         FDRE                                         r  camera_video/CamHdotAddress_reg[2]/R
  -------------------------------------------------------------------    -------------------

Slack:                    inf
  Source:                 camera_video/reset_reg/C
                            (rising edge-triggered cell FDRE clocked by clk_200Mhz_clk_wiz_0  {rise@0.000ns fall@2.500ns period=5.000ns})
  Destination:            camera_video/CamHdotAddress_reg[3]/R
  Path Group:             (none)
  Path Type:              Max at Slow Process Corner
  Data Path Delay:        6.001ns  (logic 1.182ns (19.697%)  route 4.819ns (80.303%))
  Logic Levels:           4  (LUT2=1 LUT4=1 LUT6=2)
  Clock Uncertainty:      0.203ns  ((TSJ^2 + DJ^2)^1/2) / 2 + PE
    Total System Jitter     (TSJ):    0.050ns
    Discrete Jitter          (DJ):    0.132ns
    Phase Error              (PE):    0.132ns

    Location             Delay type                Incr(ns)  Path(ns)    Netlist Resource(s)
  -------------------------------------------------------------------    -------------------
                         (clock clk_200Mhz_clk_wiz_0 rise edge)
                                                      0.000     0.000 r  
    BUFGCTRL_X0Y4        BUFG                         0.000     0.000 r  clock_IBUF_BUFG_inst/O
                         net (fo=166, routed)         1.807     1.807    camera_video/xtime/inst/clk_in1
    MMCME2_ADV_X0Y0      MMCME2_ADV (Prop_mmcme2_adv_CLKIN1_CLKOUT0)
                                                     -3.922    -2.114 r  camera_video/xtime/inst/mmcm_adv_inst/CLKOUT0
                         net (fo=1, routed)           2.018    -0.096    camera_video/xtime/inst/clk_200Mhz_clk_wiz_0
    BUFGCTRL_X0Y6        BUFG (Prop_bufg_I_O)         0.096    -0.000 r  camera_video/xtime/inst/clkout1_buf/O
                         net (fo=26, routed)          1.818     1.818    camera_video/clk_200Mhz
    SLICE_X15Y45         FDRE                                         r  camera_video/reset_reg/C
  -------------------------------------------------------------------    -------------------
    SLICE_X15Y45         FDRE (Prop_fdre_C_Q)         0.456     2.274 f  camera_video/reset_reg/Q
                         net (fo=25, routed)          2.257     4.532    camera_video/reset_reg_n_0
    SLICE_X20Y18         LUT4 (Prop_lut4_I2_O)        0.152     4.684 r  camera_video/NEXT_STATE_DECODE.wcount[6]_i_6/O
                         net (fo=1, routed)           0.436     5.120    camera_video/NEXT_STATE_DECODE.wcount[6]_i_6_n_0
    SLICE_X20Y18         LUT6 (Prop_lut6_I1_O)        0.326     5.446 r  camera_video/NEXT_STATE_DECODE.wcount[6]_i_4/O
                         net (fo=2, routed)           0.678     6.124    camera_video/NEXT_STATE_DECODE.wcount[6]_i_4_n_0
    SLICE_X20Y18         LUT6 (Prop_lut6_I0_O)        0.124     6.248 r  camera_video/CamHdotAddress[6]_i_2/O
                         net (fo=8, routed)           0.825     7.073    camera_video/CamHdotAddress[6]_i_2_n_0
    SLICE_X19Y17         LUT2 (Prop_lut2_I1_O)        0.124     7.197 r  camera_video/CamHdotAddress[6]_i_1/O
                         net (fo=7, routed)           0.623     7.819    camera_video/CamHdotAddress[6]_i_1_n_0
    SLICE_X17Y15         FDRE                                         r  camera_video/CamHdotAddress_reg[3]/R
  -------------------------------------------------------------------    -------------------

Slack:                    inf
  Source:                 camera_video/reset_reg/C
                            (rising edge-triggered cell FDRE clocked by clk_200Mhz_clk_wiz_0  {rise@0.000ns fall@2.500ns period=5.000ns})
  Destination:            camera_video/CamHdotAddress_reg[4]/R
  Path Group:             (none)
  Path Type:              Max at Slow Process Corner
  Data Path Delay:        6.001ns  (logic 1.182ns (19.697%)  route 4.819ns (80.303%))
  Logic Levels:           4  (LUT2=1 LUT4=1 LUT6=2)
  Clock Uncertainty:      0.203ns  ((TSJ^2 + DJ^2)^1/2) / 2 + PE
    Total System Jitter     (TSJ):    0.050ns
    Discrete Jitter          (DJ):    0.132ns
    Phase Error              (PE):    0.132ns

    Location             Delay type                Incr(ns)  Path(ns)    Netlist Resource(s)
  -------------------------------------------------------------------    -------------------
                         (clock clk_200Mhz_clk_wiz_0 rise edge)
                                                      0.000     0.000 r  
    BUFGCTRL_X0Y4        BUFG                         0.000     0.000 r  clock_IBUF_BUFG_inst/O
                         net (fo=166, routed)         1.807     1.807    camera_video/xtime/inst/clk_in1
    MMCME2_ADV_X0Y0      MMCME2_ADV (Prop_mmcme2_adv_CLKIN1_CLKOUT0)
                                                     -3.922    -2.114 r  camera_video/xtime/inst/mmcm_adv_inst/CLKOUT0
                         net (fo=1, routed)           2.018    -0.096    camera_video/xtime/inst/clk_200Mhz_clk_wiz_0
    BUFGCTRL_X0Y6        BUFG (Prop_bufg_I_O)         0.096    -0.000 r  camera_video/xtime/inst/clkout1_buf/O
                         net (fo=26, routed)          1.818     1.818    camera_video/clk_200Mhz
    SLICE_X15Y45         FDRE                                         r  camera_video/reset_reg/C
  -------------------------------------------------------------------    -------------------
    SLICE_X15Y45         FDRE (Prop_fdre_C_Q)         0.456     2.274 f  camera_video/reset_reg/Q
                         net (fo=25, routed)          2.257     4.532    camera_video/reset_reg_n_0
    SLICE_X20Y18         LUT4 (Prop_lut4_I2_O)        0.152     4.684 r  camera_video/NEXT_STATE_DECODE.wcount[6]_i_6/O
                         net (fo=1, routed)           0.436     5.120    camera_video/NEXT_STATE_DECODE.wcount[6]_i_6_n_0
    SLICE_X20Y18         LUT6 (Prop_lut6_I1_O)        0.326     5.446 r  camera_video/NEXT_STATE_DECODE.wcount[6]_i_4/O
                         net (fo=2, routed)           0.678     6.124    camera_video/NEXT_STATE_DECODE.wcount[6]_i_4_n_0
    SLICE_X20Y18         LUT6 (Prop_lut6_I0_O)        0.124     6.248 r  camera_video/CamHdotAddress[6]_i_2/O
                         net (fo=8, routed)           0.825     7.073    camera_video/CamHdotAddress[6]_i_2_n_0
    SLICE_X19Y17         LUT2 (Prop_lut2_I1_O)        0.124     7.197 r  camera_video/CamHdotAddress[6]_i_1/O
                         net (fo=7, routed)           0.623     7.819    camera_video/CamHdotAddress[6]_i_1_n_0
    SLICE_X17Y15         FDRE                                         r  camera_video/CamHdotAddress_reg[4]/R
  -------------------------------------------------------------------    -------------------

Slack:                    inf
  Source:                 camera_video/reset_reg/C
                            (rising edge-triggered cell FDRE clocked by clk_200Mhz_clk_wiz_0  {rise@0.000ns fall@2.500ns period=5.000ns})
  Destination:            camera_video/CamHdotAddress_reg[5]/R
  Path Group:             (none)
  Path Type:              Max at Slow Process Corner
  Data Path Delay:        6.001ns  (logic 1.182ns (19.697%)  route 4.819ns (80.303%))
  Logic Levels:           4  (LUT2=1 LUT4=1 LUT6=2)
  Clock Uncertainty:      0.203ns  ((TSJ^2 + DJ^2)^1/2) / 2 + PE
    Total System Jitter     (TSJ):    0.050ns
    Discrete Jitter          (DJ):    0.132ns
    Phase Error              (PE):    0.132ns

    Location             Delay type                Incr(ns)  Path(ns)    Netlist Resource(s)
  -------------------------------------------------------------------    -------------------
                         (clock clk_200Mhz_clk_wiz_0 rise edge)
                                                      0.000     0.000 r  
    BUFGCTRL_X0Y4        BUFG                         0.000     0.000 r  clock_IBUF_BUFG_inst/O
                         net (fo=166, routed)         1.807     1.807    camera_video/xtime/inst/clk_in1
    MMCME2_ADV_X0Y0      MMCME2_ADV (Prop_mmcme2_adv_CLKIN1_CLKOUT0)
                                                     -3.922    -2.114 r  camera_video/xtime/inst/mmcm_adv_inst/CLKOUT0
                         net (fo=1, routed)           2.018    -0.096    camera_video/xtime/inst/clk_200Mhz_clk_wiz_0
    BUFGCTRL_X0Y6        BUFG (Prop_bufg_I_O)         0.096    -0.000 r  camera_video/xtime/inst/clkout1_buf/O
                         net (fo=26, routed)          1.818     1.818    camera_video/clk_200Mhz
    SLICE_X15Y45         FDRE                                         r  camera_video/reset_reg/C
  -------------------------------------------------------------------    -------------------
    SLICE_X15Y45         FDRE (Prop_fdre_C_Q)         0.456     2.274 f  camera_video/reset_reg/Q
                         net (fo=25, routed)          2.257     4.532    camera_video/reset_reg_n_0
    SLICE_X20Y18         LUT4 (Prop_lut4_I2_O)        0.152     4.684 r  camera_video/NEXT_STATE_DECODE.wcount[6]_i_6/O
                         net (fo=1, routed)           0.436     5.120    camera_video/NEXT_STATE_DECODE.wcount[6]_i_6_n_0
    SLICE_X20Y18         LUT6 (Prop_lut6_I1_O)        0.326     5.446 r  camera_video/NEXT_STATE_DECODE.wcount[6]_i_4/O
                         net (fo=2, routed)           0.678     6.124    camera_video/NEXT_STATE_DECODE.wcount[6]_i_4_n_0
    SLICE_X20Y18         LUT6 (Prop_lut6_I0_O)        0.124     6.248 r  camera_video/CamHdotAddress[6]_i_2/O
                         net (fo=8, routed)           0.825     7.073    camera_video/CamHdotAddress[6]_i_2_n_0
    SLICE_X19Y17         LUT2 (Prop_lut2_I1_O)        0.124     7.197 r  camera_video/CamHdotAddress[6]_i_1/O
                         net (fo=7, routed)           0.623     7.819    camera_video/CamHdotAddress[6]_i_1_n_0
    SLICE_X17Y15         FDRE                                         r  camera_video/CamHdotAddress_reg[5]/R
  -------------------------------------------------------------------    -------------------

Slack:                    inf
  Source:                 camera_video/reset_reg/C
                            (rising edge-triggered cell FDRE clocked by clk_200Mhz_clk_wiz_0  {rise@0.000ns fall@2.500ns period=5.000ns})
  Destination:            camera_video/CamHdotAddress_reg[6]/R
  Path Group:             (none)
  Path Type:              Max at Slow Process Corner
  Data Path Delay:        6.001ns  (logic 1.182ns (19.697%)  route 4.819ns (80.303%))
  Logic Levels:           4  (LUT2=1 LUT4=1 LUT6=2)
  Clock Uncertainty:      0.203ns  ((TSJ^2 + DJ^2)^1/2) / 2 + PE
    Total System Jitter     (TSJ):    0.050ns
    Discrete Jitter          (DJ):    0.132ns
    Phase Error              (PE):    0.132ns

    Location             Delay type                Incr(ns)  Path(ns)    Netlist Resource(s)
  -------------------------------------------------------------------    -------------------
                         (clock clk_200Mhz_clk_wiz_0 rise edge)
                                                      0.000     0.000 r  
    BUFGCTRL_X0Y4        BUFG                         0.000     0.000 r  clock_IBUF_BUFG_inst/O
                         net (fo=166, routed)         1.807     1.807    camera_video/xtime/inst/clk_in1
    MMCME2_ADV_X0Y0      MMCME2_ADV (Prop_mmcme2_adv_CLKIN1_CLKOUT0)
                                                     -3.922    -2.114 r  camera_video/xtime/inst/mmcm_adv_inst/CLKOUT0
                         net (fo=1, routed)           2.018    -0.096    camera_video/xtime/inst/clk_200Mhz_clk_wiz_0
    BUFGCTRL_X0Y6        BUFG (Prop_bufg_I_O)         0.096    -0.000 r  camera_video/xtime/inst/clkout1_buf/O
                         net (fo=26, routed)          1.818     1.818    camera_video/clk_200Mhz
    SLICE_X15Y45         FDRE                                         r  camera_video/reset_reg/C
  -------------------------------------------------------------------    -------------------
    SLICE_X15Y45         FDRE (Prop_fdre_C_Q)         0.456     2.274 f  camera_video/reset_reg/Q
                         net (fo=25, routed)          2.257     4.532    camera_video/reset_reg_n_0
    SLICE_X20Y18         LUT4 (Prop_lut4_I2_O)        0.152     4.684 r  camera_video/NEXT_STATE_DECODE.wcount[6]_i_6/O
                         net (fo=1, routed)           0.436     5.120    camera_video/NEXT_STATE_DECODE.wcount[6]_i_6_n_0
    SLICE_X20Y18         LUT6 (Prop_lut6_I1_O)        0.326     5.446 r  camera_video/NEXT_STATE_DECODE.wcount[6]_i_4/O
                         net (fo=2, routed)           0.678     6.124    camera_video/NEXT_STATE_DECODE.wcount[6]_i_4_n_0
    SLICE_X20Y18         LUT6 (Prop_lut6_I0_O)        0.124     6.248 r  camera_video/CamHdotAddress[6]_i_2/O
                         net (fo=8, routed)           0.825     7.073    camera_video/CamHdotAddress[6]_i_2_n_0
    SLICE_X19Y17         LUT2 (Prop_lut2_I1_O)        0.124     7.197 r  camera_video/CamHdotAddress[6]_i_1/O
                         net (fo=7, routed)           0.623     7.819    camera_video/CamHdotAddress[6]_i_1_n_0
    SLICE_X17Y15         FDRE                                         r  camera_video/CamHdotAddress_reg[6]/R
  -------------------------------------------------------------------    -------------------

Slack:                    inf
  Source:                 camera_video/reset_reg/C
                            (rising edge-triggered cell FDRE clocked by clk_200Mhz_clk_wiz_0  {rise@0.000ns fall@2.500ns period=5.000ns})
  Destination:            camera_video/NEXT_STATE_DECODE.wcount_reg[0]/R
  Path Group:             (none)
  Path Type:              Max at Slow Process Corner
  Data Path Delay:        5.771ns  (logic 1.182ns (20.480%)  route 4.589ns (79.520%))
  Logic Levels:           4  (LUT2=1 LUT4=1 LUT6=2)
  Clock Uncertainty:      0.203ns  ((TSJ^2 + DJ^2)^1/2) / 2 + PE
    Total System Jitter     (TSJ):    0.050ns
    Discrete Jitter          (DJ):    0.132ns
    Phase Error              (PE):    0.132ns

    Location             Delay type                Incr(ns)  Path(ns)    Netlist Resource(s)
  -------------------------------------------------------------------    -------------------
                         (clock clk_200Mhz_clk_wiz_0 rise edge)
                                                      0.000     0.000 r  
    BUFGCTRL_X0Y4        BUFG                         0.000     0.000 r  clock_IBUF_BUFG_inst/O
                         net (fo=166, routed)         1.807     1.807    camera_video/xtime/inst/clk_in1
    MMCME2_ADV_X0Y0      MMCME2_ADV (Prop_mmcme2_adv_CLKIN1_CLKOUT0)
                                                     -3.922    -2.114 r  camera_video/xtime/inst/mmcm_adv_inst/CLKOUT0
                         net (fo=1, routed)           2.018    -0.096    camera_video/xtime/inst/clk_200Mhz_clk_wiz_0
    BUFGCTRL_X0Y6        BUFG (Prop_bufg_I_O)         0.096    -0.000 r  camera_video/xtime/inst/clkout1_buf/O
                         net (fo=26, routed)          1.818     1.818    camera_video/clk_200Mhz
    SLICE_X15Y45         FDRE                                         r  camera_video/reset_reg/C
  -------------------------------------------------------------------    -------------------
    SLICE_X15Y45         FDRE (Prop_fdre_C_Q)         0.456     2.274 f  camera_video/reset_reg/Q
                         net (fo=25, routed)          2.257     4.532    camera_video/reset_reg_n_0
    SLICE_X20Y18         LUT4 (Prop_lut4_I2_O)        0.152     4.684 r  camera_video/NEXT_STATE_DECODE.wcount[6]_i_6/O
                         net (fo=1, routed)           0.436     5.120    camera_video/NEXT_STATE_DECODE.wcount[6]_i_6_n_0
    SLICE_X20Y18         LUT6 (Prop_lut6_I1_O)        0.326     5.446 r  camera_video/NEXT_STATE_DECODE.wcount[6]_i_4/O
                         net (fo=2, routed)           0.291     5.737    camera_video/NEXT_STATE_DECODE.wcount[6]_i_4_n_0
    SLICE_X20Y18         LUT6 (Prop_lut6_I5_O)        0.124     5.861 r  camera_video/NEXT_STATE_DECODE.wcount[6]_i_2/O
                         net (fo=8, routed)           0.972     6.832    camera_video/NEXT_STATE_DECODE.wcount[6]_i_2_n_0
    SLICE_X16Y15         LUT2 (Prop_lut2_I1_O)        0.124     6.956 r  camera_video/NEXT_STATE_DECODE.wcount[6]_i_1/O
                         net (fo=7, routed)           0.634     7.590    camera_video/NEXT_STATE_DECODE.wcount[6]_i_1_n_0
    SLICE_X16Y15         FDRE                                         r  camera_video/NEXT_STATE_DECODE.wcount_reg[0]/R
  -------------------------------------------------------------------    -------------------

Slack:                    inf
  Source:                 camera_video/reset_reg/C
                            (rising edge-triggered cell FDRE clocked by clk_200Mhz_clk_wiz_0  {rise@0.000ns fall@2.500ns period=5.000ns})
  Destination:            camera_video/NEXT_STATE_DECODE.wcount_reg[1]/R
  Path Group:             (none)
  Path Type:              Max at Slow Process Corner
  Data Path Delay:        5.771ns  (logic 1.182ns (20.480%)  route 4.589ns (79.520%))
  Logic Levels:           4  (LUT2=1 LUT4=1 LUT6=2)
  Clock Uncertainty:      0.203ns  ((TSJ^2 + DJ^2)^1/2) / 2 + PE
    Total System Jitter     (TSJ):    0.050ns
    Discrete Jitter          (DJ):    0.132ns
    Phase Error              (PE):    0.132ns

    Location             Delay type                Incr(ns)  Path(ns)    Netlist Resource(s)
  -------------------------------------------------------------------    -------------------
                         (clock clk_200Mhz_clk_wiz_0 rise edge)
                                                      0.000     0.000 r  
    BUFGCTRL_X0Y4        BUFG                         0.000     0.000 r  clock_IBUF_BUFG_inst/O
                         net (fo=166, routed)         1.807     1.807    camera_video/xtime/inst/clk_in1
    MMCME2_ADV_X0Y0      MMCME2_ADV (Prop_mmcme2_adv_CLKIN1_CLKOUT0)
                                                     -3.922    -2.114 r  camera_video/xtime/inst/mmcm_adv_inst/CLKOUT0
                         net (fo=1, routed)           2.018    -0.096    camera_video/xtime/inst/clk_200Mhz_clk_wiz_0
    BUFGCTRL_X0Y6        BUFG (Prop_bufg_I_O)         0.096    -0.000 r  camera_video/xtime/inst/clkout1_buf/O
                         net (fo=26, routed)          1.818     1.818    camera_video/clk_200Mhz
    SLICE_X15Y45         FDRE                                         r  camera_video/reset_reg/C
  -------------------------------------------------------------------    -------------------
    SLICE_X15Y45         FDRE (Prop_fdre_C_Q)         0.456     2.274 f  camera_video/reset_reg/Q
                         net (fo=25, routed)          2.257     4.532    camera_video/reset_reg_n_0
    SLICE_X20Y18         LUT4 (Prop_lut4_I2_O)        0.152     4.684 r  camera_video/NEXT_STATE_DECODE.wcount[6]_i_6/O
                         net (fo=1, routed)           0.436     5.120    camera_video/NEXT_STATE_DECODE.wcount[6]_i_6_n_0
    SLICE_X20Y18         LUT6 (Prop_lut6_I1_O)        0.326     5.446 r  camera_video/NEXT_STATE_DECODE.wcount[6]_i_4/O
                         net (fo=2, routed)           0.291     5.737    camera_video/NEXT_STATE_DECODE.wcount[6]_i_4_n_0
    SLICE_X20Y18         LUT6 (Prop_lut6_I5_O)        0.124     5.861 r  camera_video/NEXT_STATE_DECODE.wcount[6]_i_2/O
                         net (fo=8, routed)           0.972     6.832    camera_video/NEXT_STATE_DECODE.wcount[6]_i_2_n_0
    SLICE_X16Y15         LUT2 (Prop_lut2_I1_O)        0.124     6.956 r  camera_video/NEXT_STATE_DECODE.wcount[6]_i_1/O
                         net (fo=7, routed)           0.634     7.590    camera_video/NEXT_STATE_DECODE.wcount[6]_i_1_n_0
    SLICE_X16Y15         FDRE                                         r  camera_video/NEXT_STATE_DECODE.wcount_reg[1]/R
  -------------------------------------------------------------------    -------------------

Slack:                    inf
  Source:                 camera_video/reset_reg/C
                            (rising edge-triggered cell FDRE clocked by clk_200Mhz_clk_wiz_0  {rise@0.000ns fall@2.500ns period=5.000ns})
  Destination:            camera_video/NEXT_STATE_DECODE.wcount_reg[2]/R
  Path Group:             (none)
  Path Type:              Max at Slow Process Corner
  Data Path Delay:        5.771ns  (logic 1.182ns (20.480%)  route 4.589ns (79.520%))
  Logic Levels:           4  (LUT2=1 LUT4=1 LUT6=2)
  Clock Uncertainty:      0.203ns  ((TSJ^2 + DJ^2)^1/2) / 2 + PE
    Total System Jitter     (TSJ):    0.050ns
    Discrete Jitter          (DJ):    0.132ns
    Phase Error              (PE):    0.132ns

    Location             Delay type                Incr(ns)  Path(ns)    Netlist Resource(s)
  -------------------------------------------------------------------    -------------------
                         (clock clk_200Mhz_clk_wiz_0 rise edge)
                                                      0.000     0.000 r  
    BUFGCTRL_X0Y4        BUFG                         0.000     0.000 r  clock_IBUF_BUFG_inst/O
                         net (fo=166, routed)         1.807     1.807    camera_video/xtime/inst/clk_in1
    MMCME2_ADV_X0Y0      MMCME2_ADV (Prop_mmcme2_adv_CLKIN1_CLKOUT0)
                                                     -3.922    -2.114 r  camera_video/xtime/inst/mmcm_adv_inst/CLKOUT0
                         net (fo=1, routed)           2.018    -0.096    camera_video/xtime/inst/clk_200Mhz_clk_wiz_0
    BUFGCTRL_X0Y6        BUFG (Prop_bufg_I_O)         0.096    -0.000 r  camera_video/xtime/inst/clkout1_buf/O
                         net (fo=26, routed)          1.818     1.818    camera_video/clk_200Mhz
    SLICE_X15Y45         FDRE                                         r  camera_video/reset_reg/C
  -------------------------------------------------------------------    -------------------
    SLICE_X15Y45         FDRE (Prop_fdre_C_Q)         0.456     2.274 f  camera_video/reset_reg/Q
                         net (fo=25, routed)          2.257     4.532    camera_video/reset_reg_n_0
    SLICE_X20Y18         LUT4 (Prop_lut4_I2_O)        0.152     4.684 r  camera_video/NEXT_STATE_DECODE.wcount[6]_i_6/O
                         net (fo=1, routed)           0.436     5.120    camera_video/NEXT_STATE_DECODE.wcount[6]_i_6_n_0
    SLICE_X20Y18         LUT6 (Prop_lut6_I1_O)        0.326     5.446 r  camera_video/NEXT_STATE_DECODE.wcount[6]_i_4/O
                         net (fo=2, routed)           0.291     5.737    camera_video/NEXT_STATE_DECODE.wcount[6]_i_4_n_0
    SLICE_X20Y18         LUT6 (Prop_lut6_I5_O)        0.124     5.861 r  camera_video/NEXT_STATE_DECODE.wcount[6]_i_2/O
                         net (fo=8, routed)           0.972     6.832    camera_video/NEXT_STATE_DECODE.wcount[6]_i_2_n_0
    SLICE_X16Y15         LUT2 (Prop_lut2_I1_O)        0.124     6.956 r  camera_video/NEXT_STATE_DECODE.wcount[6]_i_1/O
                         net (fo=7, routed)           0.634     7.590    camera_video/NEXT_STATE_DECODE.wcount[6]_i_1_n_0
    SLICE_X16Y15         FDRE                                         r  camera_video/NEXT_STATE_DECODE.wcount_reg[2]/R
  -------------------------------------------------------------------    -------------------





Min Delay Paths
--------------------------------------------------------------------------------------
Slack:                    inf
  Source:                 camera_video/reset_reg/C
                            (rising edge-triggered cell FDRE clocked by clk_200Mhz_clk_wiz_0  {rise@0.000ns fall@2.500ns period=5.000ns})
  Destination:            camera_video/debounce_configure_camera/detection_button.bounce_count_reg[1]/D
  Path Group:             (none)
  Path Type:              Min at Fast Process Corner
  Data Path Delay:        0.360ns  (logic 0.186ns (51.699%)  route 0.174ns (48.301%))
  Logic Levels:           1  (LUT6=1)
  Clock Uncertainty:      0.203ns  ((TSJ^2 + DJ^2)^1/2) / 2 + PE
    Total System Jitter     (TSJ):    0.050ns
    Discrete Jitter          (DJ):    0.132ns
    Phase Error              (PE):    0.132ns

    Location             Delay type                Incr(ns)  Path(ns)    Netlist Resource(s)
  -------------------------------------------------------------------    -------------------
                         (clock clk_200Mhz_clk_wiz_0 rise edge)
                                                      0.000     0.000 r  
    BUFGCTRL_X0Y4        BUFG                         0.000     0.000 r  clock_IBUF_BUFG_inst/O
                         net (fo=166, routed)         0.622     0.622    camera_video/xtime/inst/clk_in1
    MMCME2_ADV_X0Y0      MMCME2_ADV (Prop_mmcme2_adv_CLKIN1_CLKOUT0)
                                                     -1.296    -0.674 r  camera_video/xtime/inst/mmcm_adv_inst/CLKOUT0
                         net (fo=1, routed)           0.648    -0.026    camera_video/xtime/inst/clk_200Mhz_clk_wiz_0
    BUFGCTRL_X0Y6        BUFG (Prop_bufg_I_O)         0.026     0.000 r  camera_video/xtime/inst/clkout1_buf/O
                         net (fo=26, routed)          0.639     0.639    camera_video/clk_200Mhz
    SLICE_X15Y45         FDRE                                         r  camera_video/reset_reg/C
  -------------------------------------------------------------------    -------------------
    SLICE_X15Y45         FDRE (Prop_fdre_C_Q)         0.141     0.780 r  camera_video/reset_reg/Q
                         net (fo=25, routed)          0.174     0.954    camera_video/debounce_configure_camera/detection_button.bounce_count_reg[2]_0
    SLICE_X15Y46         LUT6 (Prop_lut6_I3_O)        0.045     0.999 r  camera_video/debounce_configure_camera/detection_button.bounce_count[1]_i_1/O
                         net (fo=1, routed)           0.000     0.999    camera_video/debounce_configure_camera/detection_button.bounce_count[1]_i_1_n_0
    SLICE_X15Y46         FDRE                                         r  camera_video/debounce_configure_camera/detection_button.bounce_count_reg[1]/D
  -------------------------------------------------------------------    -------------------

Slack:                    inf
  Source:                 camera_video/reset_reg/C
                            (rising edge-triggered cell FDRE clocked by clk_200Mhz_clk_wiz_0  {rise@0.000ns fall@2.500ns period=5.000ns})
  Destination:            camera_video/debounce_configure_camera/detection_button.bounce_count_reg[2]/D
  Path Group:             (none)
  Path Type:              Min at Fast Process Corner
  Data Path Delay:        0.361ns  (logic 0.186ns (51.556%)  route 0.175ns (48.444%))
  Logic Levels:           1  (LUT6=1)
  Clock Uncertainty:      0.203ns  ((TSJ^2 + DJ^2)^1/2) / 2 + PE
    Total System Jitter     (TSJ):    0.050ns
    Discrete Jitter          (DJ):    0.132ns
    Phase Error              (PE):    0.132ns

    Location             Delay type                Incr(ns)  Path(ns)    Netlist Resource(s)
  -------------------------------------------------------------------    -------------------
                         (clock clk_200Mhz_clk_wiz_0 rise edge)
                                                      0.000     0.000 r  
    BUFGCTRL_X0Y4        BUFG                         0.000     0.000 r  clock_IBUF_BUFG_inst/O
                         net (fo=166, routed)         0.622     0.622    camera_video/xtime/inst/clk_in1
    MMCME2_ADV_X0Y0      MMCME2_ADV (Prop_mmcme2_adv_CLKIN1_CLKOUT0)
                                                     -1.296    -0.674 r  camera_video/xtime/inst/mmcm_adv_inst/CLKOUT0
                         net (fo=1, routed)           0.648    -0.026    camera_video/xtime/inst/clk_200Mhz_clk_wiz_0
    BUFGCTRL_X0Y6        BUFG (Prop_bufg_I_O)         0.026     0.000 r  camera_video/xtime/inst/clkout1_buf/O
                         net (fo=26, routed)          0.639     0.639    camera_video/clk_200Mhz
    SLICE_X15Y45         FDRE                                         r  camera_video/reset_reg/C
  -------------------------------------------------------------------    -------------------
    SLICE_X15Y45         FDRE (Prop_fdre_C_Q)         0.141     0.780 r  camera_video/reset_reg/Q
                         net (fo=25, routed)          0.175     0.955    camera_video/debounce_configure_camera/detection_button.bounce_count_reg[2]_0
    SLICE_X15Y46         LUT6 (Prop_lut6_I3_O)        0.045     1.000 r  camera_video/debounce_configure_camera/detection_button.bounce_count[2]_i_1/O
                         net (fo=1, routed)           0.000     1.000    camera_video/debounce_configure_camera/detection_button.bounce_count[2]_i_1_n_0
    SLICE_X15Y46         FDRE                                         r  camera_video/debounce_configure_camera/detection_button.bounce_count_reg[2]/D
  -------------------------------------------------------------------    -------------------

Slack:                    inf
  Source:                 camera_video/reset_reg/C
                            (rising edge-triggered cell FDRE clocked by clk_200Mhz_clk_wiz_0  {rise@0.000ns fall@2.500ns period=5.000ns})
  Destination:            camera_video/debounce_configure_camera/button_out_reg/D
  Path Group:             (none)
  Path Type:              Min at Fast Process Corner
  Data Path Delay:        0.391ns  (logic 0.186ns (47.521%)  route 0.205ns (52.479%))
  Logic Levels:           1  (LUT5=1)
  Clock Uncertainty:      0.203ns  ((TSJ^2 + DJ^2)^1/2) / 2 + PE
    Total System Jitter     (TSJ):    0.050ns
    Discrete Jitter          (DJ):    0.132ns
    Phase Error              (PE):    0.132ns

    Location             Delay type                Incr(ns)  Path(ns)    Netlist Resource(s)
  -------------------------------------------------------------------    -------------------
                         (clock clk_200Mhz_clk_wiz_0 rise edge)
                                                      0.000     0.000 r  
    BUFGCTRL_X0Y4        BUFG                         0.000     0.000 r  clock_IBUF_BUFG_inst/O
                         net (fo=166, routed)         0.622     0.622    camera_video/xtime/inst/clk_in1
    MMCME2_ADV_X0Y0      MMCME2_ADV (Prop_mmcme2_adv_CLKIN1_CLKOUT0)
                                                     -1.296    -0.674 r  camera_video/xtime/inst/mmcm_adv_inst/CLKOUT0
                         net (fo=1, routed)           0.648    -0.026    camera_video/xtime/inst/clk_200Mhz_clk_wiz_0
    BUFGCTRL_X0Y6        BUFG (Prop_bufg_I_O)         0.026     0.000 r  camera_video/xtime/inst/clkout1_buf/O
                         net (fo=26, routed)          0.639     0.639    camera_video/clk_200Mhz
    SLICE_X15Y45         FDRE                                         r  camera_video/reset_reg/C
  -------------------------------------------------------------------    -------------------
    SLICE_X15Y45         FDRE (Prop_fdre_C_Q)         0.141     0.780 r  camera_video/reset_reg/Q
                         net (fo=25, routed)          0.205     0.986    camera_video/debounce_configure_camera/detection_button.bounce_count_reg[2]_0
    SLICE_X16Y46         LUT5 (Prop_lut5_I0_O)        0.045     1.031 r  camera_video/debounce_configure_camera/button_out_i_1/O
                         net (fo=1, routed)           0.000     1.031    camera_video/debounce_configure_camera/button_out_i_1_n_0
    SLICE_X16Y46         FDRE                                         r  camera_video/debounce_configure_camera/button_out_reg/D
  -------------------------------------------------------------------    -------------------

Slack:                    inf
  Source:                 camera_video/reset_reg/C
                            (rising edge-triggered cell FDRE clocked by clk_200Mhz_clk_wiz_0  {rise@0.000ns fall@2.500ns period=5.000ns})
  Destination:            camera_video/debounce_configure_camera/detection_button.previous_state_reg/D
  Path Group:             (none)
  Path Type:              Min at Fast Process Corner
  Data Path Delay:        0.453ns  (logic 0.186ns (41.092%)  route 0.267ns (58.908%))
  Logic Levels:           1  (LUT6=1)
  Clock Uncertainty:      0.203ns  ((TSJ^2 + DJ^2)^1/2) / 2 + PE
    Total System Jitter     (TSJ):    0.050ns
    Discrete Jitter          (DJ):    0.132ns
    Phase Error              (PE):    0.132ns

    Location             Delay type                Incr(ns)  Path(ns)    Netlist Resource(s)
  -------------------------------------------------------------------    -------------------
                         (clock clk_200Mhz_clk_wiz_0 rise edge)
                                                      0.000     0.000 r  
    BUFGCTRL_X0Y4        BUFG                         0.000     0.000 r  clock_IBUF_BUFG_inst/O
                         net (fo=166, routed)         0.622     0.622    camera_video/xtime/inst/clk_in1
    MMCME2_ADV_X0Y0      MMCME2_ADV (Prop_mmcme2_adv_CLKIN1_CLKOUT0)
                                                     -1.296    -0.674 r  camera_video/xtime/inst/mmcm_adv_inst/CLKOUT0
                         net (fo=1, routed)           0.648    -0.026    camera_video/xtime/inst/clk_200Mhz_clk_wiz_0
    BUFGCTRL_X0Y6        BUFG (Prop_bufg_I_O)         0.026     0.000 r  camera_video/xtime/inst/clkout1_buf/O
                         net (fo=26, routed)          0.639     0.639    camera_video/clk_200Mhz
    SLICE_X15Y45         FDRE                                         r  camera_video/reset_reg/C
  -------------------------------------------------------------------    -------------------
    SLICE_X15Y45         FDRE (Prop_fdre_C_Q)         0.141     0.780 r  camera_video/reset_reg/Q
                         net (fo=25, routed)          0.267     1.047    camera_video/debounce_configure_camera/detection_button.bounce_count_reg[2]_0
    SLICE_X16Y46         LUT6 (Prop_lut6_I5_O)        0.045     1.092 r  camera_video/debounce_configure_camera/detection_button.previous_state_i_1/O
                         net (fo=1, routed)           0.000     1.092    camera_video/debounce_configure_camera/detection_button.previous_state_i_1_n_0
    SLICE_X16Y46         FDRE                                         r  camera_video/debounce_configure_camera/detection_button.previous_state_reg/D
  -------------------------------------------------------------------    -------------------

Slack:                    inf
  Source:                 camera_video/reset_reg/C
                            (rising edge-triggered cell FDRE clocked by clk_200Mhz_clk_wiz_0  {rise@0.000ns fall@2.500ns period=5.000ns})
  Destination:            camera_video/debounce_configure_camera/detection_button.bounce_count_reg[0]/D
  Path Group:             (none)
  Path Type:              Min at Fast Process Corner
  Data Path Delay:        0.460ns  (logic 0.186ns (40.450%)  route 0.274ns (59.550%))
  Logic Levels:           1  (LUT6=1)
  Clock Uncertainty:      0.203ns  ((TSJ^2 + DJ^2)^1/2) / 2 + PE
    Total System Jitter     (TSJ):    0.050ns
    Discrete Jitter          (DJ):    0.132ns
    Phase Error              (PE):    0.132ns

    Location             Delay type                Incr(ns)  Path(ns)    Netlist Resource(s)
  -------------------------------------------------------------------    -------------------
                         (clock clk_200Mhz_clk_wiz_0 rise edge)
                                                      0.000     0.000 r  
    BUFGCTRL_X0Y4        BUFG                         0.000     0.000 r  clock_IBUF_BUFG_inst/O
                         net (fo=166, routed)         0.622     0.622    camera_video/xtime/inst/clk_in1
    MMCME2_ADV_X0Y0      MMCME2_ADV (Prop_mmcme2_adv_CLKIN1_CLKOUT0)
                                                     -1.296    -0.674 r  camera_video/xtime/inst/mmcm_adv_inst/CLKOUT0
                         net (fo=1, routed)           0.648    -0.026    camera_video/xtime/inst/clk_200Mhz_clk_wiz_0
    BUFGCTRL_X0Y6        BUFG (Prop_bufg_I_O)         0.026     0.000 r  camera_video/xtime/inst/clkout1_buf/O
                         net (fo=26, routed)          0.639     0.639    camera_video/clk_200Mhz
    SLICE_X15Y45         FDRE                                         r  camera_video/reset_reg/C
  -------------------------------------------------------------------    -------------------
    SLICE_X15Y45         FDRE (Prop_fdre_C_Q)         0.141     0.780 r  camera_video/reset_reg/Q
                         net (fo=25, routed)          0.274     1.054    camera_video/debounce_configure_camera/detection_button.bounce_count_reg[2]_0
    SLICE_X15Y46         LUT6 (Prop_lut6_I3_O)        0.045     1.099 r  camera_video/debounce_configure_camera/detection_button.bounce_count[0]_i_1/O
                         net (fo=1, routed)           0.000     1.099    camera_video/debounce_configure_camera/detection_button.bounce_count[0]_i_1_n_0
    SLICE_X15Y46         FDRE                                         r  camera_video/debounce_configure_camera/detection_button.bounce_count_reg[0]/D
  -------------------------------------------------------------------    -------------------

Slack:                    inf
  Source:                 camera_video/reset_reg/C
                            (rising edge-triggered cell FDRE clocked by clk_200Mhz_clk_wiz_0  {rise@0.000ns fall@2.500ns period=5.000ns})
  Destination:            camera_video/debounce_video_source/detection_button.previous_state_reg/D
  Path Group:             (none)
  Path Type:              Min at Fast Process Corner
  Data Path Delay:        0.619ns  (logic 0.186ns (30.032%)  route 0.433ns (69.968%))
  Logic Levels:           1  (LUT6=1)
  Clock Uncertainty:      0.203ns  ((TSJ^2 + DJ^2)^1/2) / 2 + PE
    Total System Jitter     (TSJ):    0.050ns
    Discrete Jitter          (DJ):    0.132ns
    Phase Error              (PE):    0.132ns

    Location             Delay type                Incr(ns)  Path(ns)    Netlist Resource(s)
  -------------------------------------------------------------------    -------------------
                         (clock clk_200Mhz_clk_wiz_0 rise edge)
                                                      0.000     0.000 r  
    BUFGCTRL_X0Y4        BUFG                         0.000     0.000 r  clock_IBUF_BUFG_inst/O
                         net (fo=166, routed)         0.622     0.622    camera_video/xtime/inst/clk_in1
    MMCME2_ADV_X0Y0      MMCME2_ADV (Prop_mmcme2_adv_CLKIN1_CLKOUT0)
                                                     -1.296    -0.674 r  camera_video/xtime/inst/mmcm_adv_inst/CLKOUT0
                         net (fo=1, routed)           0.648    -0.026    camera_video/xtime/inst/clk_200Mhz_clk_wiz_0
    BUFGCTRL_X0Y6        BUFG (Prop_bufg_I_O)         0.026     0.000 r  camera_video/xtime/inst/clkout1_buf/O
                         net (fo=26, routed)          0.639     0.639    camera_video/clk_200Mhz
    SLICE_X15Y45         FDRE                                         r  camera_video/reset_reg/C
  -------------------------------------------------------------------    -------------------
    SLICE_X15Y45         FDRE (Prop_fdre_C_Q)         0.141     0.780 r  camera_video/reset_reg/Q
                         net (fo=25, routed)          0.433     1.214    camera_video/debounce_video_source/detection_button.bounce_count_reg[2]_0
    SLICE_X10Y32         LUT6 (Prop_lut6_I5_O)        0.045     1.259 r  camera_video/debounce_video_source/detection_button.previous_state_i_1__2/O
                         net (fo=1, routed)           0.000     1.259    camera_video/debounce_video_source/detection_button.previous_state_i_1__2_n_0
    SLICE_X10Y32         FDRE                                         r  camera_video/debounce_video_source/detection_button.previous_state_reg/D
  -------------------------------------------------------------------    -------------------

Slack:                    inf
  Source:                 camera_video/reset_reg/C
                            (rising edge-triggered cell FDRE clocked by clk_200Mhz_clk_wiz_0  {rise@0.000ns fall@2.500ns period=5.000ns})
  Destination:            camera_video/debounce_video_source/detection_button.bounce_count_reg[2]/D
  Path Group:             (none)
  Path Type:              Min at Fast Process Corner
  Data Path Delay:        0.694ns  (logic 0.186ns (26.782%)  route 0.508ns (73.218%))
  Logic Levels:           1  (LUT6=1)
  Clock Uncertainty:      0.203ns  ((TSJ^2 + DJ^2)^1/2) / 2 + PE
    Total System Jitter     (TSJ):    0.050ns
    Discrete Jitter          (DJ):    0.132ns
    Phase Error              (PE):    0.132ns

    Location             Delay type                Incr(ns)  Path(ns)    Netlist Resource(s)
  -------------------------------------------------------------------    -------------------
                         (clock clk_200Mhz_clk_wiz_0 rise edge)
                                                      0.000     0.000 r  
    BUFGCTRL_X0Y4        BUFG                         0.000     0.000 r  clock_IBUF_BUFG_inst/O
                         net (fo=166, routed)         0.622     0.622    camera_video/xtime/inst/clk_in1
    MMCME2_ADV_X0Y0      MMCME2_ADV (Prop_mmcme2_adv_CLKIN1_CLKOUT0)
                                                     -1.296    -0.674 r  camera_video/xtime/inst/mmcm_adv_inst/CLKOUT0
                         net (fo=1, routed)           0.648    -0.026    camera_video/xtime/inst/clk_200Mhz_clk_wiz_0
    BUFGCTRL_X0Y6        BUFG (Prop_bufg_I_O)         0.026     0.000 r  camera_video/xtime/inst/clkout1_buf/O
                         net (fo=26, routed)          0.639     0.639    camera_video/clk_200Mhz
    SLICE_X15Y45         FDRE                                         r  camera_video/reset_reg/C
  -------------------------------------------------------------------    -------------------
    SLICE_X15Y45         FDRE (Prop_fdre_C_Q)         0.141     0.780 r  camera_video/reset_reg/Q
                         net (fo=25, routed)          0.508     1.289    camera_video/debounce_video_source/detection_button.bounce_count_reg[2]_0
    SLICE_X11Y32         LUT6 (Prop_lut6_I3_O)        0.045     1.334 r  camera_video/debounce_video_source/detection_button.bounce_count[2]_i_1/O
                         net (fo=1, routed)           0.000     1.334    camera_video/debounce_video_source/detection_button.bounce_count[2]_i_1_n_0
    SLICE_X11Y32         FDRE                                         r  camera_video/debounce_video_source/detection_button.bounce_count_reg[2]/D
  -------------------------------------------------------------------    -------------------

Slack:                    inf
  Source:                 camera_video/reset_reg/C
                            (rising edge-triggered cell FDRE clocked by clk_200Mhz_clk_wiz_0  {rise@0.000ns fall@2.500ns period=5.000ns})
  Destination:            camera_video/debounce_video_source/button_out_reg_rep/D
  Path Group:             (none)
  Path Type:              Min at Fast Process Corner
  Data Path Delay:        0.747ns  (logic 0.186ns (24.883%)  route 0.561ns (75.117%))
  Logic Levels:           1  (LUT5=1)
  Clock Uncertainty:      0.203ns  ((TSJ^2 + DJ^2)^1/2) / 2 + PE
    Total System Jitter     (TSJ):    0.050ns
    Discrete Jitter          (DJ):    0.132ns
    Phase Error              (PE):    0.132ns

    Location             Delay type                Incr(ns)  Path(ns)    Netlist Resource(s)
  -------------------------------------------------------------------    -------------------
                         (clock clk_200Mhz_clk_wiz_0 rise edge)
                                                      0.000     0.000 r  
    BUFGCTRL_X0Y4        BUFG                         0.000     0.000 r  clock_IBUF_BUFG_inst/O
                         net (fo=166, routed)         0.622     0.622    camera_video/xtime/inst/clk_in1
    MMCME2_ADV_X0Y0      MMCME2_ADV (Prop_mmcme2_adv_CLKIN1_CLKOUT0)
                                                     -1.296    -0.674 r  camera_video/xtime/inst/mmcm_adv_inst/CLKOUT0
                         net (fo=1, routed)           0.648    -0.026    camera_video/xtime/inst/clk_200Mhz_clk_wiz_0
    BUFGCTRL_X0Y6        BUFG (Prop_bufg_I_O)         0.026     0.000 r  camera_video/xtime/inst/clkout1_buf/O
                         net (fo=26, routed)          0.639     0.639    camera_video/clk_200Mhz
    SLICE_X15Y45         FDRE                                         r  camera_video/reset_reg/C
  -------------------------------------------------------------------    -------------------
    SLICE_X15Y45         FDRE (Prop_fdre_C_Q)         0.141     0.780 r  camera_video/reset_reg/Q
                         net (fo=25, routed)          0.561     1.342    camera_video/debounce_video_source/detection_button.bounce_count_reg[2]_0
    SLICE_X11Y32         LUT5 (Prop_lut5_I0_O)        0.045     1.387 r  camera_video/debounce_video_source/button_out_rep_i_1/O
                         net (fo=1, routed)           0.000     1.387    camera_video/debounce_video_source/button_out_rep_i_1_n_0
    SLICE_X11Y32         FDRE                                         r  camera_video/debounce_video_source/button_out_reg_rep/D
  -------------------------------------------------------------------    -------------------

Slack:                    inf
  Source:                 camera_video/reset_reg/C
                            (rising edge-triggered cell FDRE clocked by clk_200Mhz_clk_wiz_0  {rise@0.000ns fall@2.500ns period=5.000ns})
  Destination:            camera_video/debounce_next_picture/detection_button.bounce_count_reg[2]/D
  Path Group:             (none)
  Path Type:              Min at Fast Process Corner
  Data Path Delay:        0.806ns  (logic 0.186ns (23.090%)  route 0.620ns (76.910%))
  Logic Levels:           1  (LUT6=1)
  Clock Uncertainty:      0.203ns  ((TSJ^2 + DJ^2)^1/2) / 2 + PE
    Total System Jitter     (TSJ):    0.050ns
    Discrete Jitter          (DJ):    0.132ns
    Phase Error              (PE):    0.132ns

    Location             Delay type                Incr(ns)  Path(ns)    Netlist Resource(s)
  -------------------------------------------------------------------    -------------------
                         (clock clk_200Mhz_clk_wiz_0 rise edge)
                                                      0.000     0.000 r  
    BUFGCTRL_X0Y4        BUFG                         0.000     0.000 r  clock_IBUF_BUFG_inst/O
                         net (fo=166, routed)         0.622     0.622    camera_video/xtime/inst/clk_in1
    MMCME2_ADV_X0Y0      MMCME2_ADV (Prop_mmcme2_adv_CLKIN1_CLKOUT0)
                                                     -1.296    -0.674 r  camera_video/xtime/inst/mmcm_adv_inst/CLKOUT0
                         net (fo=1, routed)           0.648    -0.026    camera_video/xtime/inst/clk_200Mhz_clk_wiz_0
    BUFGCTRL_X0Y6        BUFG (Prop_bufg_I_O)         0.026     0.000 r  camera_video/xtime/inst/clkout1_buf/O
                         net (fo=26, routed)          0.639     0.639    camera_video/clk_200Mhz
    SLICE_X15Y45         FDRE                                         r  camera_video/reset_reg/C
  -------------------------------------------------------------------    -------------------
    SLICE_X15Y45         FDRE (Prop_fdre_C_Q)         0.141     0.780 r  camera_video/reset_reg/Q
                         net (fo=25, routed)          0.620     1.400    camera_video/debounce_next_picture/detection_button.bounce_count_reg[2]_0
    SLICE_X13Y23         LUT6 (Prop_lut6_I3_O)        0.045     1.445 r  camera_video/debounce_next_picture/detection_button.bounce_count[2]_i_1/O
                         net (fo=1, routed)           0.000     1.445    camera_video/debounce_next_picture/detection_button.bounce_count[2]_i_1_n_0
    SLICE_X13Y23         FDRE                                         r  camera_video/debounce_next_picture/detection_button.bounce_count_reg[2]/D
  -------------------------------------------------------------------    -------------------

Slack:                    inf
  Source:                 camera_video/reset_reg/C
                            (rising edge-triggered cell FDRE clocked by clk_200Mhz_clk_wiz_0  {rise@0.000ns fall@2.500ns period=5.000ns})
  Destination:            camera_video/debounce_next_picture/detection_button.previous_state_reg/D
  Path Group:             (none)
  Path Type:              Min at Fast Process Corner
  Data Path Delay:        0.809ns  (logic 0.186ns (23.004%)  route 0.623ns (76.996%))
  Logic Levels:           1  (LUT6=1)
  Clock Uncertainty:      0.203ns  ((TSJ^2 + DJ^2)^1/2) / 2 + PE
    Total System Jitter     (TSJ):    0.050ns
    Discrete Jitter          (DJ):    0.132ns
    Phase Error              (PE):    0.132ns

    Location             Delay type                Incr(ns)  Path(ns)    Netlist Resource(s)
  -------------------------------------------------------------------    -------------------
                         (clock clk_200Mhz_clk_wiz_0 rise edge)
                                                      0.000     0.000 r  
    BUFGCTRL_X0Y4        BUFG                         0.000     0.000 r  clock_IBUF_BUFG_inst/O
                         net (fo=166, routed)         0.622     0.622    camera_video/xtime/inst/clk_in1
    MMCME2_ADV_X0Y0      MMCME2_ADV (Prop_mmcme2_adv_CLKIN1_CLKOUT0)
                                                     -1.296    -0.674 r  camera_video/xtime/inst/mmcm_adv_inst/CLKOUT0
                         net (fo=1, routed)           0.648    -0.026    camera_video/xtime/inst/clk_200Mhz_clk_wiz_0
    BUFGCTRL_X0Y6        BUFG (Prop_bufg_I_O)         0.026     0.000 r  camera_video/xtime/inst/clkout1_buf/O
                         net (fo=26, routed)          0.639     0.639    camera_video/clk_200Mhz
    SLICE_X15Y45         FDRE                                         r  camera_video/reset_reg/C
  -------------------------------------------------------------------    -------------------
    SLICE_X15Y45         FDRE (Prop_fdre_C_Q)         0.141     0.780 r  camera_video/reset_reg/Q
                         net (fo=25, routed)          0.623     1.403    camera_video/debounce_next_picture/detection_button.bounce_count_reg[2]_0
    SLICE_X13Y23         LUT6 (Prop_lut6_I5_O)        0.045     1.448 r  camera_video/debounce_next_picture/detection_button.previous_state_i_1__1/O
                         net (fo=1, routed)           0.000     1.448    camera_video/debounce_next_picture/detection_button.previous_state_i_1__1_n_0
    SLICE_X13Y23         FDRE                                         r  camera_video/debounce_next_picture/detection_button.previous_state_reg/D
  -------------------------------------------------------------------    -------------------





--------------------------------------------------------------------------------------
Path Group:  (none)
From Clock:  clk_5Mhz_clk_wiz_0
  To Clock:  

Max Delay             1 Endpoint
Min Delay             1 Endpoint
--------------------------------------------------------------------------------------


Max Delay Paths
--------------------------------------------------------------------------------------
Slack:                    inf
  Source:                 camera_video/vsync_debounce.vsync_previous_reg/C
                            (rising edge-triggered cell FDRE clocked by clk_5Mhz_clk_wiz_0  {rise@0.000ns fall@100.000ns period=200.000ns})
  Destination:            camera_video/Inst_ov7670_capture/latched_vsync_reg/D
  Path Group:             (none)
  Path Type:              Max at Slow Process Corner
  Data Path Delay:        1.934ns  (logic 0.580ns (29.992%)  route 1.354ns (70.008%))
  Logic Levels:           1  (LUT4=1)
  Clock Uncertainty:      0.272ns  ((TSJ^2 + DJ^2)^1/2) / 2 + PE
    Total System Jitter     (TSJ):    0.050ns
    Discrete Jitter          (DJ):    0.275ns
    Phase Error              (PE):    0.132ns

    Location             Delay type                Incr(ns)  Path(ns)    Netlist Resource(s)
  -------------------------------------------------------------------    -------------------
                         (clock clk_5Mhz_clk_wiz_0 rise edge)
                                                      0.000     0.000 r  
    BUFGCTRL_X0Y4        BUFG                         0.000     0.000 r  clock_IBUF_BUFG_inst/O
                         net (fo=166, routed)         1.807     1.807    camera_video/xtime/inst/clk_in1
    MMCME2_ADV_X0Y0      MMCME2_ADV (Prop_mmcme2_adv_CLKIN1_CLKOUT2)
                                                     -3.922    -2.114 r  camera_video/xtime/inst/mmcm_adv_inst/CLKOUT2
                         net (fo=1, routed)           2.018    -0.096    camera_video/xtime/inst/clk_5Mhz_clk_wiz_0
    BUFGCTRL_X0Y7        BUFG (Prop_bufg_I_O)         0.096    -0.000 r  camera_video/xtime/inst/clkout3_buf/O
                         net (fo=22, routed)          1.817     1.817    camera_video/clk_5Mhz
    SLICE_X18Y44         FDRE                                         r  camera_video/vsync_debounce.vsync_previous_reg/C
  -------------------------------------------------------------------    -------------------
    SLICE_X18Y44         FDRE (Prop_fdre_C_Q)         0.456     2.273 r  camera_video/vsync_debounce.vsync_previous_reg/Q
                         net (fo=3, routed)           0.669     2.942    camera_video/debounce_video_source/vsync_debounce.vsync_previous
    SLICE_X18Y44         LUT4 (Prop_lut4_I3_O)        0.124     3.066 r  camera_video/debounce_video_source/latched_vsync_i_1/O
                         net (fo=1, routed)           0.685     3.751    camera_video/Inst_ov7670_capture/vsync
    SLICE_X17Y35         FDRE                                         r  camera_video/Inst_ov7670_capture/latched_vsync_reg/D
  -------------------------------------------------------------------    -------------------





Min Delay Paths
--------------------------------------------------------------------------------------
Slack:                    inf
  Source:                 camera_video/vsync_debounce.vsync_previous_reg/C
                            (rising edge-triggered cell FDRE clocked by clk_5Mhz_clk_wiz_0  {rise@0.000ns fall@100.000ns period=200.000ns})
  Destination:            camera_video/Inst_ov7670_capture/latched_vsync_reg/D
  Path Group:             (none)
  Path Type:              Min at Fast Process Corner
  Data Path Delay:        0.662ns  (logic 0.186ns (28.102%)  route 0.476ns (71.898%))
  Logic Levels:           1  (LUT4=1)
  Clock Uncertainty:      0.272ns  ((TSJ^2 + DJ^2)^1/2) / 2 + PE
    Total System Jitter     (TSJ):    0.050ns
    Discrete Jitter          (DJ):    0.275ns
    Phase Error              (PE):    0.132ns

    Location             Delay type                Incr(ns)  Path(ns)    Netlist Resource(s)
  -------------------------------------------------------------------    -------------------
                         (clock clk_5Mhz_clk_wiz_0 rise edge)
                                                      0.000     0.000 r  
    BUFGCTRL_X0Y4        BUFG                         0.000     0.000 r  clock_IBUF_BUFG_inst/O
                         net (fo=166, routed)         0.622     0.622    camera_video/xtime/inst/clk_in1
    MMCME2_ADV_X0Y0      MMCME2_ADV (Prop_mmcme2_adv_CLKIN1_CLKOUT2)
                                                     -1.296    -0.674 r  camera_video/xtime/inst/mmcm_adv_inst/CLKOUT2
                         net (fo=1, routed)           0.648    -0.026    camera_video/xtime/inst/clk_5Mhz_clk_wiz_0
    BUFGCTRL_X0Y7        BUFG (Prop_bufg_I_O)         0.026     0.000 r  camera_video/xtime/inst/clkout3_buf/O
                         net (fo=22, routed)          0.638     0.638    camera_video/clk_5Mhz
    SLICE_X18Y44         FDRE                                         r  camera_video/vsync_debounce.vsync_previous_reg/C
  -------------------------------------------------------------------    -------------------
    SLICE_X18Y44         FDRE (Prop_fdre_C_Q)         0.141     0.779 r  camera_video/vsync_debounce.vsync_previous_reg/Q
                         net (fo=3, routed)           0.232     1.011    camera_video/debounce_video_source/vsync_debounce.vsync_previous
    SLICE_X18Y44         LUT4 (Prop_lut4_I3_O)        0.045     1.056 r  camera_video/debounce_video_source/latched_vsync_i_1/O
                         net (fo=1, routed)           0.244     1.300    camera_video/Inst_ov7670_capture/vsync
    SLICE_X17Y35         FDRE                                         r  camera_video/Inst_ov7670_capture/latched_vsync_reg/D
  -------------------------------------------------------------------    -------------------





--------------------------------------------------------------------------------------
Path Group:  (none)
From Clock:  clk_camera_clk_wiz_0
  To Clock:  

Max Delay             1 Endpoint
Min Delay             1 Endpoint
--------------------------------------------------------------------------------------


Max Delay Paths
--------------------------------------------------------------------------------------
Slack:                    inf
  Source:                 camera_video/xtime/inst/mmcm_adv_inst/CLKOUT1
                            (clock source 'clk_camera_clk_wiz_0'  {rise@0.000ns fall@41.667ns period=83.333ns})
  Destination:            ov7670_xclk
                            (output port)
  Path Group:             (none)
  Path Type:              Max at Slow Process Corner
  Data Path Delay:        10.304ns  (logic 3.787ns (36.755%)  route 6.517ns (63.245%))
  Logic Levels:           3  (BUFG=1 LUT3=1 OBUF=1)
  Clock Uncertainty:      0.251ns  ((TSJ^2 + DJ^2)^1/2) / 2 + PE
    Total System Jitter     (TSJ):    0.050ns
    Discrete Jitter          (DJ):    0.232ns
    Phase Error              (PE):    0.132ns

    Location             Delay type                Incr(ns)  Path(ns)    Netlist Resource(s)
  -------------------------------------------------------------------    -------------------
                         (clock clk_camera_clk_wiz_0 fall edge)
                                                     41.667    41.667 f  
    BUFGCTRL_X0Y4        BUFG                         0.000    41.667 f  clock_IBUF_BUFG_inst/O
                         net (fo=166, routed)         1.807    43.474    camera_video/xtime/inst/clk_in1
  -------------------------------------------------------------------    -------------------
    MMCME2_ADV_X0Y0      MMCME2_ADV (Prop_mmcme2_adv_CLKIN1_CLKOUT1)
                                                     -3.922    39.552 f  camera_video/xtime/inst/mmcm_adv_inst/CLKOUT1
                         net (fo=1, routed)           2.018    41.571    camera_video/xtime/inst/clk_camera_clk_wiz_0
    BUFGCTRL_X0Y8        BUFG (Prop_bufg_I_O)         0.096    41.667 f  camera_video/xtime/inst/clkout2_buf/O
                         net (fo=9, routed)           2.394    44.061    camera_video/Inst_ov7670_controller/clk_camera
    SLICE_X0Y94          LUT3 (Prop_lut3_I0_O)        0.124    44.185 f  camera_video/Inst_ov7670_controller/ov7670_xclk_OBUF_inst_i_1/O
                         net (fo=1, routed)           2.104    46.289    ov7670_xclk_OBUF
    C16                  OBUF (Prop_obuf_I_O)         3.567    49.857 f  ov7670_xclk_OBUF_inst/O
                         net (fo=0)                   0.000    49.857    ov7670_xclk
    C16                                                               f  ov7670_xclk (OUT)
  -------------------------------------------------------------------    -------------------





Min Delay Paths
--------------------------------------------------------------------------------------
Slack:                    inf
  Source:                 camera_video/xtime/inst/mmcm_adv_inst/CLKOUT1
                            (clock source 'clk_camera_clk_wiz_0'  {rise@0.000ns fall@41.667ns period=83.333ns})
  Destination:            ov7670_xclk
                            (output port)
  Path Group:             (none)
  Path Type:              Min at Fast Process Corner
  Data Path Delay:        3.342ns  (logic 1.339ns (40.067%)  route 2.003ns (59.933%))
  Logic Levels:           3  (BUFG=1 LUT3=1 OBUF=1)
  Clock Uncertainty:      0.251ns  ((TSJ^2 + DJ^2)^1/2) / 2 + PE
    Total System Jitter     (TSJ):    0.050ns
    Discrete Jitter          (DJ):    0.232ns
    Phase Error              (PE):    0.132ns

    Location             Delay type                Incr(ns)  Path(ns)    Netlist Resource(s)
  -------------------------------------------------------------------    -------------------
                         (clock clk_camera_clk_wiz_0 rise edge)
                                                      0.000     0.000 r  
    BUFGCTRL_X0Y4        BUFG                         0.000     0.000 r  clock_IBUF_BUFG_inst/O
                         net (fo=166, routed)         0.622     0.622    camera_video/xtime/inst/clk_in1
  -------------------------------------------------------------------    -------------------
    MMCME2_ADV_X0Y0      MMCME2_ADV (Prop_mmcme2_adv_CLKIN1_CLKOUT1)
                                                     -1.296    -0.674 r  camera_video/xtime/inst/mmcm_adv_inst/CLKOUT1
                         net (fo=1, routed)           0.648    -0.026    camera_video/xtime/inst/clk_camera_clk_wiz_0
    BUFGCTRL_X0Y8        BUFG (Prop_bufg_I_O)         0.026     0.000 r  camera_video/xtime/inst/clkout2_buf/O
                         net (fo=9, routed)           0.835     0.835    camera_video/Inst_ov7670_controller/clk_camera
    SLICE_X0Y94          LUT3 (Prop_lut3_I0_O)        0.045     0.880 r  camera_video/Inst_ov7670_controller/ov7670_xclk_OBUF_inst_i_1/O
                         net (fo=1, routed)           0.520     1.400    ov7670_xclk_OBUF
    C16                  OBUF (Prop_obuf_I_O)         1.268     2.668 r  ov7670_xclk_OBUF_inst/O
                         net (fo=0)                   0.000     2.668    ov7670_xclk
    C16                                                               r  ov7670_xclk (OUT)
  -------------------------------------------------------------------    -------------------





--------------------------------------------------------------------------------------
Path Group:  (none)
From Clock:  sys_clk_pin
  To Clock:  

Max Delay          2275 Endpoints
Min Delay          2275 Endpoints
--------------------------------------------------------------------------------------


Max Delay Paths
--------------------------------------------------------------------------------------
Slack:                    inf
  Source:                 convert_to_binary/erosion_filter/erosion_line_buffer_reg[1][3]/C
                            (rising edge-triggered cell FDRE clocked by sys_clk_pin  {rise@0.000ns fall@5.000ns period=10.000ns})
  Destination:            vga_blue[2]
                            (output port)
  Path Group:             (none)
  Path Type:              Max at Slow Process Corner
  Data Path Delay:        15.750ns  (logic 5.236ns (33.244%)  route 10.514ns (66.756%))
  Logic Levels:           8  (LUT4=2 LUT6=5 OBUF=1)
  Clock Uncertainty:      0.025ns  ((TSJ^2 + TIJ^2)^1/2 + DJ) / 2 + PE
    Total System Jitter     (TSJ):    0.050ns
    Total Input Jitter      (TIJ):    0.000ns
    Discrete Jitter          (DJ):    0.000ns
    Phase Error              (PE):    0.000ns

    Location             Delay type                Incr(ns)  Path(ns)    Netlist Resource(s)
  -------------------------------------------------------------------    -------------------
                         (clock sys_clk_pin rise edge)
                                                      0.000     0.000 r  
    N15                                               0.000     0.000 r  clock (IN)
                         net (fo=0)                   0.000     0.000    clock
    N15                  IBUF (Prop_ibuf_I_O)         1.463     1.463 r  clock_IBUF_inst/O
                         net (fo=1, routed)           2.016     3.478    clock_IBUF
    BUFGCTRL_X0Y4        BUFG (Prop_bufg_I_O)         0.096     3.574 r  clock_IBUF_BUFG_inst/O
                         net (fo=166, routed)         1.814     5.389    convert_to_binary/erosion_filter/clock
    SLICE_X33Y49         FDRE                                         r  convert_to_binary/erosion_filter/erosion_line_buffer_reg[1][3]/C
  -------------------------------------------------------------------    -------------------
    SLICE_X33Y49         FDRE (Prop_fdre_C_Q)         0.419     5.808 r  convert_to_binary/erosion_filter/erosion_line_buffer_reg[1][3]/Q
                         net (fo=2, routed)           0.859     6.666    convert_to_binary/erosion_filter/erosion_line_buffer_reg_n_0_[1][3]
    SLICE_X33Y49         LUT4 (Prop_lut4_I1_O)        0.299     6.965 r  convert_to_binary/erosion_filter/vga_red_OBUF[3]_inst_i_190/O
                         net (fo=1, routed)           0.691     7.656    convert_to_binary/erosion_filter/vga_red_OBUF[3]_inst_i_190_n_0
    SLICE_X32Y49         LUT6 (Prop_lut6_I5_O)        0.124     7.780 r  convert_to_binary/erosion_filter/vga_red_OBUF[3]_inst_i_94/O
                         net (fo=1, routed)           0.578     8.358    convert_to_binary/erosion_filter/vga_red_OBUF[3]_inst_i_94_n_0
    SLICE_X31Y48         LUT6 (Prop_lut6_I0_O)        0.124     8.482 r  convert_to_binary/erosion_filter/vga_red_OBUF[3]_inst_i_43/O
                         net (fo=4, routed)           0.829     9.311    convert_to_binary/dilation_filter/vga_red_OBUF[3]_inst_i_3
    SLICE_X31Y47         LUT6 (Prop_lut6_I3_O)        0.124     9.435 r  convert_to_binary/dilation_filter/vga_red_OBUF[2]_inst_i_7/O
                         net (fo=3, routed)           1.454    10.889    camera_video/vga_red_OBUF[2]_inst_i_1
    SLICE_X26Y32         LUT6 (Prop_lut6_I2_O)        0.124    11.013 r  camera_video/vga_blue_OBUF[2]_inst_i_4/O
                         net (fo=1, routed)           0.999    12.011    camera_video/timing/video_pixel[2]
    SLICE_X26Y33         LUT4 (Prop_lut4_I3_O)        0.152    12.163 r  camera_video/timing/vga_blue_OBUF[2]_inst_i_3/O
                         net (fo=1, routed)           0.785    12.948    camera_video/timing/vga_blue_OBUF[2]_inst_i_3_n_0
    SLICE_X26Y37         LUT6 (Prop_lut6_I5_O)        0.326    13.274 r  camera_video/timing/vga_blue_OBUF[2]_inst_i_1/O
                         net (fo=1, routed)           4.320    17.594    vga_blue_OBUF[2]
    K18                  OBUF (Prop_obuf_I_O)         3.544    21.138 r  vga_blue_OBUF[2]_inst/O
                         net (fo=0)                   0.000    21.138    vga_blue[2]
    K18                                                               r  vga_blue[2] (OUT)
  -------------------------------------------------------------------    -------------------

Slack:                    inf
  Source:                 camera_status/system_reset_reg/C
                            (rising edge-triggered cell FDRE clocked by sys_clk_pin  {rise@0.000ns fall@5.000ns period=10.000ns})
  Destination:            camera_status/initialize_oled_display.graphics_row_reg[734]/CE
  Path Group:             (none)
  Path Type:              Max at Slow Process Corner
  Data Path Delay:        15.557ns  (logic 0.580ns (3.728%)  route 14.977ns (96.272%))
  Logic Levels:           1  (LUT5=1)
  Clock Uncertainty:      0.025ns  ((TSJ^2 + TIJ^2)^1/2 + DJ) / 2 + PE
    Total System Jitter     (TSJ):    0.050ns
    Total Input Jitter      (TIJ):    0.000ns
    Discrete Jitter          (DJ):    0.000ns
    Phase Error              (PE):    0.000ns

    Location             Delay type                Incr(ns)  Path(ns)    Netlist Resource(s)
  -------------------------------------------------------------------    -------------------
                         (clock sys_clk_pin rise edge)
                                                      0.000     0.000 r  
    N15                                               0.000     0.000 r  clock (IN)
                         net (fo=0)                   0.000     0.000    clock
    N15                  IBUF (Prop_ibuf_I_O)         1.463     1.463 r  clock_IBUF_inst/O
                         net (fo=1, routed)           2.016     3.478    clock_IBUF
    BUFGCTRL_X0Y4        BUFG (Prop_bufg_I_O)         0.096     3.574 r  clock_IBUF_BUFG_inst/O
                         net (fo=166, routed)         1.623     5.198    camera_status/clock
    SLICE_X53Y95         FDRE                                         r  camera_status/system_reset_reg/C
  -------------------------------------------------------------------    -------------------
    SLICE_X53Y95         FDRE (Prop_fdre_C_Q)         0.456     5.654 f  camera_status/system_reset_reg/Q
                         net (fo=154, routed)         2.568     8.222    camera_status/system_reset
    SLICE_X68Y77         LUT5 (Prop_lut5_I3_O)        0.124     8.346 r  camera_status/initialize_oled_display.graphics_row[0]_i_1/O
                         net (fo=1016, routed)       12.409    20.755    camera_status/initialize_oled_display.graphics_row[0]_i_1_n_0
    SLICE_X48Y78         FDRE                                         r  camera_status/initialize_oled_display.graphics_row_reg[734]/CE
  -------------------------------------------------------------------    -------------------

Slack:                    inf
  Source:                 camera_status/system_reset_reg/C
                            (rising edge-triggered cell FDRE clocked by sys_clk_pin  {rise@0.000ns fall@5.000ns period=10.000ns})
  Destination:            camera_status/initialize_oled_display.graphics_row_reg[742]/CE
  Path Group:             (none)
  Path Type:              Max at Slow Process Corner
  Data Path Delay:        15.557ns  (logic 0.580ns (3.728%)  route 14.977ns (96.272%))
  Logic Levels:           1  (LUT5=1)
  Clock Uncertainty:      0.025ns  ((TSJ^2 + TIJ^2)^1/2 + DJ) / 2 + PE
    Total System Jitter     (TSJ):    0.050ns
    Total Input Jitter      (TIJ):    0.000ns
    Discrete Jitter          (DJ):    0.000ns
    Phase Error              (PE):    0.000ns

    Location             Delay type                Incr(ns)  Path(ns)    Netlist Resource(s)
  -------------------------------------------------------------------    -------------------
                         (clock sys_clk_pin rise edge)
                                                      0.000     0.000 r  
    N15                                               0.000     0.000 r  clock (IN)
                         net (fo=0)                   0.000     0.000    clock
    N15                  IBUF (Prop_ibuf_I_O)         1.463     1.463 r  clock_IBUF_inst/O
                         net (fo=1, routed)           2.016     3.478    clock_IBUF
    BUFGCTRL_X0Y4        BUFG (Prop_bufg_I_O)         0.096     3.574 r  clock_IBUF_BUFG_inst/O
                         net (fo=166, routed)         1.623     5.198    camera_status/clock
    SLICE_X53Y95         FDRE                                         r  camera_status/system_reset_reg/C
  -------------------------------------------------------------------    -------------------
    SLICE_X53Y95         FDRE (Prop_fdre_C_Q)         0.456     5.654 f  camera_status/system_reset_reg/Q
                         net (fo=154, routed)         2.568     8.222    camera_status/system_reset
    SLICE_X68Y77         LUT5 (Prop_lut5_I3_O)        0.124     8.346 r  camera_status/initialize_oled_display.graphics_row[0]_i_1/O
                         net (fo=1016, routed)       12.409    20.755    camera_status/initialize_oled_display.graphics_row[0]_i_1_n_0
    SLICE_X48Y78         FDRE                                         r  camera_status/initialize_oled_display.graphics_row_reg[742]/CE
  -------------------------------------------------------------------    -------------------

Slack:                    inf
  Source:                 camera_status/system_reset_reg/C
                            (rising edge-triggered cell FDRE clocked by sys_clk_pin  {rise@0.000ns fall@5.000ns period=10.000ns})
  Destination:            camera_status/initialize_oled_display.graphics_row_reg[765]/CE
  Path Group:             (none)
  Path Type:              Max at Slow Process Corner
  Data Path Delay:        15.549ns  (logic 0.580ns (3.730%)  route 14.969ns (96.270%))
  Logic Levels:           1  (LUT5=1)
  Clock Uncertainty:      0.025ns  ((TSJ^2 + TIJ^2)^1/2 + DJ) / 2 + PE
    Total System Jitter     (TSJ):    0.050ns
    Total Input Jitter      (TIJ):    0.000ns
    Discrete Jitter          (DJ):    0.000ns
    Phase Error              (PE):    0.000ns

    Location             Delay type                Incr(ns)  Path(ns)    Netlist Resource(s)
  -------------------------------------------------------------------    -------------------
                         (clock sys_clk_pin rise edge)
                                                      0.000     0.000 r  
    N15                                               0.000     0.000 r  clock (IN)
                         net (fo=0)                   0.000     0.000    clock
    N15                  IBUF (Prop_ibuf_I_O)         1.463     1.463 r  clock_IBUF_inst/O
                         net (fo=1, routed)           2.016     3.478    clock_IBUF
    BUFGCTRL_X0Y4        BUFG (Prop_bufg_I_O)         0.096     3.574 r  clock_IBUF_BUFG_inst/O
                         net (fo=166, routed)         1.623     5.198    camera_status/clock
    SLICE_X53Y95         FDRE                                         r  camera_status/system_reset_reg/C
  -------------------------------------------------------------------    -------------------
    SLICE_X53Y95         FDRE (Prop_fdre_C_Q)         0.456     5.654 f  camera_status/system_reset_reg/Q
                         net (fo=154, routed)         2.568     8.222    camera_status/system_reset
    SLICE_X68Y77         LUT5 (Prop_lut5_I3_O)        0.124     8.346 r  camera_status/initialize_oled_display.graphics_row[0]_i_1/O
                         net (fo=1016, routed)       12.401    20.746    camera_status/initialize_oled_display.graphics_row[0]_i_1_n_0
    SLICE_X51Y79         FDRE                                         r  camera_status/initialize_oled_display.graphics_row_reg[765]/CE
  -------------------------------------------------------------------    -------------------

Slack:                    inf
  Source:                 camera_status/system_reset_reg/C
                            (rising edge-triggered cell FDRE clocked by sys_clk_pin  {rise@0.000ns fall@5.000ns period=10.000ns})
  Destination:            camera_status/initialize_oled_display.graphics_row_reg[773]/CE
  Path Group:             (none)
  Path Type:              Max at Slow Process Corner
  Data Path Delay:        15.549ns  (logic 0.580ns (3.730%)  route 14.969ns (96.270%))
  Logic Levels:           1  (LUT5=1)
  Clock Uncertainty:      0.025ns  ((TSJ^2 + TIJ^2)^1/2 + DJ) / 2 + PE
    Total System Jitter     (TSJ):    0.050ns
    Total Input Jitter      (TIJ):    0.000ns
    Discrete Jitter          (DJ):    0.000ns
    Phase Error              (PE):    0.000ns

    Location             Delay type                Incr(ns)  Path(ns)    Netlist Resource(s)
  -------------------------------------------------------------------    -------------------
                         (clock sys_clk_pin rise edge)
                                                      0.000     0.000 r  
    N15                                               0.000     0.000 r  clock (IN)
                         net (fo=0)                   0.000     0.000    clock
    N15                  IBUF (Prop_ibuf_I_O)         1.463     1.463 r  clock_IBUF_inst/O
                         net (fo=1, routed)           2.016     3.478    clock_IBUF
    BUFGCTRL_X0Y4        BUFG (Prop_bufg_I_O)         0.096     3.574 r  clock_IBUF_BUFG_inst/O
                         net (fo=166, routed)         1.623     5.198    camera_status/clock
    SLICE_X53Y95         FDRE                                         r  camera_status/system_reset_reg/C
  -------------------------------------------------------------------    -------------------
    SLICE_X53Y95         FDRE (Prop_fdre_C_Q)         0.456     5.654 f  camera_status/system_reset_reg/Q
                         net (fo=154, routed)         2.568     8.222    camera_status/system_reset
    SLICE_X68Y77         LUT5 (Prop_lut5_I3_O)        0.124     8.346 r  camera_status/initialize_oled_display.graphics_row[0]_i_1/O
                         net (fo=1016, routed)       12.401    20.746    camera_status/initialize_oled_display.graphics_row[0]_i_1_n_0
    SLICE_X51Y79         FDRE                                         r  camera_status/initialize_oled_display.graphics_row_reg[773]/CE
  -------------------------------------------------------------------    -------------------

Slack:                    inf
  Source:                 camera_status/system_reset_reg/C
                            (rising edge-triggered cell FDRE clocked by sys_clk_pin  {rise@0.000ns fall@5.000ns period=10.000ns})
  Destination:            camera_status/initialize_oled_display.graphics_row_reg[733]/CE
  Path Group:             (none)
  Path Type:              Max at Slow Process Corner
  Data Path Delay:        15.408ns  (logic 0.580ns (3.764%)  route 14.828ns (96.236%))
  Logic Levels:           1  (LUT5=1)
  Clock Uncertainty:      0.025ns  ((TSJ^2 + TIJ^2)^1/2 + DJ) / 2 + PE
    Total System Jitter     (TSJ):    0.050ns
    Total Input Jitter      (TIJ):    0.000ns
    Discrete Jitter          (DJ):    0.000ns
    Phase Error              (PE):    0.000ns

    Location             Delay type                Incr(ns)  Path(ns)    Netlist Resource(s)
  -------------------------------------------------------------------    -------------------
                         (clock sys_clk_pin rise edge)
                                                      0.000     0.000 r  
    N15                                               0.000     0.000 r  clock (IN)
                         net (fo=0)                   0.000     0.000    clock
    N15                  IBUF (Prop_ibuf_I_O)         1.463     1.463 r  clock_IBUF_inst/O
                         net (fo=1, routed)           2.016     3.478    clock_IBUF
    BUFGCTRL_X0Y4        BUFG (Prop_bufg_I_O)         0.096     3.574 r  clock_IBUF_BUFG_inst/O
                         net (fo=166, routed)         1.623     5.198    camera_status/clock
    SLICE_X53Y95         FDRE                                         r  camera_status/system_reset_reg/C
  -------------------------------------------------------------------    -------------------
    SLICE_X53Y95         FDRE (Prop_fdre_C_Q)         0.456     5.654 f  camera_status/system_reset_reg/Q
                         net (fo=154, routed)         2.568     8.222    camera_status/system_reset
    SLICE_X68Y77         LUT5 (Prop_lut5_I3_O)        0.124     8.346 r  camera_status/initialize_oled_display.graphics_row[0]_i_1/O
                         net (fo=1016, routed)       12.260    20.605    camera_status/initialize_oled_display.graphics_row[0]_i_1_n_0
    SLICE_X51Y78         FDRE                                         r  camera_status/initialize_oled_display.graphics_row_reg[733]/CE
  -------------------------------------------------------------------    -------------------

Slack:                    inf
  Source:                 camera_status/system_reset_reg/C
                            (rising edge-triggered cell FDRE clocked by sys_clk_pin  {rise@0.000ns fall@5.000ns period=10.000ns})
  Destination:            camera_status/initialize_oled_display.graphics_row_reg[741]/CE
  Path Group:             (none)
  Path Type:              Max at Slow Process Corner
  Data Path Delay:        15.408ns  (logic 0.580ns (3.764%)  route 14.828ns (96.236%))
  Logic Levels:           1  (LUT5=1)
  Clock Uncertainty:      0.025ns  ((TSJ^2 + TIJ^2)^1/2 + DJ) / 2 + PE
    Total System Jitter     (TSJ):    0.050ns
    Total Input Jitter      (TIJ):    0.000ns
    Discrete Jitter          (DJ):    0.000ns
    Phase Error              (PE):    0.000ns

    Location             Delay type                Incr(ns)  Path(ns)    Netlist Resource(s)
  -------------------------------------------------------------------    -------------------
                         (clock sys_clk_pin rise edge)
                                                      0.000     0.000 r  
    N15                                               0.000     0.000 r  clock (IN)
                         net (fo=0)                   0.000     0.000    clock
    N15                  IBUF (Prop_ibuf_I_O)         1.463     1.463 r  clock_IBUF_inst/O
                         net (fo=1, routed)           2.016     3.478    clock_IBUF
    BUFGCTRL_X0Y4        BUFG (Prop_bufg_I_O)         0.096     3.574 r  clock_IBUF_BUFG_inst/O
                         net (fo=166, routed)         1.623     5.198    camera_status/clock
    SLICE_X53Y95         FDRE                                         r  camera_status/system_reset_reg/C
  -------------------------------------------------------------------    -------------------
    SLICE_X53Y95         FDRE (Prop_fdre_C_Q)         0.456     5.654 f  camera_status/system_reset_reg/Q
                         net (fo=154, routed)         2.568     8.222    camera_status/system_reset
    SLICE_X68Y77         LUT5 (Prop_lut5_I3_O)        0.124     8.346 r  camera_status/initialize_oled_display.graphics_row[0]_i_1/O
                         net (fo=1016, routed)       12.260    20.605    camera_status/initialize_oled_display.graphics_row[0]_i_1_n_0
    SLICE_X51Y78         FDRE                                         r  camera_status/initialize_oled_display.graphics_row_reg[741]/CE
  -------------------------------------------------------------------    -------------------

Slack:                    inf
  Source:                 camera_status/system_reset_reg/C
                            (rising edge-triggered cell FDRE clocked by sys_clk_pin  {rise@0.000ns fall@5.000ns period=10.000ns})
  Destination:            camera_status/initialize_oled_display.graphics_row_reg[749]/CE
  Path Group:             (none)
  Path Type:              Max at Slow Process Corner
  Data Path Delay:        15.408ns  (logic 0.580ns (3.764%)  route 14.828ns (96.236%))
  Logic Levels:           1  (LUT5=1)
  Clock Uncertainty:      0.025ns  ((TSJ^2 + TIJ^2)^1/2 + DJ) / 2 + PE
    Total System Jitter     (TSJ):    0.050ns
    Total Input Jitter      (TIJ):    0.000ns
    Discrete Jitter          (DJ):    0.000ns
    Phase Error              (PE):    0.000ns

    Location             Delay type                Incr(ns)  Path(ns)    Netlist Resource(s)
  -------------------------------------------------------------------    -------------------
                         (clock sys_clk_pin rise edge)
                                                      0.000     0.000 r  
    N15                                               0.000     0.000 r  clock (IN)
                         net (fo=0)                   0.000     0.000    clock
    N15                  IBUF (Prop_ibuf_I_O)         1.463     1.463 r  clock_IBUF_inst/O
                         net (fo=1, routed)           2.016     3.478    clock_IBUF
    BUFGCTRL_X0Y4        BUFG (Prop_bufg_I_O)         0.096     3.574 r  clock_IBUF_BUFG_inst/O
                         net (fo=166, routed)         1.623     5.198    camera_status/clock
    SLICE_X53Y95         FDRE                                         r  camera_status/system_reset_reg/C
  -------------------------------------------------------------------    -------------------
    SLICE_X53Y95         FDRE (Prop_fdre_C_Q)         0.456     5.654 f  camera_status/system_reset_reg/Q
                         net (fo=154, routed)         2.568     8.222    camera_status/system_reset
    SLICE_X68Y77         LUT5 (Prop_lut5_I3_O)        0.124     8.346 r  camera_status/initialize_oled_display.graphics_row[0]_i_1/O
                         net (fo=1016, routed)       12.260    20.605    camera_status/initialize_oled_display.graphics_row[0]_i_1_n_0
    SLICE_X51Y78         FDRE                                         r  camera_status/initialize_oled_display.graphics_row_reg[749]/CE
  -------------------------------------------------------------------    -------------------

Slack:                    inf
  Source:                 camera_status/system_reset_reg/C
                            (rising edge-triggered cell FDRE clocked by sys_clk_pin  {rise@0.000ns fall@5.000ns period=10.000ns})
  Destination:            camera_status/initialize_oled_display.graphics_row_reg[757]/CE
  Path Group:             (none)
  Path Type:              Max at Slow Process Corner
  Data Path Delay:        15.408ns  (logic 0.580ns (3.764%)  route 14.828ns (96.236%))
  Logic Levels:           1  (LUT5=1)
  Clock Uncertainty:      0.025ns  ((TSJ^2 + TIJ^2)^1/2 + DJ) / 2 + PE
    Total System Jitter     (TSJ):    0.050ns
    Total Input Jitter      (TIJ):    0.000ns
    Discrete Jitter          (DJ):    0.000ns
    Phase Error              (PE):    0.000ns

    Location             Delay type                Incr(ns)  Path(ns)    Netlist Resource(s)
  -------------------------------------------------------------------    -------------------
                         (clock sys_clk_pin rise edge)
                                                      0.000     0.000 r  
    N15                                               0.000     0.000 r  clock (IN)
                         net (fo=0)                   0.000     0.000    clock
    N15                  IBUF (Prop_ibuf_I_O)         1.463     1.463 r  clock_IBUF_inst/O
                         net (fo=1, routed)           2.016     3.478    clock_IBUF
    BUFGCTRL_X0Y4        BUFG (Prop_bufg_I_O)         0.096     3.574 r  clock_IBUF_BUFG_inst/O
                         net (fo=166, routed)         1.623     5.198    camera_status/clock
    SLICE_X53Y95         FDRE                                         r  camera_status/system_reset_reg/C
  -------------------------------------------------------------------    -------------------
    SLICE_X53Y95         FDRE (Prop_fdre_C_Q)         0.456     5.654 f  camera_status/system_reset_reg/Q
                         net (fo=154, routed)         2.568     8.222    camera_status/system_reset
    SLICE_X68Y77         LUT5 (Prop_lut5_I3_O)        0.124     8.346 r  camera_status/initialize_oled_display.graphics_row[0]_i_1/O
                         net (fo=1016, routed)       12.260    20.605    camera_status/initialize_oled_display.graphics_row[0]_i_1_n_0
    SLICE_X51Y78         FDRE                                         r  camera_status/initialize_oled_display.graphics_row_reg[757]/CE
  -------------------------------------------------------------------    -------------------

Slack:                    inf
  Source:                 camera_status/system_reset_reg/C
                            (rising edge-triggered cell FDRE clocked by sys_clk_pin  {rise@0.000ns fall@5.000ns period=10.000ns})
  Destination:            camera_status/initialize_oled_display.graphics_row_reg[761]/CE
  Path Group:             (none)
  Path Type:              Max at Slow Process Corner
  Data Path Delay:        15.247ns  (logic 0.580ns (3.804%)  route 14.667ns (96.196%))
  Logic Levels:           1  (LUT5=1)
  Clock Uncertainty:      0.025ns  ((TSJ^2 + TIJ^2)^1/2 + DJ) / 2 + PE
    Total System Jitter     (TSJ):    0.050ns
    Total Input Jitter      (TIJ):    0.000ns
    Discrete Jitter          (DJ):    0.000ns
    Phase Error              (PE):    0.000ns

    Location             Delay type                Incr(ns)  Path(ns)    Netlist Resource(s)
  -------------------------------------------------------------------    -------------------
                         (clock sys_clk_pin rise edge)
                                                      0.000     0.000 r  
    N15                                               0.000     0.000 r  clock (IN)
                         net (fo=0)                   0.000     0.000    clock
    N15                  IBUF (Prop_ibuf_I_O)         1.463     1.463 r  clock_IBUF_inst/O
                         net (fo=1, routed)           2.016     3.478    clock_IBUF
    BUFGCTRL_X0Y4        BUFG (Prop_bufg_I_O)         0.096     3.574 r  clock_IBUF_BUFG_inst/O
                         net (fo=166, routed)         1.623     5.198    camera_status/clock
    SLICE_X53Y95         FDRE                                         r  camera_status/system_reset_reg/C
  -------------------------------------------------------------------    -------------------
    SLICE_X53Y95         FDRE (Prop_fdre_C_Q)         0.456     5.654 f  camera_status/system_reset_reg/Q
                         net (fo=154, routed)         2.568     8.222    camera_status/system_reset
    SLICE_X68Y77         LUT5 (Prop_lut5_I3_O)        0.124     8.346 r  camera_status/initialize_oled_display.graphics_row[0]_i_1/O
                         net (fo=1016, routed)       12.099    20.444    camera_status/initialize_oled_display.graphics_row[0]_i_1_n_0
    SLICE_X51Y76         FDRE                                         r  camera_status/initialize_oled_display.graphics_row_reg[761]/CE
  -------------------------------------------------------------------    -------------------





Min Delay Paths
--------------------------------------------------------------------------------------
Slack:                    inf
  Source:                 camera_status/system_reset_reg/C
                            (rising edge-triggered cell FDRE clocked by sys_clk_pin  {rise@0.000ns fall@5.000ns period=10.000ns})
  Destination:            camera_status/initialize_oled_display.column_number_reg[7]_rep__2/D
  Path Group:             (none)
  Path Type:              Min at Fast Process Corner
  Data Path Delay:        0.560ns  (logic 0.186ns (33.193%)  route 0.374ns (66.807%))
  Logic Levels:           1  (LUT6=1)
  Clock Uncertainty:      0.025ns  ((TSJ^2 + TIJ^2)^1/2 + DJ) / 2 + PE
    Total System Jitter     (TSJ):    0.050ns
    Total Input Jitter      (TIJ):    0.000ns
    Discrete Jitter          (DJ):    0.000ns
    Phase Error              (PE):    0.000ns

    Location             Delay type                Incr(ns)  Path(ns)    Netlist Resource(s)
  -------------------------------------------------------------------    -------------------
                         (clock sys_clk_pin rise edge)
                                                      0.000     0.000 r  
    N15                                               0.000     0.000 r  clock (IN)
                         net (fo=0)                   0.000     0.000    clock
    N15                  IBUF (Prop_ibuf_I_O)         0.231     0.231 r  clock_IBUF_inst/O
                         net (fo=1, routed)           0.640     0.871    clock_IBUF
    BUFGCTRL_X0Y4        BUFG (Prop_bufg_I_O)         0.026     0.897 r  clock_IBUF_BUFG_inst/O
                         net (fo=166, routed)         0.562     1.458    camera_status/clock
    SLICE_X53Y95         FDRE                                         r  camera_status/system_reset_reg/C
  -------------------------------------------------------------------    -------------------
    SLICE_X53Y95         FDRE (Prop_fdre_C_Q)         0.141     1.599 r  camera_status/system_reset_reg/Q
                         net (fo=154, routed)         0.374     1.974    camera_status/system_reset
    SLICE_X55Y85         LUT6 (Prop_lut6_I3_O)        0.045     2.019 r  camera_status/initialize_oled_display.column_number[7]_rep__2_i_1/O
                         net (fo=1, routed)           0.000     2.019    camera_status/initialize_oled_display.column_number[7]_rep__2_i_1_n_0
    SLICE_X55Y85         FDRE                                         r  camera_status/initialize_oled_display.column_number_reg[7]_rep__2/D
  -------------------------------------------------------------------    -------------------

Slack:                    inf
  Source:                 camera_status/system_reset_reg/C
                            (rising edge-triggered cell FDRE clocked by sys_clk_pin  {rise@0.000ns fall@5.000ns period=10.000ns})
  Destination:            camera_status/initialize_oled_display.column_number_reg[7]_rep__1/D
  Path Group:             (none)
  Path Type:              Min at Fast Process Corner
  Data Path Delay:        0.561ns  (logic 0.186ns (33.134%)  route 0.375ns (66.866%))
  Logic Levels:           1  (LUT6=1)
  Clock Uncertainty:      0.025ns  ((TSJ^2 + TIJ^2)^1/2 + DJ) / 2 + PE
    Total System Jitter     (TSJ):    0.050ns
    Total Input Jitter      (TIJ):    0.000ns
    Discrete Jitter          (DJ):    0.000ns
    Phase Error              (PE):    0.000ns

    Location             Delay type                Incr(ns)  Path(ns)    Netlist Resource(s)
  -------------------------------------------------------------------    -------------------
                         (clock sys_clk_pin rise edge)
                                                      0.000     0.000 r  
    N15                                               0.000     0.000 r  clock (IN)
                         net (fo=0)                   0.000     0.000    clock
    N15                  IBUF (Prop_ibuf_I_O)         0.231     0.231 r  clock_IBUF_inst/O
                         net (fo=1, routed)           0.640     0.871    clock_IBUF
    BUFGCTRL_X0Y4        BUFG (Prop_bufg_I_O)         0.026     0.897 r  clock_IBUF_BUFG_inst/O
                         net (fo=166, routed)         0.562     1.458    camera_status/clock
    SLICE_X53Y95         FDRE                                         r  camera_status/system_reset_reg/C
  -------------------------------------------------------------------    -------------------
    SLICE_X53Y95         FDRE (Prop_fdre_C_Q)         0.141     1.599 r  camera_status/system_reset_reg/Q
                         net (fo=154, routed)         0.375     1.975    camera_status/system_reset
    SLICE_X55Y85         LUT6 (Prop_lut6_I3_O)        0.045     2.020 r  camera_status/initialize_oled_display.column_number[7]_rep__1_i_1/O
                         net (fo=1, routed)           0.000     2.020    camera_status/initialize_oled_display.column_number[7]_rep__1_i_1_n_0
    SLICE_X55Y85         FDRE                                         r  camera_status/initialize_oled_display.column_number_reg[7]_rep__1/D
  -------------------------------------------------------------------    -------------------

Slack:                    inf
  Source:                 camera_status/system_reset_reg/C
                            (rising edge-triggered cell FDRE clocked by sys_clk_pin  {rise@0.000ns fall@5.000ns period=10.000ns})
  Destination:            camera_status/initialize_oled_display.column_number_reg[8]_rep__3/D
  Path Group:             (none)
  Path Type:              Min at Fast Process Corner
  Data Path Delay:        0.575ns  (logic 0.186ns (32.345%)  route 0.389ns (67.655%))
  Logic Levels:           1  (LUT6=1)
  Clock Uncertainty:      0.025ns  ((TSJ^2 + TIJ^2)^1/2 + DJ) / 2 + PE
    Total System Jitter     (TSJ):    0.050ns
    Total Input Jitter      (TIJ):    0.000ns
    Discrete Jitter          (DJ):    0.000ns
    Phase Error              (PE):    0.000ns

    Location             Delay type                Incr(ns)  Path(ns)    Netlist Resource(s)
  -------------------------------------------------------------------    -------------------
                         (clock sys_clk_pin rise edge)
                                                      0.000     0.000 r  
    N15                                               0.000     0.000 r  clock (IN)
                         net (fo=0)                   0.000     0.000    clock
    N15                  IBUF (Prop_ibuf_I_O)         0.231     0.231 r  clock_IBUF_inst/O
                         net (fo=1, routed)           0.640     0.871    clock_IBUF
    BUFGCTRL_X0Y4        BUFG (Prop_bufg_I_O)         0.026     0.897 r  clock_IBUF_BUFG_inst/O
                         net (fo=166, routed)         0.562     1.458    camera_status/clock
    SLICE_X53Y95         FDRE                                         r  camera_status/system_reset_reg/C
  -------------------------------------------------------------------    -------------------
    SLICE_X53Y95         FDRE (Prop_fdre_C_Q)         0.141     1.599 r  camera_status/system_reset_reg/Q
                         net (fo=154, routed)         0.389     1.988    camera_status/system_reset
    SLICE_X52Y85         LUT6 (Prop_lut6_I3_O)        0.045     2.033 r  camera_status/initialize_oled_display.column_number[8]_rep__3_i_1/O
                         net (fo=1, routed)           0.000     2.033    camera_status/initialize_oled_display.column_number[8]_rep__3_i_1_n_0
    SLICE_X52Y85         FDRE                                         r  camera_status/initialize_oled_display.column_number_reg[8]_rep__3/D
  -------------------------------------------------------------------    -------------------

Slack:                    inf
  Source:                 camera_status/system_reset_reg/C
                            (rising edge-triggered cell FDRE clocked by sys_clk_pin  {rise@0.000ns fall@5.000ns period=10.000ns})
  Destination:            camera_status/initialize_oled_display.column_number_reg[8]_rep__2/D
  Path Group:             (none)
  Path Type:              Min at Fast Process Corner
  Data Path Delay:        0.584ns  (logic 0.186ns (31.834%)  route 0.398ns (68.166%))
  Logic Levels:           1  (LUT6=1)
  Clock Uncertainty:      0.025ns  ((TSJ^2 + TIJ^2)^1/2 + DJ) / 2 + PE
    Total System Jitter     (TSJ):    0.050ns
    Total Input Jitter      (TIJ):    0.000ns
    Discrete Jitter          (DJ):    0.000ns
    Phase Error              (PE):    0.000ns

    Location             Delay type                Incr(ns)  Path(ns)    Netlist Resource(s)
  -------------------------------------------------------------------    -------------------
                         (clock sys_clk_pin rise edge)
                                                      0.000     0.000 r  
    N15                                               0.000     0.000 r  clock (IN)
                         net (fo=0)                   0.000     0.000    clock
    N15                  IBUF (Prop_ibuf_I_O)         0.231     0.231 r  clock_IBUF_inst/O
                         net (fo=1, routed)           0.640     0.871    clock_IBUF
    BUFGCTRL_X0Y4        BUFG (Prop_bufg_I_O)         0.026     0.897 r  clock_IBUF_BUFG_inst/O
                         net (fo=166, routed)         0.562     1.458    camera_status/clock
    SLICE_X53Y95         FDRE                                         r  camera_status/system_reset_reg/C
  -------------------------------------------------------------------    -------------------
    SLICE_X53Y95         FDRE (Prop_fdre_C_Q)         0.141     1.599 r  camera_status/system_reset_reg/Q
                         net (fo=154, routed)         0.398     1.998    camera_status/system_reset
    SLICE_X52Y85         LUT6 (Prop_lut6_I3_O)        0.045     2.043 r  camera_status/initialize_oled_display.column_number[8]_rep__2_i_1/O
                         net (fo=1, routed)           0.000     2.043    camera_status/initialize_oled_display.column_number[8]_rep__2_i_1_n_0
    SLICE_X52Y85         FDRE                                         r  camera_status/initialize_oled_display.column_number_reg[8]_rep__2/D
  -------------------------------------------------------------------    -------------------

Slack:                    inf
  Source:                 camera_status/system_reset_reg/C
                            (rising edge-triggered cell FDRE clocked by sys_clk_pin  {rise@0.000ns fall@5.000ns period=10.000ns})
  Destination:            camera_status/initialize_oled_display.column_number_reg[7]_rep__3/D
  Path Group:             (none)
  Path Type:              Min at Fast Process Corner
  Data Path Delay:        0.646ns  (logic 0.186ns (28.777%)  route 0.460ns (71.223%))
  Logic Levels:           1  (LUT6=1)
  Clock Uncertainty:      0.025ns  ((TSJ^2 + TIJ^2)^1/2 + DJ) / 2 + PE
    Total System Jitter     (TSJ):    0.050ns
    Total Input Jitter      (TIJ):    0.000ns
    Discrete Jitter          (DJ):    0.000ns
    Phase Error              (PE):    0.000ns

    Location             Delay type                Incr(ns)  Path(ns)    Netlist Resource(s)
  -------------------------------------------------------------------    -------------------
                         (clock sys_clk_pin rise edge)
                                                      0.000     0.000 r  
    N15                                               0.000     0.000 r  clock (IN)
                         net (fo=0)                   0.000     0.000    clock
    N15                  IBUF (Prop_ibuf_I_O)         0.231     0.231 r  clock_IBUF_inst/O
                         net (fo=1, routed)           0.640     0.871    clock_IBUF
    BUFGCTRL_X0Y4        BUFG (Prop_bufg_I_O)         0.026     0.897 r  clock_IBUF_BUFG_inst/O
                         net (fo=166, routed)         0.562     1.458    camera_status/clock
    SLICE_X53Y95         FDRE                                         r  camera_status/system_reset_reg/C
  -------------------------------------------------------------------    -------------------
    SLICE_X53Y95         FDRE (Prop_fdre_C_Q)         0.141     1.599 r  camera_status/system_reset_reg/Q
                         net (fo=154, routed)         0.460     2.060    camera_status/system_reset
    SLICE_X55Y85         LUT6 (Prop_lut6_I3_O)        0.045     2.105 r  camera_status/initialize_oled_display.column_number[7]_rep__3_i_1/O
                         net (fo=1, routed)           0.000     2.105    camera_status/initialize_oled_display.column_number[7]_rep__3_i_1_n_0
    SLICE_X55Y85         FDRE                                         r  camera_status/initialize_oled_display.column_number_reg[7]_rep__3/D
  -------------------------------------------------------------------    -------------------

Slack:                    inf
  Source:                 camera_status/system_reset_reg/C
                            (rising edge-triggered cell FDRE clocked by sys_clk_pin  {rise@0.000ns fall@5.000ns period=10.000ns})
  Destination:            camera_status/initialize_oled_display.column_number_reg[7]_rep__0/D
  Path Group:             (none)
  Path Type:              Min at Fast Process Corner
  Data Path Delay:        0.646ns  (logic 0.186ns (28.772%)  route 0.460ns (71.228%))
  Logic Levels:           1  (LUT6=1)
  Clock Uncertainty:      0.025ns  ((TSJ^2 + TIJ^2)^1/2 + DJ) / 2 + PE
    Total System Jitter     (TSJ):    0.050ns
    Total Input Jitter      (TIJ):    0.000ns
    Discrete Jitter          (DJ):    0.000ns
    Phase Error              (PE):    0.000ns

    Location             Delay type                Incr(ns)  Path(ns)    Netlist Resource(s)
  -------------------------------------------------------------------    -------------------
                         (clock sys_clk_pin rise edge)
                                                      0.000     0.000 r  
    N15                                               0.000     0.000 r  clock (IN)
                         net (fo=0)                   0.000     0.000    clock
    N15                  IBUF (Prop_ibuf_I_O)         0.231     0.231 r  clock_IBUF_inst/O
                         net (fo=1, routed)           0.640     0.871    clock_IBUF
    BUFGCTRL_X0Y4        BUFG (Prop_bufg_I_O)         0.026     0.897 r  clock_IBUF_BUFG_inst/O
                         net (fo=166, routed)         0.562     1.458    camera_status/clock
    SLICE_X53Y95         FDRE                                         r  camera_status/system_reset_reg/C
  -------------------------------------------------------------------    -------------------
    SLICE_X53Y95         FDRE (Prop_fdre_C_Q)         0.141     1.599 r  camera_status/system_reset_reg/Q
                         net (fo=154, routed)         0.460     2.060    camera_status/system_reset
    SLICE_X55Y80         LUT6 (Prop_lut6_I3_O)        0.045     2.105 r  camera_status/initialize_oled_display.column_number[7]_rep__0_i_1/O
                         net (fo=1, routed)           0.000     2.105    camera_status/initialize_oled_display.column_number[7]_rep__0_i_1_n_0
    SLICE_X55Y80         FDRE                                         r  camera_status/initialize_oled_display.column_number_reg[7]_rep__0/D
  -------------------------------------------------------------------    -------------------

Slack:                    inf
  Source:                 camera_status/system_reset_reg/C
                            (rising edge-triggered cell FDRE clocked by sys_clk_pin  {rise@0.000ns fall@5.000ns period=10.000ns})
  Destination:            camera_status/initialize_oled_display.column_number_reg[8]_rep__4/D
  Path Group:             (none)
  Path Type:              Min at Fast Process Corner
  Data Path Delay:        0.647ns  (logic 0.186ns (28.732%)  route 0.461ns (71.268%))
  Logic Levels:           1  (LUT6=1)
  Clock Uncertainty:      0.025ns  ((TSJ^2 + TIJ^2)^1/2 + DJ) / 2 + PE
    Total System Jitter     (TSJ):    0.050ns
    Total Input Jitter      (TIJ):    0.000ns
    Discrete Jitter          (DJ):    0.000ns
    Phase Error              (PE):    0.000ns

    Location             Delay type                Incr(ns)  Path(ns)    Netlist Resource(s)
  -------------------------------------------------------------------    -------------------
                         (clock sys_clk_pin rise edge)
                                                      0.000     0.000 r  
    N15                                               0.000     0.000 r  clock (IN)
                         net (fo=0)                   0.000     0.000    clock
    N15                  IBUF (Prop_ibuf_I_O)         0.231     0.231 r  clock_IBUF_inst/O
                         net (fo=1, routed)           0.640     0.871    clock_IBUF
    BUFGCTRL_X0Y4        BUFG (Prop_bufg_I_O)         0.026     0.897 r  clock_IBUF_BUFG_inst/O
                         net (fo=166, routed)         0.562     1.458    camera_status/clock
    SLICE_X53Y95         FDRE                                         r  camera_status/system_reset_reg/C
  -------------------------------------------------------------------    -------------------
    SLICE_X53Y95         FDRE (Prop_fdre_C_Q)         0.141     1.599 r  camera_status/system_reset_reg/Q
                         net (fo=154, routed)         0.461     2.061    camera_status/system_reset
    SLICE_X55Y85         LUT6 (Prop_lut6_I3_O)        0.045     2.106 r  camera_status/initialize_oled_display.column_number[8]_rep__4_i_1/O
                         net (fo=1, routed)           0.000     2.106    camera_status/initialize_oled_display.column_number[8]_rep__4_i_1_n_0
    SLICE_X55Y85         FDRE                                         r  camera_status/initialize_oled_display.column_number_reg[8]_rep__4/D
  -------------------------------------------------------------------    -------------------

Slack:                    inf
  Source:                 camera_status/system_reset_reg/C
                            (rising edge-triggered cell FDRE clocked by sys_clk_pin  {rise@0.000ns fall@5.000ns period=10.000ns})
  Destination:            camera_status/initialize_oled_display.column_number_reg[8]_rep__1/D
  Path Group:             (none)
  Path Type:              Min at Fast Process Corner
  Data Path Delay:        0.747ns  (logic 0.186ns (24.913%)  route 0.561ns (75.087%))
  Logic Levels:           1  (LUT6=1)
  Clock Uncertainty:      0.025ns  ((TSJ^2 + TIJ^2)^1/2 + DJ) / 2 + PE
    Total System Jitter     (TSJ):    0.050ns
    Total Input Jitter      (TIJ):    0.000ns
    Discrete Jitter          (DJ):    0.000ns
    Phase Error              (PE):    0.000ns

    Location             Delay type                Incr(ns)  Path(ns)    Netlist Resource(s)
  -------------------------------------------------------------------    -------------------
                         (clock sys_clk_pin rise edge)
                                                      0.000     0.000 r  
    N15                                               0.000     0.000 r  clock (IN)
                         net (fo=0)                   0.000     0.000    clock
    N15                  IBUF (Prop_ibuf_I_O)         0.231     0.231 r  clock_IBUF_inst/O
                         net (fo=1, routed)           0.640     0.871    clock_IBUF
    BUFGCTRL_X0Y4        BUFG (Prop_bufg_I_O)         0.026     0.897 r  clock_IBUF_BUFG_inst/O
                         net (fo=166, routed)         0.562     1.458    camera_status/clock
    SLICE_X53Y95         FDRE                                         r  camera_status/system_reset_reg/C
  -------------------------------------------------------------------    -------------------
    SLICE_X53Y95         FDRE (Prop_fdre_C_Q)         0.141     1.599 r  camera_status/system_reset_reg/Q
                         net (fo=154, routed)         0.561     2.160    camera_status/system_reset
    SLICE_X55Y73         LUT6 (Prop_lut6_I3_O)        0.045     2.205 r  camera_status/initialize_oled_display.column_number[8]_rep__1_i_1/O
                         net (fo=1, routed)           0.000     2.205    camera_status/initialize_oled_display.column_number[8]_rep__1_i_1_n_0
    SLICE_X55Y73         FDRE                                         r  camera_status/initialize_oled_display.column_number_reg[8]_rep__1/D
  -------------------------------------------------------------------    -------------------

Slack:                    inf
  Source:                 camera_status/system_reset_reg/C
                            (rising edge-triggered cell FDRE clocked by sys_clk_pin  {rise@0.000ns fall@5.000ns period=10.000ns})
  Destination:            camera_status/initialize_oled_display.column_number_reg[8]_rep__5/D
  Path Group:             (none)
  Path Type:              Min at Fast Process Corner
  Data Path Delay:        0.750ns  (logic 0.186ns (24.813%)  route 0.564ns (75.187%))
  Logic Levels:           1  (LUT6=1)
  Clock Uncertainty:      0.025ns  ((TSJ^2 + TIJ^2)^1/2 + DJ) / 2 + PE
    Total System Jitter     (TSJ):    0.050ns
    Total Input Jitter      (TIJ):    0.000ns
    Discrete Jitter          (DJ):    0.000ns
    Phase Error              (PE):    0.000ns

    Location             Delay type                Incr(ns)  Path(ns)    Netlist Resource(s)
  -------------------------------------------------------------------    -------------------
                         (clock sys_clk_pin rise edge)
                                                      0.000     0.000 r  
    N15                                               0.000     0.000 r  clock (IN)
                         net (fo=0)                   0.000     0.000    clock
    N15                  IBUF (Prop_ibuf_I_O)         0.231     0.231 r  clock_IBUF_inst/O
                         net (fo=1, routed)           0.640     0.871    clock_IBUF
    BUFGCTRL_X0Y4        BUFG (Prop_bufg_I_O)         0.026     0.897 r  clock_IBUF_BUFG_inst/O
                         net (fo=166, routed)         0.562     1.458    camera_status/clock
    SLICE_X53Y95         FDRE                                         r  camera_status/system_reset_reg/C
  -------------------------------------------------------------------    -------------------
    SLICE_X53Y95         FDRE (Prop_fdre_C_Q)         0.141     1.599 r  camera_status/system_reset_reg/Q
                         net (fo=154, routed)         0.564     2.163    camera_status/system_reset
    SLICE_X55Y73         LUT6 (Prop_lut6_I3_O)        0.045     2.208 r  camera_status/initialize_oled_display.column_number[8]_rep__5_i_1/O
                         net (fo=1, routed)           0.000     2.208    camera_status/initialize_oled_display.column_number[8]_rep__5_i_1_n_0
    SLICE_X55Y73         FDRE                                         r  camera_status/initialize_oled_display.column_number_reg[8]_rep__5/D
  -------------------------------------------------------------------    -------------------

Slack:                    inf
  Source:                 camera_status/system_reset_reg/C
                            (rising edge-triggered cell FDRE clocked by sys_clk_pin  {rise@0.000ns fall@5.000ns period=10.000ns})
  Destination:            camera_status/initialize_oled_display.column_number_reg[8]_rep__0/D
  Path Group:             (none)
  Path Type:              Min at Fast Process Corner
  Data Path Delay:        0.934ns  (logic 0.186ns (19.920%)  route 0.748ns (80.080%))
  Logic Levels:           1  (LUT6=1)
  Clock Uncertainty:      0.025ns  ((TSJ^2 + TIJ^2)^1/2 + DJ) / 2 + PE
    Total System Jitter     (TSJ):    0.050ns
    Total Input Jitter      (TIJ):    0.000ns
    Discrete Jitter          (DJ):    0.000ns
    Phase Error              (PE):    0.000ns

    Location             Delay type                Incr(ns)  Path(ns)    Netlist Resource(s)
  -------------------------------------------------------------------    -------------------
                         (clock sys_clk_pin rise edge)
                                                      0.000     0.000 r  
    N15                                               0.000     0.000 r  clock (IN)
                         net (fo=0)                   0.000     0.000    clock
    N15                  IBUF (Prop_ibuf_I_O)         0.231     0.231 r  clock_IBUF_inst/O
                         net (fo=1, routed)           0.640     0.871    clock_IBUF
    BUFGCTRL_X0Y4        BUFG (Prop_bufg_I_O)         0.026     0.897 r  clock_IBUF_BUFG_inst/O
                         net (fo=166, routed)         0.562     1.458    camera_status/clock
    SLICE_X53Y95         FDRE                                         r  camera_status/system_reset_reg/C
  -------------------------------------------------------------------    -------------------
    SLICE_X53Y95         FDRE (Prop_fdre_C_Q)         0.141     1.599 r  camera_status/system_reset_reg/Q
                         net (fo=154, routed)         0.575     2.174    camera_status/system_reset
    SLICE_X55Y74         LUT6 (Prop_lut6_I3_O)        0.045     2.219 r  camera_status/initialize_oled_display.column_number[8]_rep__0_i_1/O
                         net (fo=1, routed)           0.173     2.392    camera_status/initialize_oled_display.column_number[8]_rep__0_i_1_n_0
    SLICE_X55Y73         FDRE                                         r  camera_status/initialize_oled_display.column_number_reg[8]_rep__0/D
  -------------------------------------------------------------------    -------------------





--------------------------------------------------------------------------------------
Path Group:  (none)
From Clock:  
  To Clock:  clk_5Mhz_clk_wiz_0

Max Delay             6 Endpoints
Min Delay             6 Endpoints
--------------------------------------------------------------------------------------


Max Delay Paths
--------------------------------------------------------------------------------------
Slack:                    inf
  Source:                 ov7670_vsync
                            (input port)
  Destination:            camera_video/vsync_debounce.Count_reg[0]/R
                            (rising edge-triggered cell FDRE clocked by clk_5Mhz_clk_wiz_0  {rise@0.000ns fall@100.000ns period=200.000ns})
  Path Group:             (none)
  Path Type:              Setup (Max at Slow Process Corner)
  Data Path Delay:        8.093ns  (logic 1.663ns (20.543%)  route 6.431ns (79.457%))
  Logic Levels:           2  (IBUF=1 LUT4=1)
  Clock Path Skew:        1.686ns (DCD - SCD + CPR)
    Destination Clock Delay (DCD):    1.686ns
    Source Clock Delay      (SCD):    0.000ns
    Clock Pessimism Removal (CPR):    0.000ns
  Clock Uncertainty:      0.272ns  ((TSJ^2 + DJ^2)^1/2) / 2 + PE
    Total System Jitter     (TSJ):    0.050ns
    Discrete Jitter          (DJ):    0.275ns
    Phase Error              (PE):    0.132ns

    Location             Delay type                Incr(ns)  Path(ns)    Netlist Resource(s)
  -------------------------------------------------------------------    -------------------
    A15                                               0.000     0.000 r  ov7670_vsync (IN)
                         net (fo=0)                   0.000     0.000    ov7670_vsync
    A15                  IBUF (Prop_ibuf_I_O)         1.513     1.513 r  ov7670_vsync_IBUF_inst/O
                         net (fo=3, routed)           5.806     7.318    camera_video/debounce_video_source/ov7670_vsync_IBUF
    SLICE_X18Y44         LUT4 (Prop_lut4_I1_O)        0.150     7.468 r  camera_video/debounce_video_source/vsync_debounce.Count[4]_i_1/O
                         net (fo=5, routed)           0.625     8.093    camera_video/clear
    SLICE_X19Y44         FDRE                                         r  camera_video/vsync_debounce.Count_reg[0]/R
  -------------------------------------------------------------------    -------------------

                         (clock clk_5Mhz_clk_wiz_0 rise edge)
                                                      0.000     0.000 r  
    BUFGCTRL_X0Y4        BUFG                         0.000     0.000 r  clock_IBUF_BUFG_inst/O
                         net (fo=166, routed)         1.680     1.680    camera_video/xtime/inst/clk_in1
    MMCME2_ADV_X0Y0      MMCME2_ADV (Prop_mmcme2_adv_CLKIN1_CLKOUT2)
                                                     -3.694    -2.014 r  camera_video/xtime/inst/mmcm_adv_inst/CLKOUT2
                         net (fo=1, routed)           1.923    -0.091    camera_video/xtime/inst/clk_5Mhz_clk_wiz_0
    BUFGCTRL_X0Y7        BUFG (Prop_bufg_I_O)         0.091     0.000 r  camera_video/xtime/inst/clkout3_buf/O
                         net (fo=22, routed)          1.686     1.686    camera_video/clk_5Mhz
    SLICE_X19Y44         FDRE                                         r  camera_video/vsync_debounce.Count_reg[0]/C

Slack:                    inf
  Source:                 ov7670_vsync
                            (input port)
  Destination:            camera_video/vsync_debounce.Count_reg[1]/R
                            (rising edge-triggered cell FDRE clocked by clk_5Mhz_clk_wiz_0  {rise@0.000ns fall@100.000ns period=200.000ns})
  Path Group:             (none)
  Path Type:              Setup (Max at Slow Process Corner)
  Data Path Delay:        8.093ns  (logic 1.663ns (20.543%)  route 6.431ns (79.457%))
  Logic Levels:           2  (IBUF=1 LUT4=1)
  Clock Path Skew:        1.686ns (DCD - SCD + CPR)
    Destination Clock Delay (DCD):    1.686ns
    Source Clock Delay      (SCD):    0.000ns
    Clock Pessimism Removal (CPR):    0.000ns
  Clock Uncertainty:      0.272ns  ((TSJ^2 + DJ^2)^1/2) / 2 + PE
    Total System Jitter     (TSJ):    0.050ns
    Discrete Jitter          (DJ):    0.275ns
    Phase Error              (PE):    0.132ns

    Location             Delay type                Incr(ns)  Path(ns)    Netlist Resource(s)
  -------------------------------------------------------------------    -------------------
    A15                                               0.000     0.000 r  ov7670_vsync (IN)
                         net (fo=0)                   0.000     0.000    ov7670_vsync
    A15                  IBUF (Prop_ibuf_I_O)         1.513     1.513 r  ov7670_vsync_IBUF_inst/O
                         net (fo=3, routed)           5.806     7.318    camera_video/debounce_video_source/ov7670_vsync_IBUF
    SLICE_X18Y44         LUT4 (Prop_lut4_I1_O)        0.150     7.468 r  camera_video/debounce_video_source/vsync_debounce.Count[4]_i_1/O
                         net (fo=5, routed)           0.625     8.093    camera_video/clear
    SLICE_X19Y44         FDRE                                         r  camera_video/vsync_debounce.Count_reg[1]/R
  -------------------------------------------------------------------    -------------------

                         (clock clk_5Mhz_clk_wiz_0 rise edge)
                                                      0.000     0.000 r  
    BUFGCTRL_X0Y4        BUFG                         0.000     0.000 r  clock_IBUF_BUFG_inst/O
                         net (fo=166, routed)         1.680     1.680    camera_video/xtime/inst/clk_in1
    MMCME2_ADV_X0Y0      MMCME2_ADV (Prop_mmcme2_adv_CLKIN1_CLKOUT2)
                                                     -3.694    -2.014 r  camera_video/xtime/inst/mmcm_adv_inst/CLKOUT2
                         net (fo=1, routed)           1.923    -0.091    camera_video/xtime/inst/clk_5Mhz_clk_wiz_0
    BUFGCTRL_X0Y7        BUFG (Prop_bufg_I_O)         0.091     0.000 r  camera_video/xtime/inst/clkout3_buf/O
                         net (fo=22, routed)          1.686     1.686    camera_video/clk_5Mhz
    SLICE_X19Y44         FDRE                                         r  camera_video/vsync_debounce.Count_reg[1]/C

Slack:                    inf
  Source:                 ov7670_vsync
                            (input port)
  Destination:            camera_video/vsync_debounce.Count_reg[2]/R
                            (rising edge-triggered cell FDRE clocked by clk_5Mhz_clk_wiz_0  {rise@0.000ns fall@100.000ns period=200.000ns})
  Path Group:             (none)
  Path Type:              Setup (Max at Slow Process Corner)
  Data Path Delay:        8.093ns  (logic 1.663ns (20.543%)  route 6.431ns (79.457%))
  Logic Levels:           2  (IBUF=1 LUT4=1)
  Clock Path Skew:        1.686ns (DCD - SCD + CPR)
    Destination Clock Delay (DCD):    1.686ns
    Source Clock Delay      (SCD):    0.000ns
    Clock Pessimism Removal (CPR):    0.000ns
  Clock Uncertainty:      0.272ns  ((TSJ^2 + DJ^2)^1/2) / 2 + PE
    Total System Jitter     (TSJ):    0.050ns
    Discrete Jitter          (DJ):    0.275ns
    Phase Error              (PE):    0.132ns

    Location             Delay type                Incr(ns)  Path(ns)    Netlist Resource(s)
  -------------------------------------------------------------------    -------------------
    A15                                               0.000     0.000 r  ov7670_vsync (IN)
                         net (fo=0)                   0.000     0.000    ov7670_vsync
    A15                  IBUF (Prop_ibuf_I_O)         1.513     1.513 r  ov7670_vsync_IBUF_inst/O
                         net (fo=3, routed)           5.806     7.318    camera_video/debounce_video_source/ov7670_vsync_IBUF
    SLICE_X18Y44         LUT4 (Prop_lut4_I1_O)        0.150     7.468 r  camera_video/debounce_video_source/vsync_debounce.Count[4]_i_1/O
                         net (fo=5, routed)           0.625     8.093    camera_video/clear
    SLICE_X19Y44         FDRE                                         r  camera_video/vsync_debounce.Count_reg[2]/R
  -------------------------------------------------------------------    -------------------

                         (clock clk_5Mhz_clk_wiz_0 rise edge)
                                                      0.000     0.000 r  
    BUFGCTRL_X0Y4        BUFG                         0.000     0.000 r  clock_IBUF_BUFG_inst/O
                         net (fo=166, routed)         1.680     1.680    camera_video/xtime/inst/clk_in1
    MMCME2_ADV_X0Y0      MMCME2_ADV (Prop_mmcme2_adv_CLKIN1_CLKOUT2)
                                                     -3.694    -2.014 r  camera_video/xtime/inst/mmcm_adv_inst/CLKOUT2
                         net (fo=1, routed)           1.923    -0.091    camera_video/xtime/inst/clk_5Mhz_clk_wiz_0
    BUFGCTRL_X0Y7        BUFG (Prop_bufg_I_O)         0.091     0.000 r  camera_video/xtime/inst/clkout3_buf/O
                         net (fo=22, routed)          1.686     1.686    camera_video/clk_5Mhz
    SLICE_X19Y44         FDRE                                         r  camera_video/vsync_debounce.Count_reg[2]/C

Slack:                    inf
  Source:                 ov7670_vsync
                            (input port)
  Destination:            camera_video/vsync_debounce.Count_reg[3]/R
                            (rising edge-triggered cell FDRE clocked by clk_5Mhz_clk_wiz_0  {rise@0.000ns fall@100.000ns period=200.000ns})
  Path Group:             (none)
  Path Type:              Setup (Max at Slow Process Corner)
  Data Path Delay:        8.093ns  (logic 1.663ns (20.543%)  route 6.431ns (79.457%))
  Logic Levels:           2  (IBUF=1 LUT4=1)
  Clock Path Skew:        1.686ns (DCD - SCD + CPR)
    Destination Clock Delay (DCD):    1.686ns
    Source Clock Delay      (SCD):    0.000ns
    Clock Pessimism Removal (CPR):    0.000ns
  Clock Uncertainty:      0.272ns  ((TSJ^2 + DJ^2)^1/2) / 2 + PE
    Total System Jitter     (TSJ):    0.050ns
    Discrete Jitter          (DJ):    0.275ns
    Phase Error              (PE):    0.132ns

    Location             Delay type                Incr(ns)  Path(ns)    Netlist Resource(s)
  -------------------------------------------------------------------    -------------------
    A15                                               0.000     0.000 r  ov7670_vsync (IN)
                         net (fo=0)                   0.000     0.000    ov7670_vsync
    A15                  IBUF (Prop_ibuf_I_O)         1.513     1.513 r  ov7670_vsync_IBUF_inst/O
                         net (fo=3, routed)           5.806     7.318    camera_video/debounce_video_source/ov7670_vsync_IBUF
    SLICE_X18Y44         LUT4 (Prop_lut4_I1_O)        0.150     7.468 r  camera_video/debounce_video_source/vsync_debounce.Count[4]_i_1/O
                         net (fo=5, routed)           0.625     8.093    camera_video/clear
    SLICE_X19Y44         FDRE                                         r  camera_video/vsync_debounce.Count_reg[3]/R
  -------------------------------------------------------------------    -------------------

                         (clock clk_5Mhz_clk_wiz_0 rise edge)
                                                      0.000     0.000 r  
    BUFGCTRL_X0Y4        BUFG                         0.000     0.000 r  clock_IBUF_BUFG_inst/O
                         net (fo=166, routed)         1.680     1.680    camera_video/xtime/inst/clk_in1
    MMCME2_ADV_X0Y0      MMCME2_ADV (Prop_mmcme2_adv_CLKIN1_CLKOUT2)
                                                     -3.694    -2.014 r  camera_video/xtime/inst/mmcm_adv_inst/CLKOUT2
                         net (fo=1, routed)           1.923    -0.091    camera_video/xtime/inst/clk_5Mhz_clk_wiz_0
    BUFGCTRL_X0Y7        BUFG (Prop_bufg_I_O)         0.091     0.000 r  camera_video/xtime/inst/clkout3_buf/O
                         net (fo=22, routed)          1.686     1.686    camera_video/clk_5Mhz
    SLICE_X19Y44         FDRE                                         r  camera_video/vsync_debounce.Count_reg[3]/C

Slack:                    inf
  Source:                 ov7670_vsync
                            (input port)
  Destination:            camera_video/vsync_debounce.Count_reg[4]/R
                            (rising edge-triggered cell FDRE clocked by clk_5Mhz_clk_wiz_0  {rise@0.000ns fall@100.000ns period=200.000ns})
  Path Group:             (none)
  Path Type:              Setup (Max at Slow Process Corner)
  Data Path Delay:        8.093ns  (logic 1.663ns (20.543%)  route 6.431ns (79.457%))
  Logic Levels:           2  (IBUF=1 LUT4=1)
  Clock Path Skew:        1.686ns (DCD - SCD + CPR)
    Destination Clock Delay (DCD):    1.686ns
    Source Clock Delay      (SCD):    0.000ns
    Clock Pessimism Removal (CPR):    0.000ns
  Clock Uncertainty:      0.272ns  ((TSJ^2 + DJ^2)^1/2) / 2 + PE
    Total System Jitter     (TSJ):    0.050ns
    Discrete Jitter          (DJ):    0.275ns
    Phase Error              (PE):    0.132ns

    Location             Delay type                Incr(ns)  Path(ns)    Netlist Resource(s)
  -------------------------------------------------------------------    -------------------
    A15                                               0.000     0.000 r  ov7670_vsync (IN)
                         net (fo=0)                   0.000     0.000    ov7670_vsync
    A15                  IBUF (Prop_ibuf_I_O)         1.513     1.513 r  ov7670_vsync_IBUF_inst/O
                         net (fo=3, routed)           5.806     7.318    camera_video/debounce_video_source/ov7670_vsync_IBUF
    SLICE_X18Y44         LUT4 (Prop_lut4_I1_O)        0.150     7.468 r  camera_video/debounce_video_source/vsync_debounce.Count[4]_i_1/O
                         net (fo=5, routed)           0.625     8.093    camera_video/clear
    SLICE_X19Y44         FDRE                                         r  camera_video/vsync_debounce.Count_reg[4]/R
  -------------------------------------------------------------------    -------------------

                         (clock clk_5Mhz_clk_wiz_0 rise edge)
                                                      0.000     0.000 r  
    BUFGCTRL_X0Y4        BUFG                         0.000     0.000 r  clock_IBUF_BUFG_inst/O
                         net (fo=166, routed)         1.680     1.680    camera_video/xtime/inst/clk_in1
    MMCME2_ADV_X0Y0      MMCME2_ADV (Prop_mmcme2_adv_CLKIN1_CLKOUT2)
                                                     -3.694    -2.014 r  camera_video/xtime/inst/mmcm_adv_inst/CLKOUT2
                         net (fo=1, routed)           1.923    -0.091    camera_video/xtime/inst/clk_5Mhz_clk_wiz_0
    BUFGCTRL_X0Y7        BUFG (Prop_bufg_I_O)         0.091     0.000 r  camera_video/xtime/inst/clkout3_buf/O
                         net (fo=22, routed)          1.686     1.686    camera_video/clk_5Mhz
    SLICE_X19Y44         FDRE                                         r  camera_video/vsync_debounce.Count_reg[4]/C

Slack:                    inf
  Source:                 ov7670_vsync
                            (input port)
  Destination:            camera_video/vsync_debounce.vsync_previous_reg/D
                            (rising edge-triggered cell FDRE clocked by clk_5Mhz_clk_wiz_0  {rise@0.000ns fall@100.000ns period=200.000ns})
  Path Group:             (none)
  Path Type:              Setup (Max at Slow Process Corner)
  Data Path Delay:        7.533ns  (logic 1.761ns (23.371%)  route 5.773ns (76.629%))
  Logic Levels:           3  (IBUF=1 LUT3=1 LUT6=1)
  Clock Path Skew:        1.686ns (DCD - SCD + CPR)
    Destination Clock Delay (DCD):    1.686ns
    Source Clock Delay      (SCD):    0.000ns
    Clock Pessimism Removal (CPR):    0.000ns
  Clock Uncertainty:      0.272ns  ((TSJ^2 + DJ^2)^1/2) / 2 + PE
    Total System Jitter     (TSJ):    0.050ns
    Discrete Jitter          (DJ):    0.275ns
    Phase Error              (PE):    0.132ns

    Location             Delay type                Incr(ns)  Path(ns)    Netlist Resource(s)
  -------------------------------------------------------------------    -------------------
    A15                                               0.000     0.000 r  ov7670_vsync (IN)
                         net (fo=0)                   0.000     0.000    ov7670_vsync
    A15                  IBUF (Prop_ibuf_I_O)         1.513     1.513 r  ov7670_vsync_IBUF_inst/O
                         net (fo=3, routed)           3.331     4.843    camera_video/debounce_video_source/ov7670_vsync_IBUF
    SLICE_X51Y96         LUT3 (Prop_lut3_I0_O)        0.124     4.967 r  camera_video/debounce_video_source/CamWriteEnable_i_1/O
                         net (fo=2, routed)           2.442     7.409    camera_video/debounce_video_source/cam_vsync
    SLICE_X18Y44         LUT6 (Prop_lut6_I1_O)        0.124     7.533 r  camera_video/debounce_video_source/vsync_debounce.vsync_previous_i_1/O
                         net (fo=1, routed)           0.000     7.533    camera_video/debounce_video_source_n_7
    SLICE_X18Y44         FDRE                                         r  camera_video/vsync_debounce.vsync_previous_reg/D
  -------------------------------------------------------------------    -------------------

                         (clock clk_5Mhz_clk_wiz_0 rise edge)
                                                      0.000     0.000 r  
    BUFGCTRL_X0Y4        BUFG                         0.000     0.000 r  clock_IBUF_BUFG_inst/O
                         net (fo=166, routed)         1.680     1.680    camera_video/xtime/inst/clk_in1
    MMCME2_ADV_X0Y0      MMCME2_ADV (Prop_mmcme2_adv_CLKIN1_CLKOUT2)
                                                     -3.694    -2.014 r  camera_video/xtime/inst/mmcm_adv_inst/CLKOUT2
                         net (fo=1, routed)           1.923    -0.091    camera_video/xtime/inst/clk_5Mhz_clk_wiz_0
    BUFGCTRL_X0Y7        BUFG (Prop_bufg_I_O)         0.091     0.000 r  camera_video/xtime/inst/clkout3_buf/O
                         net (fo=22, routed)          1.686     1.686    camera_video/clk_5Mhz
    SLICE_X18Y44         FDRE                                         r  camera_video/vsync_debounce.vsync_previous_reg/C





Min Delay Paths
--------------------------------------------------------------------------------------
Slack:                    inf
  Source:                 camera_video/debounce_video_source/button_out_reg_rep/C
                            (rising edge-triggered cell FDRE)
  Destination:            camera_video/vsync_debounce.Count_reg[0]/R
                            (rising edge-triggered cell FDRE clocked by clk_5Mhz_clk_wiz_0  {rise@0.000ns fall@100.000ns period=200.000ns})
  Path Group:             (none)
  Path Type:              Hold (Min at Fast Process Corner)
  Data Path Delay:        0.998ns  (logic 0.187ns (18.742%)  route 0.811ns (81.258%))
  Logic Levels:           2  (FDRE=1 LUT4=1)
  Clock Uncertainty:      0.272ns  ((TSJ^2 + DJ^2)^1/2) / 2 + PE
    Total System Jitter     (TSJ):    0.050ns
    Discrete Jitter          (DJ):    0.275ns
    Phase Error              (PE):    0.132ns

    Location             Delay type                Incr(ns)  Path(ns)    Netlist Resource(s)
  -------------------------------------------------------------------    -------------------
    SLICE_X11Y32         FDRE                         0.000     0.000 r  camera_video/debounce_video_source/button_out_reg_rep/C
    SLICE_X11Y32         FDRE (Prop_fdre_C_Q)         0.141     0.141 r  camera_video/debounce_video_source/button_out_reg_rep/Q
                         net (fo=110, routed)         0.577     0.718    camera_video/debounce_video_source/button_out_reg_rep_0
    SLICE_X18Y44         LUT4 (Prop_lut4_I2_O)        0.046     0.764 r  camera_video/debounce_video_source/vsync_debounce.Count[4]_i_1/O
                         net (fo=5, routed)           0.234     0.998    camera_video/clear
    SLICE_X19Y44         FDRE                                         r  camera_video/vsync_debounce.Count_reg[0]/R
  -------------------------------------------------------------------    -------------------

                         (clock clk_5Mhz_clk_wiz_0 rise edge)
                                                      0.000     0.000 r  
    BUFGCTRL_X0Y4        BUFG                         0.000     0.000 r  clock_IBUF_BUFG_inst/O
                         net (fo=166, routed)         0.896     0.896    camera_video/xtime/inst/clk_in1
    MMCME2_ADV_X0Y0      MMCME2_ADV (Prop_mmcme2_adv_CLKIN1_CLKOUT2)
                                                     -1.625    -0.729 r  camera_video/xtime/inst/mmcm_adv_inst/CLKOUT2
                         net (fo=1, routed)           0.700    -0.029    camera_video/xtime/inst/clk_5Mhz_clk_wiz_0
    BUFGCTRL_X0Y7        BUFG (Prop_bufg_I_O)         0.029     0.000 r  camera_video/xtime/inst/clkout3_buf/O
                         net (fo=22, routed)          0.914     0.914    camera_video/clk_5Mhz
    SLICE_X19Y44         FDRE                                         r  camera_video/vsync_debounce.Count_reg[0]/C

Slack:                    inf
  Source:                 camera_video/debounce_video_source/button_out_reg_rep/C
                            (rising edge-triggered cell FDRE)
  Destination:            camera_video/vsync_debounce.Count_reg[1]/R
                            (rising edge-triggered cell FDRE clocked by clk_5Mhz_clk_wiz_0  {rise@0.000ns fall@100.000ns period=200.000ns})
  Path Group:             (none)
  Path Type:              Hold (Min at Fast Process Corner)
  Data Path Delay:        0.998ns  (logic 0.187ns (18.742%)  route 0.811ns (81.258%))
  Logic Levels:           2  (FDRE=1 LUT4=1)
  Clock Uncertainty:      0.272ns  ((TSJ^2 + DJ^2)^1/2) / 2 + PE
    Total System Jitter     (TSJ):    0.050ns
    Discrete Jitter          (DJ):    0.275ns
    Phase Error              (PE):    0.132ns

    Location             Delay type                Incr(ns)  Path(ns)    Netlist Resource(s)
  -------------------------------------------------------------------    -------------------
    SLICE_X11Y32         FDRE                         0.000     0.000 r  camera_video/debounce_video_source/button_out_reg_rep/C
    SLICE_X11Y32         FDRE (Prop_fdre_C_Q)         0.141     0.141 r  camera_video/debounce_video_source/button_out_reg_rep/Q
                         net (fo=110, routed)         0.577     0.718    camera_video/debounce_video_source/button_out_reg_rep_0
    SLICE_X18Y44         LUT4 (Prop_lut4_I2_O)        0.046     0.764 r  camera_video/debounce_video_source/vsync_debounce.Count[4]_i_1/O
                         net (fo=5, routed)           0.234     0.998    camera_video/clear
    SLICE_X19Y44         FDRE                                         r  camera_video/vsync_debounce.Count_reg[1]/R
  -------------------------------------------------------------------    -------------------

                         (clock clk_5Mhz_clk_wiz_0 rise edge)
                                                      0.000     0.000 r  
    BUFGCTRL_X0Y4        BUFG                         0.000     0.000 r  clock_IBUF_BUFG_inst/O
                         net (fo=166, routed)         0.896     0.896    camera_video/xtime/inst/clk_in1
    MMCME2_ADV_X0Y0      MMCME2_ADV (Prop_mmcme2_adv_CLKIN1_CLKOUT2)
                                                     -1.625    -0.729 r  camera_video/xtime/inst/mmcm_adv_inst/CLKOUT2
                         net (fo=1, routed)           0.700    -0.029    camera_video/xtime/inst/clk_5Mhz_clk_wiz_0
    BUFGCTRL_X0Y7        BUFG (Prop_bufg_I_O)         0.029     0.000 r  camera_video/xtime/inst/clkout3_buf/O
                         net (fo=22, routed)          0.914     0.914    camera_video/clk_5Mhz
    SLICE_X19Y44         FDRE                                         r  camera_video/vsync_debounce.Count_reg[1]/C

Slack:                    inf
  Source:                 camera_video/debounce_video_source/button_out_reg_rep/C
                            (rising edge-triggered cell FDRE)
  Destination:            camera_video/vsync_debounce.Count_reg[2]/R
                            (rising edge-triggered cell FDRE clocked by clk_5Mhz_clk_wiz_0  {rise@0.000ns fall@100.000ns period=200.000ns})
  Path Group:             (none)
  Path Type:              Hold (Min at Fast Process Corner)
  Data Path Delay:        0.998ns  (logic 0.187ns (18.742%)  route 0.811ns (81.258%))
  Logic Levels:           2  (FDRE=1 LUT4=1)
  Clock Uncertainty:      0.272ns  ((TSJ^2 + DJ^2)^1/2) / 2 + PE
    Total System Jitter     (TSJ):    0.050ns
    Discrete Jitter          (DJ):    0.275ns
    Phase Error              (PE):    0.132ns

    Location             Delay type                Incr(ns)  Path(ns)    Netlist Resource(s)
  -------------------------------------------------------------------    -------------------
    SLICE_X11Y32         FDRE                         0.000     0.000 r  camera_video/debounce_video_source/button_out_reg_rep/C
    SLICE_X11Y32         FDRE (Prop_fdre_C_Q)         0.141     0.141 r  camera_video/debounce_video_source/button_out_reg_rep/Q
                         net (fo=110, routed)         0.577     0.718    camera_video/debounce_video_source/button_out_reg_rep_0
    SLICE_X18Y44         LUT4 (Prop_lut4_I2_O)        0.046     0.764 r  camera_video/debounce_video_source/vsync_debounce.Count[4]_i_1/O
                         net (fo=5, routed)           0.234     0.998    camera_video/clear
    SLICE_X19Y44         FDRE                                         r  camera_video/vsync_debounce.Count_reg[2]/R
  -------------------------------------------------------------------    -------------------

                         (clock clk_5Mhz_clk_wiz_0 rise edge)
                                                      0.000     0.000 r  
    BUFGCTRL_X0Y4        BUFG                         0.000     0.000 r  clock_IBUF_BUFG_inst/O
                         net (fo=166, routed)         0.896     0.896    camera_video/xtime/inst/clk_in1
    MMCME2_ADV_X0Y0      MMCME2_ADV (Prop_mmcme2_adv_CLKIN1_CLKOUT2)
                                                     -1.625    -0.729 r  camera_video/xtime/inst/mmcm_adv_inst/CLKOUT2
                         net (fo=1, routed)           0.700    -0.029    camera_video/xtime/inst/clk_5Mhz_clk_wiz_0
    BUFGCTRL_X0Y7        BUFG (Prop_bufg_I_O)         0.029     0.000 r  camera_video/xtime/inst/clkout3_buf/O
                         net (fo=22, routed)          0.914     0.914    camera_video/clk_5Mhz
    SLICE_X19Y44         FDRE                                         r  camera_video/vsync_debounce.Count_reg[2]/C

Slack:                    inf
  Source:                 camera_video/debounce_video_source/button_out_reg_rep/C
                            (rising edge-triggered cell FDRE)
  Destination:            camera_video/vsync_debounce.Count_reg[3]/R
                            (rising edge-triggered cell FDRE clocked by clk_5Mhz_clk_wiz_0  {rise@0.000ns fall@100.000ns period=200.000ns})
  Path Group:             (none)
  Path Type:              Hold (Min at Fast Process Corner)
  Data Path Delay:        0.998ns  (logic 0.187ns (18.742%)  route 0.811ns (81.258%))
  Logic Levels:           2  (FDRE=1 LUT4=1)
  Clock Uncertainty:      0.272ns  ((TSJ^2 + DJ^2)^1/2) / 2 + PE
    Total System Jitter     (TSJ):    0.050ns
    Discrete Jitter          (DJ):    0.275ns
    Phase Error              (PE):    0.132ns

    Location             Delay type                Incr(ns)  Path(ns)    Netlist Resource(s)
  -------------------------------------------------------------------    -------------------
    SLICE_X11Y32         FDRE                         0.000     0.000 r  camera_video/debounce_video_source/button_out_reg_rep/C
    SLICE_X11Y32         FDRE (Prop_fdre_C_Q)         0.141     0.141 r  camera_video/debounce_video_source/button_out_reg_rep/Q
                         net (fo=110, routed)         0.577     0.718    camera_video/debounce_video_source/button_out_reg_rep_0
    SLICE_X18Y44         LUT4 (Prop_lut4_I2_O)        0.046     0.764 r  camera_video/debounce_video_source/vsync_debounce.Count[4]_i_1/O
                         net (fo=5, routed)           0.234     0.998    camera_video/clear
    SLICE_X19Y44         FDRE                                         r  camera_video/vsync_debounce.Count_reg[3]/R
  -------------------------------------------------------------------    -------------------

                         (clock clk_5Mhz_clk_wiz_0 rise edge)
                                                      0.000     0.000 r  
    BUFGCTRL_X0Y4        BUFG                         0.000     0.000 r  clock_IBUF_BUFG_inst/O
                         net (fo=166, routed)         0.896     0.896    camera_video/xtime/inst/clk_in1
    MMCME2_ADV_X0Y0      MMCME2_ADV (Prop_mmcme2_adv_CLKIN1_CLKOUT2)
                                                     -1.625    -0.729 r  camera_video/xtime/inst/mmcm_adv_inst/CLKOUT2
                         net (fo=1, routed)           0.700    -0.029    camera_video/xtime/inst/clk_5Mhz_clk_wiz_0
    BUFGCTRL_X0Y7        BUFG (Prop_bufg_I_O)         0.029     0.000 r  camera_video/xtime/inst/clkout3_buf/O
                         net (fo=22, routed)          0.914     0.914    camera_video/clk_5Mhz
    SLICE_X19Y44         FDRE                                         r  camera_video/vsync_debounce.Count_reg[3]/C

Slack:                    inf
  Source:                 camera_video/debounce_video_source/button_out_reg_rep/C
                            (rising edge-triggered cell FDRE)
  Destination:            camera_video/vsync_debounce.Count_reg[4]/R
                            (rising edge-triggered cell FDRE clocked by clk_5Mhz_clk_wiz_0  {rise@0.000ns fall@100.000ns period=200.000ns})
  Path Group:             (none)
  Path Type:              Hold (Min at Fast Process Corner)
  Data Path Delay:        0.998ns  (logic 0.187ns (18.742%)  route 0.811ns (81.258%))
  Logic Levels:           2  (FDRE=1 LUT4=1)
  Clock Uncertainty:      0.272ns  ((TSJ^2 + DJ^2)^1/2) / 2 + PE
    Total System Jitter     (TSJ):    0.050ns
    Discrete Jitter          (DJ):    0.275ns
    Phase Error              (PE):    0.132ns

    Location             Delay type                Incr(ns)  Path(ns)    Netlist Resource(s)
  -------------------------------------------------------------------    -------------------
    SLICE_X11Y32         FDRE                         0.000     0.000 r  camera_video/debounce_video_source/button_out_reg_rep/C
    SLICE_X11Y32         FDRE (Prop_fdre_C_Q)         0.141     0.141 r  camera_video/debounce_video_source/button_out_reg_rep/Q
                         net (fo=110, routed)         0.577     0.718    camera_video/debounce_video_source/button_out_reg_rep_0
    SLICE_X18Y44         LUT4 (Prop_lut4_I2_O)        0.046     0.764 r  camera_video/debounce_video_source/vsync_debounce.Count[4]_i_1/O
                         net (fo=5, routed)           0.234     0.998    camera_video/clear
    SLICE_X19Y44         FDRE                                         r  camera_video/vsync_debounce.Count_reg[4]/R
  -------------------------------------------------------------------    -------------------

                         (clock clk_5Mhz_clk_wiz_0 rise edge)
                                                      0.000     0.000 r  
    BUFGCTRL_X0Y4        BUFG                         0.000     0.000 r  clock_IBUF_BUFG_inst/O
                         net (fo=166, routed)         0.896     0.896    camera_video/xtime/inst/clk_in1
    MMCME2_ADV_X0Y0      MMCME2_ADV (Prop_mmcme2_adv_CLKIN1_CLKOUT2)
                                                     -1.625    -0.729 r  camera_video/xtime/inst/mmcm_adv_inst/CLKOUT2
                         net (fo=1, routed)           0.700    -0.029    camera_video/xtime/inst/clk_5Mhz_clk_wiz_0
    BUFGCTRL_X0Y7        BUFG (Prop_bufg_I_O)         0.029     0.000 r  camera_video/xtime/inst/clkout3_buf/O
                         net (fo=22, routed)          0.914     0.914    camera_video/clk_5Mhz
    SLICE_X19Y44         FDRE                                         r  camera_video/vsync_debounce.Count_reg[4]/C

Slack:                    inf
  Source:                 camera_video/debounce_video_source/button_out_reg_rep/C
                            (rising edge-triggered cell FDRE)
  Destination:            camera_video/vsync_debounce.vsync_previous_reg/D
                            (rising edge-triggered cell FDRE clocked by clk_5Mhz_clk_wiz_0  {rise@0.000ns fall@100.000ns period=200.000ns})
  Path Group:             (none)
  Path Type:              Hold (Min at Fast Process Corner)
  Data Path Delay:        2.288ns  (logic 0.231ns (10.095%)  route 2.057ns (89.905%))
  Logic Levels:           3  (FDRE=1 LUT3=1 LUT6=1)
  Clock Uncertainty:      0.272ns  ((TSJ^2 + DJ^2)^1/2) / 2 + PE
    Total System Jitter     (TSJ):    0.050ns
    Discrete Jitter          (DJ):    0.275ns
    Phase Error              (PE):    0.132ns

    Location             Delay type                Incr(ns)  Path(ns)    Netlist Resource(s)
  -------------------------------------------------------------------    -------------------
    SLICE_X11Y32         FDRE                         0.000     0.000 r  camera_video/debounce_video_source/button_out_reg_rep/C
    SLICE_X11Y32         FDRE (Prop_fdre_C_Q)         0.141     0.141 r  camera_video/debounce_video_source/button_out_reg_rep/Q
                         net (fo=110, routed)         1.086     1.227    camera_video/debounce_video_source/button_out_reg_rep_0
    SLICE_X51Y96         LUT3 (Prop_lut3_I1_O)        0.045     1.272 r  camera_video/debounce_video_source/CamWriteEnable_i_1/O
                         net (fo=2, routed)           0.971     2.243    camera_video/debounce_video_source/cam_vsync
    SLICE_X18Y44         LUT6 (Prop_lut6_I1_O)        0.045     2.288 r  camera_video/debounce_video_source/vsync_debounce.vsync_previous_i_1/O
                         net (fo=1, routed)           0.000     2.288    camera_video/debounce_video_source_n_7
    SLICE_X18Y44         FDRE                                         r  camera_video/vsync_debounce.vsync_previous_reg/D
  -------------------------------------------------------------------    -------------------

                         (clock clk_5Mhz_clk_wiz_0 rise edge)
                                                      0.000     0.000 r  
    BUFGCTRL_X0Y4        BUFG                         0.000     0.000 r  clock_IBUF_BUFG_inst/O
                         net (fo=166, routed)         0.896     0.896    camera_video/xtime/inst/clk_in1
    MMCME2_ADV_X0Y0      MMCME2_ADV (Prop_mmcme2_adv_CLKIN1_CLKOUT2)
                                                     -1.625    -0.729 r  camera_video/xtime/inst/mmcm_adv_inst/CLKOUT2
                         net (fo=1, routed)           0.700    -0.029    camera_video/xtime/inst/clk_5Mhz_clk_wiz_0
    BUFGCTRL_X0Y7        BUFG (Prop_bufg_I_O)         0.029     0.000 r  camera_video/xtime/inst/clkout3_buf/O
                         net (fo=22, routed)          0.914     0.914    camera_video/clk_5Mhz
    SLICE_X18Y44         FDRE                                         r  camera_video/vsync_debounce.vsync_previous_reg/C





--------------------------------------------------------------------------------------
Path Group:  (none)
From Clock:  
  To Clock:  sys_clk_pin

Max Delay           107 Endpoints
Min Delay           107 Endpoints
--------------------------------------------------------------------------------------


Max Delay Paths
--------------------------------------------------------------------------------------
Slack:                    inf
  Source:                 camera_video/HDotLatched_reg[0]/C
                            (rising edge-triggered cell FDRE)
  Destination:            convert_to_binary/dilation_filter/dilation_line_buffer_reg[0][3]/D
                            (rising edge-triggered cell FDRE clocked by sys_clk_pin  {rise@0.000ns fall@5.000ns period=10.000ns})
  Path Group:             (none)
  Path Type:              Setup (Max at Slow Process Corner)
  Data Path Delay:        10.783ns  (logic 1.691ns (15.683%)  route 9.092ns (84.317%))
  Logic Levels:           7  (FDRE=1 LUT3=1 LUT4=1 LUT6=3 MUXF7=1)
  Clock Uncertainty:      0.025ns  ((TSJ^2 + TIJ^2)^1/2 + DJ) / 2 + PE
    Total System Jitter     (TSJ):    0.050ns
    Total Input Jitter      (TIJ):    0.000ns
    Discrete Jitter          (DJ):    0.000ns
    Phase Error              (PE):    0.000ns

    Location             Delay type                Incr(ns)  Path(ns)    Netlist Resource(s)
  -------------------------------------------------------------------    -------------------
    SLICE_X21Y27         FDRE                         0.000     0.000 r  camera_video/HDotLatched_reg[0]/C
    SLICE_X21Y27         FDRE (Prop_fdre_C_Q)         0.456     0.456 r  camera_video/HDotLatched_reg[0]/Q
                         net (fo=48, routed)          2.369     2.825    camera_video/HDotLatched[0]
    SLICE_X14Y25         LUT6 (Prop_lut6_I4_O)        0.124     2.949 r  camera_video/sobel_line_buffer[0][3]_i_15/O
                         net (fo=1, routed)           0.000     2.949    camera_video/sobel_line_buffer[0][3]_i_15_n_0
    SLICE_X14Y25         MUXF7 (Prop_muxf7_I1_O)      0.214     3.163 r  camera_video/sobel_line_buffer_reg[0][3]_i_6/O
                         net (fo=77, routed)          5.003     8.167    camera_video/HDotLatched_reg[2]_3
    SLICE_X29Y48         LUT3 (Prop_lut3_I1_O)        0.323     8.490 r  camera_video/erosion_line_buffer[0][3]_i_6/O
                         net (fo=2, routed)           0.862     9.352    camera_video/erosion_line_buffer[0][3]_i_6_n_0
    SLICE_X29Y48         LUT6 (Prop_lut6_I3_O)        0.326     9.678 r  camera_video/erosion_line_buffer[0][3]_i_3/O
                         net (fo=2, routed)           0.416    10.094    convert_to_binary/dilation_filter/dilation_line_buffer_reg[0][3]_1
    SLICE_X31Y48         LUT6 (Prop_lut6_I1_O)        0.124    10.218 r  convert_to_binary/dilation_filter/erosion_line_buffer[0][3]_i_2/O
                         net (fo=6, routed)           0.441    10.659    camera_video/timing/p_0_out
    SLICE_X32Y49         LUT4 (Prop_lut4_I3_O)        0.124    10.783 r  camera_video/timing/dilation_line_buffer[0][3]_i_1/O
                         net (fo=1, routed)           0.000    10.783    convert_to_binary/dilation_filter/dilation_line_buffer_reg[0][3]_0
    SLICE_X32Y49         FDRE                                         r  convert_to_binary/dilation_filter/dilation_line_buffer_reg[0][3]/D
  -------------------------------------------------------------------    -------------------

                         (clock sys_clk_pin rise edge)
                                                      0.000     0.000 r  
    N15                                               0.000     0.000 r  clock (IN)
                         net (fo=0)                   0.000     0.000    clock
    N15                  IBUF (Prop_ibuf_I_O)         1.392     1.392 r  clock_IBUF_inst/O
                         net (fo=1, routed)           1.911     3.303    clock_IBUF
    BUFGCTRL_X0Y4        BUFG (Prop_bufg_I_O)         0.091     3.394 r  clock_IBUF_BUFG_inst/O
                         net (fo=166, routed)         1.684     5.078    convert_to_binary/dilation_filter/clock
    SLICE_X32Y49         FDRE                                         r  convert_to_binary/dilation_filter/dilation_line_buffer_reg[0][3]/C

Slack:                    inf
  Source:                 camera_video/HDotLatched_reg[0]/C
                            (rising edge-triggered cell FDRE)
  Destination:            convert_to_binary/erosion_filter/erosion_line_buffer_reg[0][3]/D
                            (rising edge-triggered cell FDRE clocked by sys_clk_pin  {rise@0.000ns fall@5.000ns period=10.000ns})
  Path Group:             (none)
  Path Type:              Setup (Max at Slow Process Corner)
  Data Path Delay:        10.777ns  (logic 1.685ns (15.636%)  route 9.092ns (84.364%))
  Logic Levels:           7  (FDRE=1 LUT3=1 LUT4=1 LUT6=3 MUXF7=1)
  Clock Uncertainty:      0.025ns  ((TSJ^2 + TIJ^2)^1/2 + DJ) / 2 + PE
    Total System Jitter     (TSJ):    0.050ns
    Total Input Jitter      (TIJ):    0.000ns
    Discrete Jitter          (DJ):    0.000ns
    Phase Error              (PE):    0.000ns

    Location             Delay type                Incr(ns)  Path(ns)    Netlist Resource(s)
  -------------------------------------------------------------------    -------------------
    SLICE_X21Y27         FDRE                         0.000     0.000 r  camera_video/HDotLatched_reg[0]/C
    SLICE_X21Y27         FDRE (Prop_fdre_C_Q)         0.456     0.456 r  camera_video/HDotLatched_reg[0]/Q
                         net (fo=48, routed)          2.369     2.825    camera_video/HDotLatched[0]
    SLICE_X14Y25         LUT6 (Prop_lut6_I4_O)        0.124     2.949 r  camera_video/sobel_line_buffer[0][3]_i_15/O
                         net (fo=1, routed)           0.000     2.949    camera_video/sobel_line_buffer[0][3]_i_15_n_0
    SLICE_X14Y25         MUXF7 (Prop_muxf7_I1_O)      0.214     3.163 r  camera_video/sobel_line_buffer_reg[0][3]_i_6/O
                         net (fo=77, routed)          5.003     8.167    camera_video/HDotLatched_reg[2]_3
    SLICE_X29Y48         LUT3 (Prop_lut3_I1_O)        0.323     8.490 r  camera_video/erosion_line_buffer[0][3]_i_6/O
                         net (fo=2, routed)           0.862     9.352    camera_video/erosion_line_buffer[0][3]_i_6_n_0
    SLICE_X29Y48         LUT6 (Prop_lut6_I3_O)        0.326     9.678 r  camera_video/erosion_line_buffer[0][3]_i_3/O
                         net (fo=2, routed)           0.416    10.094    convert_to_binary/dilation_filter/dilation_line_buffer_reg[0][3]_1
    SLICE_X31Y48         LUT6 (Prop_lut6_I1_O)        0.124    10.218 r  convert_to_binary/dilation_filter/erosion_line_buffer[0][3]_i_2/O
                         net (fo=6, routed)           0.441    10.659    camera_video/timing/p_0_out
    SLICE_X32Y49         LUT4 (Prop_lut4_I3_O)        0.118    10.777 r  camera_video/timing/erosion_line_buffer[0][3]_i_1/O
                         net (fo=1, routed)           0.000    10.777    convert_to_binary/erosion_filter/erosion_line_buffer_reg[0][3]_0
    SLICE_X32Y49         FDRE                                         r  convert_to_binary/erosion_filter/erosion_line_buffer_reg[0][3]/D
  -------------------------------------------------------------------    -------------------

                         (clock sys_clk_pin rise edge)
                                                      0.000     0.000 r  
    N15                                               0.000     0.000 r  clock (IN)
                         net (fo=0)                   0.000     0.000    clock
    N15                  IBUF (Prop_ibuf_I_O)         1.392     1.392 r  clock_IBUF_inst/O
                         net (fo=1, routed)           1.911     3.303    clock_IBUF
    BUFGCTRL_X0Y4        BUFG (Prop_bufg_I_O)         0.091     3.394 r  clock_IBUF_BUFG_inst/O
                         net (fo=166, routed)         1.684     5.078    convert_to_binary/erosion_filter/clock
    SLICE_X32Y49         FDRE                                         r  convert_to_binary/erosion_filter/erosion_line_buffer_reg[0][3]/C

Slack:                    inf
  Source:                 camera_video/timing/v_sync_reg/C
                            (rising edge-triggered cell FDRE)
  Destination:            convert_to_binary/dilation_filter/dilation_line_buffer_reg[418][3]_srl32/CE
                            (rising edge-triggered cell SRLC32E clocked by sys_clk_pin  {rise@0.000ns fall@5.000ns period=10.000ns})
  Path Group:             (none)
  Path Type:              Setup (Max at Slow Process Corner)
  Data Path Delay:        4.078ns  (logic 0.609ns (14.934%)  route 3.469ns (85.066%))
  Logic Levels:           2  (FDRE=1 LUT2=1)
  Clock Uncertainty:      0.025ns  ((TSJ^2 + TIJ^2)^1/2 + DJ) / 2 + PE
    Total System Jitter     (TSJ):    0.050ns
    Total Input Jitter      (TIJ):    0.000ns
    Discrete Jitter          (DJ):    0.000ns
    Phase Error              (PE):    0.000ns

    Location             Delay type                Incr(ns)  Path(ns)    Netlist Resource(s)
  -------------------------------------------------------------------    -------------------
    SLICE_X29Y36         FDRE                         0.000     0.000 r  camera_video/timing/v_sync_reg/C
    SLICE_X29Y36         FDRE (Prop_fdre_C_Q)         0.459     0.459 f  camera_video/timing/v_sync_reg/Q
                         net (fo=121, routed)         1.430     1.889    camera_video/timing/v_sync_reg_0
    SLICE_X35Y47         LUT2 (Prop_lut2_I1_O)        0.150     2.039 r  camera_video/timing/sobel_line_buffer[0][3]_i_2/O
                         net (fo=292, routed)         2.039     4.078    convert_to_binary/dilation_filter/dilation_line_buffer_reg[1280][3]_0
    SLICE_X30Y39         SRLC32E                                      r  convert_to_binary/dilation_filter/dilation_line_buffer_reg[418][3]_srl32/CE
  -------------------------------------------------------------------    -------------------

                         (clock sys_clk_pin rise edge)
                                                      0.000     0.000 r  
    N15                                               0.000     0.000 r  clock (IN)
                         net (fo=0)                   0.000     0.000    clock
    N15                  IBUF (Prop_ibuf_I_O)         1.392     1.392 r  clock_IBUF_inst/O
                         net (fo=1, routed)           1.911     3.303    clock_IBUF
    BUFGCTRL_X0Y4        BUFG (Prop_bufg_I_O)         0.091     3.394 r  clock_IBUF_BUFG_inst/O
                         net (fo=166, routed)         1.681     5.075    convert_to_binary/dilation_filter/clock
    SLICE_X30Y39         SRLC32E                                      r  convert_to_binary/dilation_filter/dilation_line_buffer_reg[418][3]_srl32/CLK

Slack:                    inf
  Source:                 camera_video/timing/v_sync_reg/C
                            (rising edge-triggered cell FDRE)
  Destination:            convert_to_binary/dilation_filter/dilation_line_buffer_reg[450][3]_srl32/CE
                            (rising edge-triggered cell SRLC32E clocked by sys_clk_pin  {rise@0.000ns fall@5.000ns period=10.000ns})
  Path Group:             (none)
  Path Type:              Setup (Max at Slow Process Corner)
  Data Path Delay:        4.078ns  (logic 0.609ns (14.934%)  route 3.469ns (85.066%))
  Logic Levels:           2  (FDRE=1 LUT2=1)
  Clock Uncertainty:      0.025ns  ((TSJ^2 + TIJ^2)^1/2 + DJ) / 2 + PE
    Total System Jitter     (TSJ):    0.050ns
    Total Input Jitter      (TIJ):    0.000ns
    Discrete Jitter          (DJ):    0.000ns
    Phase Error              (PE):    0.000ns

    Location             Delay type                Incr(ns)  Path(ns)    Netlist Resource(s)
  -------------------------------------------------------------------    -------------------
    SLICE_X29Y36         FDRE                         0.000     0.000 r  camera_video/timing/v_sync_reg/C
    SLICE_X29Y36         FDRE (Prop_fdre_C_Q)         0.459     0.459 f  camera_video/timing/v_sync_reg/Q
                         net (fo=121, routed)         1.430     1.889    camera_video/timing/v_sync_reg_0
    SLICE_X35Y47         LUT2 (Prop_lut2_I1_O)        0.150     2.039 r  camera_video/timing/sobel_line_buffer[0][3]_i_2/O
                         net (fo=292, routed)         2.039     4.078    convert_to_binary/dilation_filter/dilation_line_buffer_reg[1280][3]_0
    SLICE_X30Y39         SRLC32E                                      r  convert_to_binary/dilation_filter/dilation_line_buffer_reg[450][3]_srl32/CE
  -------------------------------------------------------------------    -------------------

                         (clock sys_clk_pin rise edge)
                                                      0.000     0.000 r  
    N15                                               0.000     0.000 r  clock (IN)
                         net (fo=0)                   0.000     0.000    clock
    N15                  IBUF (Prop_ibuf_I_O)         1.392     1.392 r  clock_IBUF_inst/O
                         net (fo=1, routed)           1.911     3.303    clock_IBUF
    BUFGCTRL_X0Y4        BUFG (Prop_bufg_I_O)         0.091     3.394 r  clock_IBUF_BUFG_inst/O
                         net (fo=166, routed)         1.681     5.075    convert_to_binary/dilation_filter/clock
    SLICE_X30Y39         SRLC32E                                      r  convert_to_binary/dilation_filter/dilation_line_buffer_reg[450][3]_srl32/CLK

Slack:                    inf
  Source:                 camera_video/timing/v_sync_reg/C
                            (rising edge-triggered cell FDRE)
  Destination:            convert_to_binary/dilation_filter/dilation_line_buffer_reg[482][3]_srl32/CE
                            (rising edge-triggered cell SRLC32E clocked by sys_clk_pin  {rise@0.000ns fall@5.000ns period=10.000ns})
  Path Group:             (none)
  Path Type:              Setup (Max at Slow Process Corner)
  Data Path Delay:        4.078ns  (logic 0.609ns (14.934%)  route 3.469ns (85.066%))
  Logic Levels:           2  (FDRE=1 LUT2=1)
  Clock Uncertainty:      0.025ns  ((TSJ^2 + TIJ^2)^1/2 + DJ) / 2 + PE
    Total System Jitter     (TSJ):    0.050ns
    Total Input Jitter      (TIJ):    0.000ns
    Discrete Jitter          (DJ):    0.000ns
    Phase Error              (PE):    0.000ns

    Location             Delay type                Incr(ns)  Path(ns)    Netlist Resource(s)
  -------------------------------------------------------------------    -------------------
    SLICE_X29Y36         FDRE                         0.000     0.000 r  camera_video/timing/v_sync_reg/C
    SLICE_X29Y36         FDRE (Prop_fdre_C_Q)         0.459     0.459 f  camera_video/timing/v_sync_reg/Q
                         net (fo=121, routed)         1.430     1.889    camera_video/timing/v_sync_reg_0
    SLICE_X35Y47         LUT2 (Prop_lut2_I1_O)        0.150     2.039 r  camera_video/timing/sobel_line_buffer[0][3]_i_2/O
                         net (fo=292, routed)         2.039     4.078    convert_to_binary/dilation_filter/dilation_line_buffer_reg[1280][3]_0
    SLICE_X30Y39         SRLC32E                                      r  convert_to_binary/dilation_filter/dilation_line_buffer_reg[482][3]_srl32/CE
  -------------------------------------------------------------------    -------------------

                         (clock sys_clk_pin rise edge)
                                                      0.000     0.000 r  
    N15                                               0.000     0.000 r  clock (IN)
                         net (fo=0)                   0.000     0.000    clock
    N15                  IBUF (Prop_ibuf_I_O)         1.392     1.392 r  clock_IBUF_inst/O
                         net (fo=1, routed)           1.911     3.303    clock_IBUF
    BUFGCTRL_X0Y4        BUFG (Prop_bufg_I_O)         0.091     3.394 r  clock_IBUF_BUFG_inst/O
                         net (fo=166, routed)         1.681     5.075    convert_to_binary/dilation_filter/clock
    SLICE_X30Y39         SRLC32E                                      r  convert_to_binary/dilation_filter/dilation_line_buffer_reg[482][3]_srl32/CLK

Slack:                    inf
  Source:                 camera_video/timing/v_sync_reg/C
                            (rising edge-triggered cell FDRE)
  Destination:            convert_to_binary/dilation_filter/dilation_line_buffer_reg[514][3]_srl32/CE
                            (rising edge-triggered cell SRLC32E clocked by sys_clk_pin  {rise@0.000ns fall@5.000ns period=10.000ns})
  Path Group:             (none)
  Path Type:              Setup (Max at Slow Process Corner)
  Data Path Delay:        4.078ns  (logic 0.609ns (14.934%)  route 3.469ns (85.066%))
  Logic Levels:           2  (FDRE=1 LUT2=1)
  Clock Uncertainty:      0.025ns  ((TSJ^2 + TIJ^2)^1/2 + DJ) / 2 + PE
    Total System Jitter     (TSJ):    0.050ns
    Total Input Jitter      (TIJ):    0.000ns
    Discrete Jitter          (DJ):    0.000ns
    Phase Error              (PE):    0.000ns

    Location             Delay type                Incr(ns)  Path(ns)    Netlist Resource(s)
  -------------------------------------------------------------------    -------------------
    SLICE_X29Y36         FDRE                         0.000     0.000 r  camera_video/timing/v_sync_reg/C
    SLICE_X29Y36         FDRE (Prop_fdre_C_Q)         0.459     0.459 f  camera_video/timing/v_sync_reg/Q
                         net (fo=121, routed)         1.430     1.889    camera_video/timing/v_sync_reg_0
    SLICE_X35Y47         LUT2 (Prop_lut2_I1_O)        0.150     2.039 r  camera_video/timing/sobel_line_buffer[0][3]_i_2/O
                         net (fo=292, routed)         2.039     4.078    convert_to_binary/dilation_filter/dilation_line_buffer_reg[1280][3]_0
    SLICE_X30Y39         SRLC32E                                      r  convert_to_binary/dilation_filter/dilation_line_buffer_reg[514][3]_srl32/CE
  -------------------------------------------------------------------    -------------------

                         (clock sys_clk_pin rise edge)
                                                      0.000     0.000 r  
    N15                                               0.000     0.000 r  clock (IN)
                         net (fo=0)                   0.000     0.000    clock
    N15                  IBUF (Prop_ibuf_I_O)         1.392     1.392 r  clock_IBUF_inst/O
                         net (fo=1, routed)           1.911     3.303    clock_IBUF
    BUFGCTRL_X0Y4        BUFG (Prop_bufg_I_O)         0.091     3.394 r  clock_IBUF_BUFG_inst/O
                         net (fo=166, routed)         1.681     5.075    convert_to_binary/dilation_filter/clock
    SLICE_X30Y39         SRLC32E                                      r  convert_to_binary/dilation_filter/dilation_line_buffer_reg[514][3]_srl32/CLK

Slack:                    inf
  Source:                 camera_video/timing/v_sync_reg/C
                            (rising edge-triggered cell FDRE)
  Destination:            convert_to_binary/dilation_filter/dilation_line_buffer_reg[290][3]_srl32/CE
                            (rising edge-triggered cell SRLC32E clocked by sys_clk_pin  {rise@0.000ns fall@5.000ns period=10.000ns})
  Path Group:             (none)
  Path Type:              Setup (Max at Slow Process Corner)
  Data Path Delay:        3.938ns  (logic 0.609ns (15.464%)  route 3.329ns (84.536%))
  Logic Levels:           2  (FDRE=1 LUT2=1)
  Clock Uncertainty:      0.025ns  ((TSJ^2 + TIJ^2)^1/2 + DJ) / 2 + PE
    Total System Jitter     (TSJ):    0.050ns
    Total Input Jitter      (TIJ):    0.000ns
    Discrete Jitter          (DJ):    0.000ns
    Phase Error              (PE):    0.000ns

    Location             Delay type                Incr(ns)  Path(ns)    Netlist Resource(s)
  -------------------------------------------------------------------    -------------------
    SLICE_X29Y36         FDRE                         0.000     0.000 r  camera_video/timing/v_sync_reg/C
    SLICE_X29Y36         FDRE (Prop_fdre_C_Q)         0.459     0.459 f  camera_video/timing/v_sync_reg/Q
                         net (fo=121, routed)         1.430     1.889    camera_video/timing/v_sync_reg_0
    SLICE_X35Y47         LUT2 (Prop_lut2_I1_O)        0.150     2.039 r  camera_video/timing/sobel_line_buffer[0][3]_i_2/O
                         net (fo=292, routed)         1.899     3.938    convert_to_binary/dilation_filter/dilation_line_buffer_reg[1280][3]_0
    SLICE_X30Y40         SRLC32E                                      r  convert_to_binary/dilation_filter/dilation_line_buffer_reg[290][3]_srl32/CE
  -------------------------------------------------------------------    -------------------

                         (clock sys_clk_pin rise edge)
                                                      0.000     0.000 r  
    N15                                               0.000     0.000 r  clock (IN)
                         net (fo=0)                   0.000     0.000    clock
    N15                  IBUF (Prop_ibuf_I_O)         1.392     1.392 r  clock_IBUF_inst/O
                         net (fo=1, routed)           1.911     3.303    clock_IBUF
    BUFGCTRL_X0Y4        BUFG (Prop_bufg_I_O)         0.091     3.394 r  clock_IBUF_BUFG_inst/O
                         net (fo=166, routed)         1.681     5.075    convert_to_binary/dilation_filter/clock
    SLICE_X30Y40         SRLC32E                                      r  convert_to_binary/dilation_filter/dilation_line_buffer_reg[290][3]_srl32/CLK

Slack:                    inf
  Source:                 camera_video/timing/v_sync_reg/C
                            (rising edge-triggered cell FDRE)
  Destination:            convert_to_binary/dilation_filter/dilation_line_buffer_reg[322][3]_srl32/CE
                            (rising edge-triggered cell SRLC32E clocked by sys_clk_pin  {rise@0.000ns fall@5.000ns period=10.000ns})
  Path Group:             (none)
  Path Type:              Setup (Max at Slow Process Corner)
  Data Path Delay:        3.938ns  (logic 0.609ns (15.464%)  route 3.329ns (84.536%))
  Logic Levels:           2  (FDRE=1 LUT2=1)
  Clock Uncertainty:      0.025ns  ((TSJ^2 + TIJ^2)^1/2 + DJ) / 2 + PE
    Total System Jitter     (TSJ):    0.050ns
    Total Input Jitter      (TIJ):    0.000ns
    Discrete Jitter          (DJ):    0.000ns
    Phase Error              (PE):    0.000ns

    Location             Delay type                Incr(ns)  Path(ns)    Netlist Resource(s)
  -------------------------------------------------------------------    -------------------
    SLICE_X29Y36         FDRE                         0.000     0.000 r  camera_video/timing/v_sync_reg/C
    SLICE_X29Y36         FDRE (Prop_fdre_C_Q)         0.459     0.459 f  camera_video/timing/v_sync_reg/Q
                         net (fo=121, routed)         1.430     1.889    camera_video/timing/v_sync_reg_0
    SLICE_X35Y47         LUT2 (Prop_lut2_I1_O)        0.150     2.039 r  camera_video/timing/sobel_line_buffer[0][3]_i_2/O
                         net (fo=292, routed)         1.899     3.938    convert_to_binary/dilation_filter/dilation_line_buffer_reg[1280][3]_0
    SLICE_X30Y40         SRLC32E                                      r  convert_to_binary/dilation_filter/dilation_line_buffer_reg[322][3]_srl32/CE
  -------------------------------------------------------------------    -------------------

                         (clock sys_clk_pin rise edge)
                                                      0.000     0.000 r  
    N15                                               0.000     0.000 r  clock (IN)
                         net (fo=0)                   0.000     0.000    clock
    N15                  IBUF (Prop_ibuf_I_O)         1.392     1.392 r  clock_IBUF_inst/O
                         net (fo=1, routed)           1.911     3.303    clock_IBUF
    BUFGCTRL_X0Y4        BUFG (Prop_bufg_I_O)         0.091     3.394 r  clock_IBUF_BUFG_inst/O
                         net (fo=166, routed)         1.681     5.075    convert_to_binary/dilation_filter/clock
    SLICE_X30Y40         SRLC32E                                      r  convert_to_binary/dilation_filter/dilation_line_buffer_reg[322][3]_srl32/CLK

Slack:                    inf
  Source:                 camera_video/timing/v_sync_reg/C
                            (rising edge-triggered cell FDRE)
  Destination:            convert_to_binary/dilation_filter/dilation_line_buffer_reg[354][3]_srl32/CE
                            (rising edge-triggered cell SRLC32E clocked by sys_clk_pin  {rise@0.000ns fall@5.000ns period=10.000ns})
  Path Group:             (none)
  Path Type:              Setup (Max at Slow Process Corner)
  Data Path Delay:        3.938ns  (logic 0.609ns (15.464%)  route 3.329ns (84.536%))
  Logic Levels:           2  (FDRE=1 LUT2=1)
  Clock Uncertainty:      0.025ns  ((TSJ^2 + TIJ^2)^1/2 + DJ) / 2 + PE
    Total System Jitter     (TSJ):    0.050ns
    Total Input Jitter      (TIJ):    0.000ns
    Discrete Jitter          (DJ):    0.000ns
    Phase Error              (PE):    0.000ns

    Location             Delay type                Incr(ns)  Path(ns)    Netlist Resource(s)
  -------------------------------------------------------------------    -------------------
    SLICE_X29Y36         FDRE                         0.000     0.000 r  camera_video/timing/v_sync_reg/C
    SLICE_X29Y36         FDRE (Prop_fdre_C_Q)         0.459     0.459 f  camera_video/timing/v_sync_reg/Q
                         net (fo=121, routed)         1.430     1.889    camera_video/timing/v_sync_reg_0
    SLICE_X35Y47         LUT2 (Prop_lut2_I1_O)        0.150     2.039 r  camera_video/timing/sobel_line_buffer[0][3]_i_2/O
                         net (fo=292, routed)         1.899     3.938    convert_to_binary/dilation_filter/dilation_line_buffer_reg[1280][3]_0
    SLICE_X30Y40         SRLC32E                                      r  convert_to_binary/dilation_filter/dilation_line_buffer_reg[354][3]_srl32/CE
  -------------------------------------------------------------------    -------------------

                         (clock sys_clk_pin rise edge)
                                                      0.000     0.000 r  
    N15                                               0.000     0.000 r  clock (IN)
                         net (fo=0)                   0.000     0.000    clock
    N15                  IBUF (Prop_ibuf_I_O)         1.392     1.392 r  clock_IBUF_inst/O
                         net (fo=1, routed)           1.911     3.303    clock_IBUF
    BUFGCTRL_X0Y4        BUFG (Prop_bufg_I_O)         0.091     3.394 r  clock_IBUF_BUFG_inst/O
                         net (fo=166, routed)         1.681     5.075    convert_to_binary/dilation_filter/clock
    SLICE_X30Y40         SRLC32E                                      r  convert_to_binary/dilation_filter/dilation_line_buffer_reg[354][3]_srl32/CLK

Slack:                    inf
  Source:                 camera_video/timing/v_sync_reg/C
                            (rising edge-triggered cell FDRE)
  Destination:            convert_to_binary/dilation_filter/dilation_line_buffer_reg[386][3]_srl32/CE
                            (rising edge-triggered cell SRLC32E clocked by sys_clk_pin  {rise@0.000ns fall@5.000ns period=10.000ns})
  Path Group:             (none)
  Path Type:              Setup (Max at Slow Process Corner)
  Data Path Delay:        3.938ns  (logic 0.609ns (15.464%)  route 3.329ns (84.536%))
  Logic Levels:           2  (FDRE=1 LUT2=1)
  Clock Uncertainty:      0.025ns  ((TSJ^2 + TIJ^2)^1/2 + DJ) / 2 + PE
    Total System Jitter     (TSJ):    0.050ns
    Total Input Jitter      (TIJ):    0.000ns
    Discrete Jitter          (DJ):    0.000ns
    Phase Error              (PE):    0.000ns

    Location             Delay type                Incr(ns)  Path(ns)    Netlist Resource(s)
  -------------------------------------------------------------------    -------------------
    SLICE_X29Y36         FDRE                         0.000     0.000 r  camera_video/timing/v_sync_reg/C
    SLICE_X29Y36         FDRE (Prop_fdre_C_Q)         0.459     0.459 f  camera_video/timing/v_sync_reg/Q
                         net (fo=121, routed)         1.430     1.889    camera_video/timing/v_sync_reg_0
    SLICE_X35Y47         LUT2 (Prop_lut2_I1_O)        0.150     2.039 r  camera_video/timing/sobel_line_buffer[0][3]_i_2/O
                         net (fo=292, routed)         1.899     3.938    convert_to_binary/dilation_filter/dilation_line_buffer_reg[1280][3]_0
    SLICE_X30Y40         SRLC32E                                      r  convert_to_binary/dilation_filter/dilation_line_buffer_reg[386][3]_srl32/CE
  -------------------------------------------------------------------    -------------------

                         (clock sys_clk_pin rise edge)
                                                      0.000     0.000 r  
    N15                                               0.000     0.000 r  clock (IN)
                         net (fo=0)                   0.000     0.000    clock
    N15                  IBUF (Prop_ibuf_I_O)         1.392     1.392 r  clock_IBUF_inst/O
                         net (fo=1, routed)           1.911     3.303    clock_IBUF
    BUFGCTRL_X0Y4        BUFG (Prop_bufg_I_O)         0.091     3.394 r  clock_IBUF_BUFG_inst/O
                         net (fo=166, routed)         1.681     5.075    convert_to_binary/dilation_filter/clock
    SLICE_X30Y40         SRLC32E                                      r  convert_to_binary/dilation_filter/dilation_line_buffer_reg[386][3]_srl32/CLK





Min Delay Paths
--------------------------------------------------------------------------------------
Slack:                    inf
  Source:                 debounced_down_button/button_out_reg/C
                            (rising edge-triggered cell FDRE)
  Destination:            convert_to_binary/downPrev_reg/D
                            (rising edge-triggered cell FDRE clocked by sys_clk_pin  {rise@0.000ns fall@5.000ns period=10.000ns})
  Path Group:             (none)
  Path Type:              Hold (Min at Fast Process Corner)
  Data Path Delay:        0.350ns  (logic 0.141ns (40.304%)  route 0.209ns (59.696%))
  Logic Levels:           1  (FDRE=1)
  Clock Uncertainty:      0.025ns  ((TSJ^2 + TIJ^2)^1/2 + DJ) / 2 + PE
    Total System Jitter     (TSJ):    0.050ns
    Total Input Jitter      (TIJ):    0.000ns
    Discrete Jitter          (DJ):    0.000ns
    Phase Error              (PE):    0.000ns

    Location             Delay type                Incr(ns)  Path(ns)    Netlist Resource(s)
  -------------------------------------------------------------------    -------------------
    SLICE_X32Y57         FDRE                         0.000     0.000 r  debounced_down_button/button_out_reg/C
    SLICE_X32Y57         FDRE (Prop_fdre_C_Q)         0.141     0.141 r  debounced_down_button/button_out_reg/Q
                         net (fo=3, routed)           0.209     0.350    convert_to_binary/debouncedButtonDown
    SLICE_X31Y50         FDRE                                         r  convert_to_binary/downPrev_reg/D
  -------------------------------------------------------------------    -------------------

                         (clock sys_clk_pin rise edge)
                                                      0.000     0.000 r  
    N15                                               0.000     0.000 r  clock (IN)
                         net (fo=0)                   0.000     0.000    clock
    N15                  IBUF (Prop_ibuf_I_O)         0.418     0.418 r  clock_IBUF_inst/O
                         net (fo=1, routed)           0.695     1.113    clock_IBUF
    BUFGCTRL_X0Y4        BUFG (Prop_bufg_I_O)         0.029     1.142 r  clock_IBUF_BUFG_inst/O
                         net (fo=166, routed)         0.841     1.983    convert_to_binary/clock
    SLICE_X31Y50         FDRE                                         r  convert_to_binary/downPrev_reg/C

Slack:                    inf
  Source:                 debounced_up_button/button_out_reg/C
                            (rising edge-triggered cell FDRE)
  Destination:            convert_to_binary/upPrev_reg/D
                            (rising edge-triggered cell FDRE clocked by sys_clk_pin  {rise@0.000ns fall@5.000ns period=10.000ns})
  Path Group:             (none)
  Path Type:              Hold (Min at Fast Process Corner)
  Data Path Delay:        0.476ns  (logic 0.141ns (29.595%)  route 0.335ns (70.405%))
  Logic Levels:           1  (FDRE=1)
  Clock Uncertainty:      0.025ns  ((TSJ^2 + TIJ^2)^1/2 + DJ) / 2 + PE
    Total System Jitter     (TSJ):    0.050ns
    Total Input Jitter      (TIJ):    0.000ns
    Discrete Jitter          (DJ):    0.000ns
    Phase Error              (PE):    0.000ns

    Location             Delay type                Incr(ns)  Path(ns)    Netlist Resource(s)
  -------------------------------------------------------------------    -------------------
    SLICE_X33Y57         FDRE                         0.000     0.000 r  debounced_up_button/button_out_reg/C
    SLICE_X33Y57         FDRE (Prop_fdre_C_Q)         0.141     0.141 r  debounced_up_button/button_out_reg/Q
                         net (fo=7, routed)           0.335     0.476    convert_to_binary/debouncedButtonUp
    SLICE_X31Y50         FDRE                                         r  convert_to_binary/upPrev_reg/D
  -------------------------------------------------------------------    -------------------

                         (clock sys_clk_pin rise edge)
                                                      0.000     0.000 r  
    N15                                               0.000     0.000 r  clock (IN)
                         net (fo=0)                   0.000     0.000    clock
    N15                  IBUF (Prop_ibuf_I_O)         0.418     0.418 r  clock_IBUF_inst/O
                         net (fo=1, routed)           0.695     1.113    clock_IBUF
    BUFGCTRL_X0Y4        BUFG (Prop_bufg_I_O)         0.029     1.142 r  clock_IBUF_BUFG_inst/O
                         net (fo=166, routed)         0.841     1.983    convert_to_binary/clock
    SLICE_X31Y50         FDRE                                         r  convert_to_binary/upPrev_reg/C

Slack:                    inf
  Source:                 debounced_up_button/button_out_reg/C
                            (rising edge-triggered cell FDRE)
  Destination:            convert_to_binary/threshold_reg[1]/D
                            (rising edge-triggered cell FDRE clocked by sys_clk_pin  {rise@0.000ns fall@5.000ns period=10.000ns})
  Path Group:             (none)
  Path Type:              Hold (Min at Fast Process Corner)
  Data Path Delay:        0.562ns  (logic 0.186ns (33.068%)  route 0.376ns (66.932%))
  Logic Levels:           2  (FDRE=1 LUT4=1)
  Clock Uncertainty:      0.025ns  ((TSJ^2 + TIJ^2)^1/2 + DJ) / 2 + PE
    Total System Jitter     (TSJ):    0.050ns
    Total Input Jitter      (TIJ):    0.000ns
    Discrete Jitter          (DJ):    0.000ns
    Phase Error              (PE):    0.000ns

    Location             Delay type                Incr(ns)  Path(ns)    Netlist Resource(s)
  -------------------------------------------------------------------    -------------------
    SLICE_X33Y57         FDRE                         0.000     0.000 r  debounced_up_button/button_out_reg/C
    SLICE_X33Y57         FDRE (Prop_fdre_C_Q)         0.141     0.141 r  debounced_up_button/button_out_reg/Q
                         net (fo=7, routed)           0.376     0.517    convert_to_binary/debouncedButtonUp
    SLICE_X31Y49         LUT4 (Prop_lut4_I3_O)        0.045     0.562 r  convert_to_binary/threshold[1]_i_1/O
                         net (fo=1, routed)           0.000     0.562    convert_to_binary/threshold[1]_i_1_n_0
    SLICE_X31Y49         FDRE                                         r  convert_to_binary/threshold_reg[1]/D
  -------------------------------------------------------------------    -------------------

                         (clock sys_clk_pin rise edge)
                                                      0.000     0.000 r  
    N15                                               0.000     0.000 r  clock (IN)
                         net (fo=0)                   0.000     0.000    clock
    N15                  IBUF (Prop_ibuf_I_O)         0.418     0.418 r  clock_IBUF_inst/O
                         net (fo=1, routed)           0.695     1.113    clock_IBUF
    BUFGCTRL_X0Y4        BUFG (Prop_bufg_I_O)         0.029     1.142 r  clock_IBUF_BUFG_inst/O
                         net (fo=166, routed)         0.911     2.053    convert_to_binary/clock
    SLICE_X31Y49         FDRE                                         r  convert_to_binary/threshold_reg[1]/C

Slack:                    inf
  Source:                 debounced_up_button/button_out_reg/C
                            (rising edge-triggered cell FDRE)
  Destination:            convert_to_binary/threshold_reg[2]/D
                            (rising edge-triggered cell FDRE clocked by sys_clk_pin  {rise@0.000ns fall@5.000ns period=10.000ns})
  Path Group:             (none)
  Path Type:              Hold (Min at Fast Process Corner)
  Data Path Delay:        0.565ns  (logic 0.189ns (33.424%)  route 0.376ns (66.576%))
  Logic Levels:           2  (FDRE=1 LUT5=1)
  Clock Uncertainty:      0.025ns  ((TSJ^2 + TIJ^2)^1/2 + DJ) / 2 + PE
    Total System Jitter     (TSJ):    0.050ns
    Total Input Jitter      (TIJ):    0.000ns
    Discrete Jitter          (DJ):    0.000ns
    Phase Error              (PE):    0.000ns

    Location             Delay type                Incr(ns)  Path(ns)    Netlist Resource(s)
  -------------------------------------------------------------------    -------------------
    SLICE_X33Y57         FDRE                         0.000     0.000 r  debounced_up_button/button_out_reg/C
    SLICE_X33Y57         FDRE (Prop_fdre_C_Q)         0.141     0.141 r  debounced_up_button/button_out_reg/Q
                         net (fo=7, routed)           0.376     0.517    convert_to_binary/debouncedButtonUp
    SLICE_X31Y49         LUT5 (Prop_lut5_I3_O)        0.048     0.565 r  convert_to_binary/threshold[2]_i_1/O
                         net (fo=1, routed)           0.000     0.565    convert_to_binary/threshold[2]_i_1_n_0
    SLICE_X31Y49         FDRE                                         r  convert_to_binary/threshold_reg[2]/D
  -------------------------------------------------------------------    -------------------

                         (clock sys_clk_pin rise edge)
                                                      0.000     0.000 r  
    N15                                               0.000     0.000 r  clock (IN)
                         net (fo=0)                   0.000     0.000    clock
    N15                  IBUF (Prop_ibuf_I_O)         0.418     0.418 r  clock_IBUF_inst/O
                         net (fo=1, routed)           0.695     1.113    clock_IBUF
    BUFGCTRL_X0Y4        BUFG (Prop_bufg_I_O)         0.029     1.142 r  clock_IBUF_BUFG_inst/O
                         net (fo=166, routed)         0.911     2.053    convert_to_binary/clock
    SLICE_X31Y49         FDRE                                         r  convert_to_binary/threshold_reg[2]/C

Slack:                    inf
  Source:                 debounced_up_button/button_out_reg/C
                            (rising edge-triggered cell FDRE)
  Destination:            convert_to_binary/threshold_reg[3]/D
                            (rising edge-triggered cell FDRE clocked by sys_clk_pin  {rise@0.000ns fall@5.000ns period=10.000ns})
  Path Group:             (none)
  Path Type:              Hold (Min at Fast Process Corner)
  Data Path Delay:        0.584ns  (logic 0.186ns (31.826%)  route 0.398ns (68.174%))
  Logic Levels:           2  (FDRE=1 LUT6=1)
  Clock Uncertainty:      0.025ns  ((TSJ^2 + TIJ^2)^1/2 + DJ) / 2 + PE
    Total System Jitter     (TSJ):    0.050ns
    Total Input Jitter      (TIJ):    0.000ns
    Discrete Jitter          (DJ):    0.000ns
    Phase Error              (PE):    0.000ns

    Location             Delay type                Incr(ns)  Path(ns)    Netlist Resource(s)
  -------------------------------------------------------------------    -------------------
    SLICE_X33Y57         FDRE                         0.000     0.000 r  debounced_up_button/button_out_reg/C
    SLICE_X33Y57         FDRE (Prop_fdre_C_Q)         0.141     0.141 r  debounced_up_button/button_out_reg/Q
                         net (fo=7, routed)           0.398     0.539    convert_to_binary/debouncedButtonUp
    SLICE_X31Y49         LUT6 (Prop_lut6_I3_O)        0.045     0.584 r  convert_to_binary/threshold[3]_i_2/O
                         net (fo=1, routed)           0.000     0.584    convert_to_binary/threshold[3]_i_2_n_0
    SLICE_X31Y49         FDRE                                         r  convert_to_binary/threshold_reg[3]/D
  -------------------------------------------------------------------    -------------------

                         (clock sys_clk_pin rise edge)
                                                      0.000     0.000 r  
    N15                                               0.000     0.000 r  clock (IN)
                         net (fo=0)                   0.000     0.000    clock
    N15                  IBUF (Prop_ibuf_I_O)         0.418     0.418 r  clock_IBUF_inst/O
                         net (fo=1, routed)           0.695     1.113    clock_IBUF
    BUFGCTRL_X0Y4        BUFG (Prop_bufg_I_O)         0.029     1.142 r  clock_IBUF_BUFG_inst/O
                         net (fo=166, routed)         0.911     2.053    convert_to_binary/clock
    SLICE_X31Y49         FDRE                                         r  convert_to_binary/threshold_reg[3]/C

Slack:                    inf
  Source:                 camera_video/timing/visible_frame_reg/C
                            (rising edge-triggered cell FDRE)
  Destination:            convert_to_binary/dilation_filter/dilation_line_buffer_reg[0][3]/D
                            (rising edge-triggered cell FDRE clocked by sys_clk_pin  {rise@0.000ns fall@5.000ns period=10.000ns})
  Path Group:             (none)
  Path Type:              Hold (Min at Fast Process Corner)
  Data Path Delay:        0.740ns  (logic 0.249ns (33.658%)  route 0.491ns (66.342%))
  Logic Levels:           2  (FDRE=1 LUT4=1)
  Clock Uncertainty:      0.025ns  ((TSJ^2 + TIJ^2)^1/2 + DJ) / 2 + PE
    Total System Jitter     (TSJ):    0.050ns
    Total Input Jitter      (TIJ):    0.000ns
    Discrete Jitter          (DJ):    0.000ns
    Phase Error              (PE):    0.000ns

    Location             Delay type                Incr(ns)  Path(ns)    Netlist Resource(s)
  -------------------------------------------------------------------    -------------------
    SLICE_X34Y39         FDRE                         0.000     0.000 r  camera_video/timing/visible_frame_reg/C
    SLICE_X34Y39         FDRE (Prop_fdre_C_Q)         0.151     0.151 r  camera_video/timing/visible_frame_reg/Q
                         net (fo=137, routed)         0.491     0.642    camera_video/timing/visible_frame_reg_0
    SLICE_X32Y49         LUT4 (Prop_lut4_I0_O)        0.098     0.740 r  camera_video/timing/dilation_line_buffer[0][3]_i_1/O
                         net (fo=1, routed)           0.000     0.740    convert_to_binary/dilation_filter/dilation_line_buffer_reg[0][3]_0
    SLICE_X32Y49         FDRE                                         r  convert_to_binary/dilation_filter/dilation_line_buffer_reg[0][3]/D
  -------------------------------------------------------------------    -------------------

                         (clock sys_clk_pin rise edge)
                                                      0.000     0.000 r  
    N15                                               0.000     0.000 r  clock (IN)
                         net (fo=0)                   0.000     0.000    clock
    N15                  IBUF (Prop_ibuf_I_O)         0.418     0.418 r  clock_IBUF_inst/O
                         net (fo=1, routed)           0.695     1.113    clock_IBUF
    BUFGCTRL_X0Y4        BUFG (Prop_bufg_I_O)         0.029     1.142 r  clock_IBUF_BUFG_inst/O
                         net (fo=166, routed)         0.911     2.053    convert_to_binary/dilation_filter/clock
    SLICE_X32Y49         FDRE                                         r  convert_to_binary/dilation_filter/dilation_line_buffer_reg[0][3]/C

Slack:                    inf
  Source:                 camera_video/timing/visible_frame_reg/C
                            (rising edge-triggered cell FDRE)
  Destination:            convert_to_binary/erosion_filter/erosion_line_buffer_reg[0][3]/D
                            (rising edge-triggered cell FDRE clocked by sys_clk_pin  {rise@0.000ns fall@5.000ns period=10.000ns})
  Path Group:             (none)
  Path Type:              Hold (Min at Fast Process Corner)
  Data Path Delay:        0.741ns  (logic 0.250ns (33.747%)  route 0.491ns (66.253%))
  Logic Levels:           2  (FDRE=1 LUT4=1)
  Clock Uncertainty:      0.025ns  ((TSJ^2 + TIJ^2)^1/2 + DJ) / 2 + PE
    Total System Jitter     (TSJ):    0.050ns
    Total Input Jitter      (TIJ):    0.000ns
    Discrete Jitter          (DJ):    0.000ns
    Phase Error              (PE):    0.000ns

    Location             Delay type                Incr(ns)  Path(ns)    Netlist Resource(s)
  -------------------------------------------------------------------    -------------------
    SLICE_X34Y39         FDRE                         0.000     0.000 r  camera_video/timing/visible_frame_reg/C
    SLICE_X34Y39         FDRE (Prop_fdre_C_Q)         0.151     0.151 r  camera_video/timing/visible_frame_reg/Q
                         net (fo=137, routed)         0.491     0.642    camera_video/timing/visible_frame_reg_0
    SLICE_X32Y49         LUT4 (Prop_lut4_I0_O)        0.099     0.741 r  camera_video/timing/erosion_line_buffer[0][3]_i_1/O
                         net (fo=1, routed)           0.000     0.741    convert_to_binary/erosion_filter/erosion_line_buffer_reg[0][3]_0
    SLICE_X32Y49         FDRE                                         r  convert_to_binary/erosion_filter/erosion_line_buffer_reg[0][3]/D
  -------------------------------------------------------------------    -------------------

                         (clock sys_clk_pin rise edge)
                                                      0.000     0.000 r  
    N15                                               0.000     0.000 r  clock (IN)
                         net (fo=0)                   0.000     0.000    clock
    N15                  IBUF (Prop_ibuf_I_O)         0.418     0.418 r  clock_IBUF_inst/O
                         net (fo=1, routed)           0.695     1.113    clock_IBUF
    BUFGCTRL_X0Y4        BUFG (Prop_bufg_I_O)         0.029     1.142 r  clock_IBUF_BUFG_inst/O
                         net (fo=166, routed)         0.911     2.053    convert_to_binary/erosion_filter/clock
    SLICE_X32Y49         FDRE                                         r  convert_to_binary/erosion_filter/erosion_line_buffer_reg[0][3]/C

Slack:                    inf
  Source:                 debounced_down_button/button_out_reg/C
                            (rising edge-triggered cell FDRE)
  Destination:            convert_to_binary/threshold_reg[0]/CE
                            (rising edge-triggered cell FDRE clocked by sys_clk_pin  {rise@0.000ns fall@5.000ns period=10.000ns})
  Path Group:             (none)
  Path Type:              Hold (Min at Fast Process Corner)
  Data Path Delay:        0.774ns  (logic 0.231ns (29.833%)  route 0.543ns (70.167%))
  Logic Levels:           3  (FDRE=1 LUT4=1 LUT6=1)
  Clock Uncertainty:      0.025ns  ((TSJ^2 + TIJ^2)^1/2 + DJ) / 2 + PE
    Total System Jitter     (TSJ):    0.050ns
    Total Input Jitter      (TIJ):    0.000ns
    Discrete Jitter          (DJ):    0.000ns
    Phase Error              (PE):    0.000ns

    Location             Delay type                Incr(ns)  Path(ns)    Netlist Resource(s)
  -------------------------------------------------------------------    -------------------
    SLICE_X32Y57         FDRE                         0.000     0.000 r  debounced_down_button/button_out_reg/C
    SLICE_X32Y57         FDRE (Prop_fdre_C_Q)         0.141     0.141 r  debounced_down_button/button_out_reg/Q
                         net (fo=3, routed)           0.288     0.429    convert_to_binary/debouncedButtonDown
    SLICE_X31Y50         LUT4 (Prop_lut4_I1_O)        0.045     0.474 r  convert_to_binary/threshold[3]_i_3/O
                         net (fo=1, routed)           0.082     0.556    convert_to_binary/threshold[3]_i_3_n_0
    SLICE_X31Y50         LUT6 (Prop_lut6_I0_O)        0.045     0.601 r  convert_to_binary/threshold[3]_i_1/O
                         net (fo=4, routed)           0.173     0.774    convert_to_binary/threshold[3]_i_1_n_0
    SLICE_X31Y49         FDRE                                         r  convert_to_binary/threshold_reg[0]/CE
  -------------------------------------------------------------------    -------------------

                         (clock sys_clk_pin rise edge)
                                                      0.000     0.000 r  
    N15                                               0.000     0.000 r  clock (IN)
                         net (fo=0)                   0.000     0.000    clock
    N15                  IBUF (Prop_ibuf_I_O)         0.418     0.418 r  clock_IBUF_inst/O
                         net (fo=1, routed)           0.695     1.113    clock_IBUF
    BUFGCTRL_X0Y4        BUFG (Prop_bufg_I_O)         0.029     1.142 r  clock_IBUF_BUFG_inst/O
                         net (fo=166, routed)         0.911     2.053    convert_to_binary/clock
    SLICE_X31Y49         FDRE                                         r  convert_to_binary/threshold_reg[0]/C

Slack:                    inf
  Source:                 debounced_down_button/button_out_reg/C
                            (rising edge-triggered cell FDRE)
  Destination:            convert_to_binary/threshold_reg[1]/CE
                            (rising edge-triggered cell FDRE clocked by sys_clk_pin  {rise@0.000ns fall@5.000ns period=10.000ns})
  Path Group:             (none)
  Path Type:              Hold (Min at Fast Process Corner)
  Data Path Delay:        0.774ns  (logic 0.231ns (29.833%)  route 0.543ns (70.167%))
  Logic Levels:           3  (FDRE=1 LUT4=1 LUT6=1)
  Clock Uncertainty:      0.025ns  ((TSJ^2 + TIJ^2)^1/2 + DJ) / 2 + PE
    Total System Jitter     (TSJ):    0.050ns
    Total Input Jitter      (TIJ):    0.000ns
    Discrete Jitter          (DJ):    0.000ns
    Phase Error              (PE):    0.000ns

    Location             Delay type                Incr(ns)  Path(ns)    Netlist Resource(s)
  -------------------------------------------------------------------    -------------------
    SLICE_X32Y57         FDRE                         0.000     0.000 r  debounced_down_button/button_out_reg/C
    SLICE_X32Y57         FDRE (Prop_fdre_C_Q)         0.141     0.141 r  debounced_down_button/button_out_reg/Q
                         net (fo=3, routed)           0.288     0.429    convert_to_binary/debouncedButtonDown
    SLICE_X31Y50         LUT4 (Prop_lut4_I1_O)        0.045     0.474 r  convert_to_binary/threshold[3]_i_3/O
                         net (fo=1, routed)           0.082     0.556    convert_to_binary/threshold[3]_i_3_n_0
    SLICE_X31Y50         LUT6 (Prop_lut6_I0_O)        0.045     0.601 r  convert_to_binary/threshold[3]_i_1/O
                         net (fo=4, routed)           0.173     0.774    convert_to_binary/threshold[3]_i_1_n_0
    SLICE_X31Y49         FDRE                                         r  convert_to_binary/threshold_reg[1]/CE
  -------------------------------------------------------------------    -------------------

                         (clock sys_clk_pin rise edge)
                                                      0.000     0.000 r  
    N15                                               0.000     0.000 r  clock (IN)
                         net (fo=0)                   0.000     0.000    clock
    N15                  IBUF (Prop_ibuf_I_O)         0.418     0.418 r  clock_IBUF_inst/O
                         net (fo=1, routed)           0.695     1.113    clock_IBUF
    BUFGCTRL_X0Y4        BUFG (Prop_bufg_I_O)         0.029     1.142 r  clock_IBUF_BUFG_inst/O
                         net (fo=166, routed)         0.911     2.053    convert_to_binary/clock
    SLICE_X31Y49         FDRE                                         r  convert_to_binary/threshold_reg[1]/C

Slack:                    inf
  Source:                 debounced_down_button/button_out_reg/C
                            (rising edge-triggered cell FDRE)
  Destination:            convert_to_binary/threshold_reg[2]/CE
                            (rising edge-triggered cell FDRE clocked by sys_clk_pin  {rise@0.000ns fall@5.000ns period=10.000ns})
  Path Group:             (none)
  Path Type:              Hold (Min at Fast Process Corner)
  Data Path Delay:        0.774ns  (logic 0.231ns (29.833%)  route 0.543ns (70.167%))
  Logic Levels:           3  (FDRE=1 LUT4=1 LUT6=1)
  Clock Uncertainty:      0.025ns  ((TSJ^2 + TIJ^2)^1/2 + DJ) / 2 + PE
    Total System Jitter     (TSJ):    0.050ns
    Total Input Jitter      (TIJ):    0.000ns
    Discrete Jitter          (DJ):    0.000ns
    Phase Error              (PE):    0.000ns

    Location             Delay type                Incr(ns)  Path(ns)    Netlist Resource(s)
  -------------------------------------------------------------------    -------------------
    SLICE_X32Y57         FDRE                         0.000     0.000 r  debounced_down_button/button_out_reg/C
    SLICE_X32Y57         FDRE (Prop_fdre_C_Q)         0.141     0.141 r  debounced_down_button/button_out_reg/Q
                         net (fo=3, routed)           0.288     0.429    convert_to_binary/debouncedButtonDown
    SLICE_X31Y50         LUT4 (Prop_lut4_I1_O)        0.045     0.474 r  convert_to_binary/threshold[3]_i_3/O
                         net (fo=1, routed)           0.082     0.556    convert_to_binary/threshold[3]_i_3_n_0
    SLICE_X31Y50         LUT6 (Prop_lut6_I0_O)        0.045     0.601 r  convert_to_binary/threshold[3]_i_1/O
                         net (fo=4, routed)           0.173     0.774    convert_to_binary/threshold[3]_i_1_n_0
    SLICE_X31Y49         FDRE                                         r  convert_to_binary/threshold_reg[2]/CE
  -------------------------------------------------------------------    -------------------

                         (clock sys_clk_pin rise edge)
                                                      0.000     0.000 r  
    N15                                               0.000     0.000 r  clock (IN)
                         net (fo=0)                   0.000     0.000    clock
    N15                  IBUF (Prop_ibuf_I_O)         0.418     0.418 r  clock_IBUF_inst/O
                         net (fo=1, routed)           0.695     1.113    clock_IBUF
    BUFGCTRL_X0Y4        BUFG (Prop_bufg_I_O)         0.029     1.142 r  clock_IBUF_BUFG_inst/O
                         net (fo=166, routed)         0.911     2.053    convert_to_binary/clock
    SLICE_X31Y49         FDRE                                         r  convert_to_binary/threshold_reg[2]/C





