
*** Running vivado
    with args -log camera.vds -m64 -product Vivado -mode batch -messageDb vivado.pb -notrace -source camera.tcl



****** Vivado v2025.2 (64-bit)
  **** SW Build 6299465 on Fri Nov 14 19:35:11 GMT 2025
  **** IP Build 6300035 on Fri Nov 14 10:48:45 MST 2025
  **** SharedData Build 6298862 on Thu Nov 13 04:50:51 MST 2025
  **** Start of session at: Wed May 13 15:08:19 2026
    ** Copyright 1986-2022 Xilinx, Inc. All Rights Reserved.
    ** Copyright 2022-2025 Advanced Micro Devices, Inc. All Rights Reserved.

source camera.tcl -notrace
create_project: Time (s): cpu = 00:00:10 ; elapsed = 00:00:08 . Memory (MB): peak = 537.613 ; gain = 221.402
Command: read_checkpoint -auto_incremental -incremental C:/Users/Saleh/ProjKeTea/Projects/ece441_project/camera_using_external_memory_ece441_2026_02_V1_12/camera_using_external_memory/camera_using_external_memory.srcs/utils_1/imports/synth_1/camera.dcp
INFO: [Vivado 12-5825] Read reference checkpoint from C:/Users/Saleh/ProjKeTea/Projects/ece441_project/camera_using_external_memory_ece441_2026_02_V1_12/camera_using_external_memory/camera_using_external_memory.srcs/utils_1/imports/synth_1/camera.dcp for incremental synthesis
INFO: [Vivado 12-7989] Please ensure there are no constraint changes
Command: synth_design -top camera -part xc7a100tcsg324-1
Starting synth_design
INFO: [IP_Flow 19-2162] IP 'line_buffer' is locked:
* IP definition 'Block Memory Generator (8.4)' for IP 'line_buffer' (customized with software release 2024.2) has a different revision in the IP Catalog.
INFO: [IP_Flow 19-2162] IP 'clk_wiz_0' is locked:
* IP definition 'Clocking Wizard (6.0)' for IP 'clk_wiz_0' (customized with software release 2024.2) has a different revision in the IP Catalog.
Attempting to get a license for feature 'Synthesis' and/or device 'xc7a100t'
INFO: [Common 17-349] Got license for feature 'Synthesis' and/or device 'xc7a100t'
INFO: [Device 21-403] Loading part xc7a100tcsg324-1
INFO: [Designutils 20-5440] No compile time benefit to using incremental synthesis; A full resynthesis will be run
INFO: [Designutils 20-4379] Flow is switching to default flow due to incremental criteria not met. If you would like to alter this behaviour and have the flow terminate instead, please set the following parameter config_implementation {autoIncr.Synth.RejectBehavior Terminate}
INFO: [Synth 8-7079] Multithreading enabled for synth_design using a maximum of 2 processes.
INFO: [Synth 8-7078] Launching helper process for spawning children vivado processes
INFO: [Synth 8-7075] Helper process launched with PID 42676
---------------------------------------------------------------------------------
Starting RTL Elaboration : Time (s): cpu = 00:00:06 ; elapsed = 00:00:06 . Memory (MB): peak = 1301.691 ; gain = 541.734
---------------------------------------------------------------------------------
INFO: [Synth 8-638] synthesizing module 'camera' [C:/Users/Saleh/ProjKeTea/Projects/ece441_project/camera_using_external_memory_ece441_2026_02_V1_12/camera_using_external_memory/camera.vhd:89]
INFO: [Synth 8-638] synthesizing module 'debounce_clock' [C:/Users/Saleh/ProjKeTea/Projects/ece441_project/camera_using_external_memory_ece441_2026_02_V1_12/camera_using_external_memory/debouncer.vhd:24]
INFO: [Synth 8-256] done synthesizing module 'debounce_clock' (0#1) [C:/Users/Saleh/ProjKeTea/Projects/ece441_project/camera_using_external_memory_ece441_2026_02_V1_12/camera_using_external_memory/debouncer.vhd:24]
INFO: [Synth 8-638] synthesizing module 'debounce_switch' [C:/Users/Saleh/ProjKeTea/Projects/ece441_project/camera_using_external_memory_ece441_2026_02_V1_12/camera_using_external_memory/debouncer.vhd:61]
INFO: [Synth 8-256] done synthesizing module 'debounce_switch' (0#1) [C:/Users/Saleh/ProjKeTea/Projects/ece441_project/camera_using_external_memory_ece441_2026_02_V1_12/camera_using_external_memory/debouncer.vhd:61]
INFO: [Synth 8-3491] module 'video' declared at 'C:/Users/Saleh/ProjKeTea/Projects/ece441_project/camera_using_external_memory_ece441_2026_02_V1_12/camera_using_external_memory/video.vhd:20' bound to instance 'camera_video' of component 'video' [C:/Users/Saleh/ProjKeTea/Projects/ece441_project/camera_using_external_memory_ece441_2026_02_V1_12/camera_using_external_memory/camera.vhd:417]
INFO: [Synth 8-638] synthesizing module 'video' [C:/Users/Saleh/ProjKeTea/Projects/ece441_project/camera_using_external_memory_ece441_2026_02_V1_12/camera_using_external_memory/video.vhd:100]
INFO: [Synth 8-3491] module 'clk_wiz_0' declared at 'C:/Users/Saleh/ProjKeTea/Projects/ece441_project/camera_using_external_memory_ece441_2026_02_V1_12/camera_using_external_memory/camera_using_external_memory.runs/synth_1/.Xil/Vivado-64732-Salbarnus/realtime/clk_wiz_0_stub.vhdl:6' bound to instance 'xtime' of component 'clk_wiz_0' [C:/Users/Saleh/ProjKeTea/Projects/ece441_project/camera_using_external_memory_ece441_2026_02_V1_12/camera_using_external_memory/video.vhd:420]
INFO: [Synth 8-638] synthesizing module 'clk_wiz_0' [C:/Users/Saleh/ProjKeTea/Projects/ece441_project/camera_using_external_memory_ece441_2026_02_V1_12/camera_using_external_memory/camera_using_external_memory.runs/synth_1/.Xil/Vivado-64732-Salbarnus/realtime/clk_wiz_0_stub.vhdl:18]
	Parameter PROG_USR bound to: FALSE - type: string 
	Parameter SIM_CCLK_FREQ bound to: 0.000000e+00 - type: double 
INFO: [Synth 8-113] binding component instance 'STARTUPE2_inst' to cell 'STARTUPE2' [C:/Users/Saleh/ProjKeTea/Projects/ece441_project/camera_using_external_memory_ece441_2026_02_V1_12/camera_using_external_memory/video.vhd:686]
INFO: [Synth 8-3491] module 'line_buffer' declared at 'C:/Users/Saleh/ProjKeTea/Projects/ece441_project/camera_using_external_memory_ece441_2026_02_V1_12/camera_using_external_memory/camera_using_external_memory.runs/synth_1/.Xil/Vivado-64732-Salbarnus/realtime/line_buffer_stub.vhdl:6' bound to instance 'camera_data_even_line' of component 'line_buffer' [C:/Users/Saleh/ProjKeTea/Projects/ece441_project/camera_using_external_memory_ece441_2026_02_V1_12/camera_using_external_memory/video.vhd:754]
INFO: [Synth 8-638] synthesizing module 'line_buffer' [C:/Users/Saleh/ProjKeTea/Projects/ece441_project/camera_using_external_memory_ece441_2026_02_V1_12/camera_using_external_memory/camera_using_external_memory.runs/synth_1/.Xil/Vivado-64732-Salbarnus/realtime/line_buffer_stub.vhdl:26]
INFO: [Synth 8-3491] module 'line_buffer' declared at 'C:/Users/Saleh/ProjKeTea/Projects/ece441_project/camera_using_external_memory_ece441_2026_02_V1_12/camera_using_external_memory/camera_using_external_memory.runs/synth_1/.Xil/Vivado-64732-Salbarnus/realtime/line_buffer_stub.vhdl:6' bound to instance 'camera_data_odd_line' of component 'line_buffer' [C:/Users/Saleh/ProjKeTea/Projects/ece441_project/camera_using_external_memory_ece441_2026_02_V1_12/camera_using_external_memory/video.vhd:767]
INFO: [Synth 8-3491] module 'line_buffer' declared at 'C:/Users/Saleh/ProjKeTea/Projects/ece441_project/camera_using_external_memory_ece441_2026_02_V1_12/camera_using_external_memory/camera_using_external_memory.runs/synth_1/.Xil/Vivado-64732-Salbarnus/realtime/line_buffer_stub.vhdl:6' bound to instance 'stream1_even_line_out' of component 'line_buffer' [C:/Users/Saleh/ProjKeTea/Projects/ece441_project/camera_using_external_memory_ece441_2026_02_V1_12/camera_using_external_memory/video.vhd:787]
INFO: [Synth 8-3491] module 'line_buffer' declared at 'C:/Users/Saleh/ProjKeTea/Projects/ece441_project/camera_using_external_memory_ece441_2026_02_V1_12/camera_using_external_memory/camera_using_external_memory.runs/synth_1/.Xil/Vivado-64732-Salbarnus/realtime/line_buffer_stub.vhdl:6' bound to instance 'stream1_odd_line_out' of component 'line_buffer' [C:/Users/Saleh/ProjKeTea/Projects/ece441_project/camera_using_external_memory_ece441_2026_02_V1_12/camera_using_external_memory/video.vhd:800]
INFO: [Synth 8-3491] module 'line_buffer' declared at 'C:/Users/Saleh/ProjKeTea/Projects/ece441_project/camera_using_external_memory_ece441_2026_02_V1_12/camera_using_external_memory/camera_using_external_memory.runs/synth_1/.Xil/Vivado-64732-Salbarnus/realtime/line_buffer_stub.vhdl:6' bound to instance 'stream2_out_odd' of component 'line_buffer' [C:/Users/Saleh/ProjKeTea/Projects/ece441_project/camera_using_external_memory_ece441_2026_02_V1_12/camera_using_external_memory/video.vhd:823]
INFO: [Synth 8-3491] module 'line_buffer' declared at 'C:/Users/Saleh/ProjKeTea/Projects/ece441_project/camera_using_external_memory_ece441_2026_02_V1_12/camera_using_external_memory/camera_using_external_memory.runs/synth_1/.Xil/Vivado-64732-Salbarnus/realtime/line_buffer_stub.vhdl:6' bound to instance 'stream2_out_even' of component 'line_buffer' [C:/Users/Saleh/ProjKeTea/Projects/ece441_project/camera_using_external_memory_ece441_2026_02_V1_12/camera_using_external_memory/video.vhd:836]
INFO: [Synth 8-3491] module 'line_buffer' declared at 'C:/Users/Saleh/ProjKeTea/Projects/ece441_project/camera_using_external_memory_ece441_2026_02_V1_12/camera_using_external_memory/camera_using_external_memory.runs/synth_1/.Xil/Vivado-64732-Salbarnus/realtime/line_buffer_stub.vhdl:6' bound to instance 'stream3_out_odd' of component 'line_buffer' [C:/Users/Saleh/ProjKeTea/Projects/ece441_project/camera_using_external_memory_ece441_2026_02_V1_12/camera_using_external_memory/video.vhd:853]
INFO: [Synth 8-3491] module 'line_buffer' declared at 'C:/Users/Saleh/ProjKeTea/Projects/ece441_project/camera_using_external_memory_ece441_2026_02_V1_12/camera_using_external_memory/camera_using_external_memory.runs/synth_1/.Xil/Vivado-64732-Salbarnus/realtime/line_buffer_stub.vhdl:6' bound to instance 'stream3_out_even' of component 'line_buffer' [C:/Users/Saleh/ProjKeTea/Projects/ece441_project/camera_using_external_memory_ece441_2026_02_V1_12/camera_using_external_memory/video.vhd:866]
INFO: [Synth 8-3491] module 'ov7670_capture' declared at 'C:/Users/Saleh/ProjKeTea/Projects/ece441_project/camera_using_external_memory_ece441_2026_02_V1_12/camera_using_external_memory/ov7670_capture.vhd:12' bound to instance 'Inst_ov7670_capture' of component 'ov7670_capture' [C:/Users/Saleh/ProjKeTea/Projects/ece441_project/camera_using_external_memory_ece441_2026_02_V1_12/camera_using_external_memory/video.vhd:883]
INFO: [Synth 8-638] synthesizing module 'ov7670_capture' [C:/Users/Saleh/ProjKeTea/Projects/ece441_project/camera_using_external_memory_ece441_2026_02_V1_12/camera_using_external_memory/ov7670_capture.vhd:30]
INFO: [Synth 8-256] done synthesizing module 'ov7670_capture' (0#1) [C:/Users/Saleh/ProjKeTea/Projects/ece441_project/camera_using_external_memory_ece441_2026_02_V1_12/camera_using_external_memory/ov7670_capture.vhd:30]
INFO: [Synth 8-3491] module 'ov7670_controller' declared at 'C:/Users/Saleh/ProjKeTea/Projects/ece441_project/camera_using_external_memory_ece441_2026_02_V1_12/camera_using_external_memory/ov7670_controller.vhd:9' bound to instance 'Inst_ov7670_controller' of component 'ov7670_controller' [C:/Users/Saleh/ProjKeTea/Projects/ece441_project/camera_using_external_memory_ece441_2026_02_V1_12/camera_using_external_memory/video.vhd:896]
INFO: [Synth 8-638] synthesizing module 'ov7670_controller' [C:/Users/Saleh/ProjKeTea/Projects/ece441_project/camera_using_external_memory_ece441_2026_02_V1_12/camera_using_external_memory/ov7670_controller.vhd:24]
INFO: [Synth 8-3491] module 'i2c_sender' declared at 'C:/Users/Saleh/ProjKeTea/Projects/ece441_project/camera_using_external_memory_ece441_2026_02_V1_12/camera_using_external_memory/i2c_sender.vhd:9' bound to instance 'Inst_i2c_sender' of component 'i2c_sender' [C:/Users/Saleh/ProjKeTea/Projects/ece441_project/camera_using_external_memory_ece441_2026_02_V1_12/camera_using_external_memory/ov7670_controller.vhd:83]
INFO: [Synth 8-638] synthesizing module 'i2c_sender' [C:/Users/Saleh/ProjKeTea/Projects/ece441_project/camera_using_external_memory_ece441_2026_02_V1_12/camera_using_external_memory/i2c_sender.vhd:21]
INFO: [Synth 8-256] done synthesizing module 'i2c_sender' (0#1) [C:/Users/Saleh/ProjKeTea/Projects/ece441_project/camera_using_external_memory_ece441_2026_02_V1_12/camera_using_external_memory/i2c_sender.vhd:21]
INFO: [Synth 8-3491] module 'ov7670_registers' declared at 'C:/Users/Saleh/ProjKeTea/Projects/ece441_project/camera_using_external_memory_ece441_2026_02_V1_12/camera_using_external_memory/ov7670_registers.vhd:23' bound to instance 'Inst_ov7670_registers' of component 'ov7670_registers' [C:/Users/Saleh/ProjKeTea/Projects/ece441_project/camera_using_external_memory_ece441_2026_02_V1_12/camera_using_external_memory/ov7670_controller.vhd:99]
INFO: [Synth 8-638] synthesizing module 'ov7670_registers' [C:/Users/Saleh/ProjKeTea/Projects/ece441_project/camera_using_external_memory_ece441_2026_02_V1_12/camera_using_external_memory/ov7670_registers.vhd:35]
INFO: [Synth 8-256] done synthesizing module 'ov7670_registers' (0#1) [C:/Users/Saleh/ProjKeTea/Projects/ece441_project/camera_using_external_memory_ece441_2026_02_V1_12/camera_using_external_memory/ov7670_registers.vhd:35]
INFO: [Synth 8-256] done synthesizing module 'ov7670_controller' (0#1) [C:/Users/Saleh/ProjKeTea/Projects/ece441_project/camera_using_external_memory_ece441_2026_02_V1_12/camera_using_external_memory/ov7670_controller.vhd:24]
	Parameter HSYNC_POLARITY bound to: 1'b0 
	Parameter VSYNC_POLARITY bound to: 1'b0 
	Parameter HSYNC_FRONT_PORCH bound to: 16 - type: integer 
	Parameter HSYNC_SYNC_PULSE bound to: 96 - type: integer 
	Parameter HSYNC_LINE_WIDTH bound to: 800 - type: integer 
	Parameter VSYNC_FRONT_PORCH bound to: 10 - type: integer 
	Parameter VSYNC_SYNC_PULSE bound to: 2 - type: integer 
	Parameter VSYNC_FRAME_WIDTH bound to: 521 - type: integer 
	Parameter BOARD_DIVIDER bound to: 2 - type: integer 
	Parameter SCREEN_X_SIZE bound to: 11'b01010000000 
	Parameter SCREEN_Y_SIZE bound to: 10'b0111100000 
INFO: [Synth 8-3491] module 'video_timing' declared at 'C:/Users/Saleh/ProjKeTea/Projects/ece441_project/camera_using_external_memory_ece441_2026_02_V1_12/camera_using_external_memory/video_timing.vhd:17' bound to instance 'timing' of component 'video_timing' [C:/Users/Saleh/ProjKeTea/Projects/ece441_project/camera_using_external_memory_ece441_2026_02_V1_12/camera_using_external_memory/video.vhd:911]
INFO: [Synth 8-638] synthesizing module 'video_timing' [C:/Users/Saleh/ProjKeTea/Projects/ece441_project/camera_using_external_memory_ece441_2026_02_V1_12/camera_using_external_memory/video_timing.vhd:44]
	Parameter HSYNC_FRONT_PORCH bound to: 16 - type: integer 
	Parameter HSYNC_SYNC_PULSE bound to: 96 - type: integer 
	Parameter HSYNC_LINE_WIDTH bound to: 800 - type: integer 
	Parameter HSYNC_POLARITY bound to: 1'b0 
	Parameter VSYNC_FRONT_PORCH bound to: 10 - type: integer 
	Parameter VSYNC_SYNC_PULSE bound to: 2 - type: integer 
	Parameter VSYNC_FRAME_WIDTH bound to: 521 - type: integer 
	Parameter VSYNC_POLARITY bound to: 1'b0 
	Parameter BOARD_DIVIDER bound to: 2 - type: integer 
	Parameter SCREEN_X_SIZE bound to: 11'b01010000000 
	Parameter SCREEN_Y_SIZE bound to: 10'b0111100000 
INFO: [Synth 8-256] done synthesizing module 'video_timing' (0#1) [C:/Users/Saleh/ProjKeTea/Projects/ece441_project/camera_using_external_memory_ece441_2026_02_V1_12/camera_using_external_memory/video_timing.vhd:44]
INFO: [Synth 8-3491] module 'debounce_clock' declared at 'C:/Users/Saleh/ProjKeTea/Projects/ece441_project/camera_using_external_memory_ece441_2026_02_V1_12/camera_using_external_memory/debouncer.vhd:16' bound to instance 'do_debouncer_clock' of component 'debounce_clock' [C:/Users/Saleh/ProjKeTea/Projects/ece441_project/camera_using_external_memory_ece441_2026_02_V1_12/camera_using_external_memory/video.vhd:1078]
INFO: [Synth 8-638] synthesizing module 'debounce_clock__parameterized1' [C:/Users/Saleh/ProjKeTea/Projects/ece441_project/camera_using_external_memory_ece441_2026_02_V1_12/camera_using_external_memory/debouncer.vhd:24]
INFO: [Synth 8-256] done synthesizing module 'debounce_clock__parameterized1' (0#1) [C:/Users/Saleh/ProjKeTea/Projects/ece441_project/camera_using_external_memory_ece441_2026_02_V1_12/camera_using_external_memory/debouncer.vhd:24]
INFO: [Synth 8-3491] module 'debounce_switch' declared at 'C:/Users/Saleh/ProjKeTea/Projects/ece441_project/camera_using_external_memory_ece441_2026_02_V1_12/camera_using_external_memory/debouncer.vhd:51' bound to instance 'debounce_configure_camera' of component 'debounce_switch' [C:/Users/Saleh/ProjKeTea/Projects/ece441_project/camera_using_external_memory_ece441_2026_02_V1_12/camera_using_external_memory/video.vhd:1084]
INFO: [Synth 8-638] synthesizing module 'debounce_switch__parameterized1' [C:/Users/Saleh/ProjKeTea/Projects/ece441_project/camera_using_external_memory_ece441_2026_02_V1_12/camera_using_external_memory/debouncer.vhd:61]
INFO: [Synth 8-256] done synthesizing module 'debounce_switch__parameterized1' (0#1) [C:/Users/Saleh/ProjKeTea/Projects/ece441_project/camera_using_external_memory_ece441_2026_02_V1_12/camera_using_external_memory/debouncer.vhd:61]
INFO: [Synth 8-3491] module 'debounce_switch' declared at 'C:/Users/Saleh/ProjKeTea/Projects/ece441_project/camera_using_external_memory_ece441_2026_02_V1_12/camera_using_external_memory/debouncer.vhd:51' bound to instance 'debounce_previous_picture' of component 'debounce_switch' [C:/Users/Saleh/ProjKeTea/Projects/ece441_project/camera_using_external_memory_ece441_2026_02_V1_12/camera_using_external_memory/video.vhd:1092]
INFO: [Synth 8-3491] module 'debounce_switch' declared at 'C:/Users/Saleh/ProjKeTea/Projects/ece441_project/camera_using_external_memory_ece441_2026_02_V1_12/camera_using_external_memory/debouncer.vhd:51' bound to instance 'debounce_next_picture' of component 'debounce_switch' [C:/Users/Saleh/ProjKeTea/Projects/ece441_project/camera_using_external_memory_ece441_2026_02_V1_12/camera_using_external_memory/video.vhd:1100]
INFO: [Synth 8-3491] module 'debounce_switch' declared at 'C:/Users/Saleh/ProjKeTea/Projects/ece441_project/camera_using_external_memory_ece441_2026_02_V1_12/camera_using_external_memory/debouncer.vhd:51' bound to instance 'debounce_video_source' of component 'debounce_switch' [C:/Users/Saleh/ProjKeTea/Projects/ece441_project/camera_using_external_memory_ece441_2026_02_V1_12/camera_using_external_memory/video.vhd:1109]
INFO: [Synth 8-256] done synthesizing module 'video' (0#1) [C:/Users/Saleh/ProjKeTea/Projects/ece441_project/camera_using_external_memory_ece441_2026_02_V1_12/camera_using_external_memory/video.vhd:100]
	Parameter origin_x bound to: 11'b00000001010 
	Parameter origin_y bound to: 10'b0111000010 
	Parameter color bound to: 12'b111100000000 
INFO: [Synth 8-3491] module 'histogram' declared at 'C:/Users/Saleh/ProjKeTea/Projects/ece441_project/camera_using_external_memory_ece441_2026_02_V1_12/camera_using_external_memory/histogram.vhd:18' bound to instance 'histogram_red' of component 'histogram' [C:/Users/Saleh/ProjKeTea/Projects/ece441_project/camera_using_external_memory_ece441_2026_02_V1_12/camera_using_external_memory/camera.vhd:475]
INFO: [Synth 8-638] synthesizing module 'histogram' [C:/Users/Saleh/ProjKeTea/Projects/ece441_project/camera_using_external_memory_ece441_2026_02_V1_12/camera_using_external_memory/histogram.vhd:38]
	Parameter origin_x bound to: 11'b00000001010 
	Parameter origin_y bound to: 10'b0111000010 
	Parameter color bound to: 12'b111100000000 
INFO: [Synth 8-256] done synthesizing module 'histogram' (0#1) [C:/Users/Saleh/ProjKeTea/Projects/ece441_project/camera_using_external_memory_ece441_2026_02_V1_12/camera_using_external_memory/histogram.vhd:38]
	Parameter origin_x bound to: 11'b00001011010 
	Parameter origin_y bound to: 10'b0111000010 
	Parameter color bound to: 12'b000011110000 
INFO: [Synth 8-3491] module 'histogram' declared at 'C:/Users/Saleh/ProjKeTea/Projects/ece441_project/camera_using_external_memory_ece441_2026_02_V1_12/camera_using_external_memory/histogram.vhd:18' bound to instance 'histogram_green' of component 'histogram' [C:/Users/Saleh/ProjKeTea/Projects/ece441_project/camera_using_external_memory_ece441_2026_02_V1_12/camera_using_external_memory/camera.vhd:496]
INFO: [Synth 8-638] synthesizing module 'histogram__parameterized1' [C:/Users/Saleh/ProjKeTea/Projects/ece441_project/camera_using_external_memory_ece441_2026_02_V1_12/camera_using_external_memory/histogram.vhd:38]
	Parameter origin_x bound to: 11'b00001011010 
	Parameter origin_y bound to: 10'b0111000010 
	Parameter color bound to: 12'b000011110000 
INFO: [Synth 8-256] done synthesizing module 'histogram__parameterized1' (0#1) [C:/Users/Saleh/ProjKeTea/Projects/ece441_project/camera_using_external_memory_ece441_2026_02_V1_12/camera_using_external_memory/histogram.vhd:38]
	Parameter origin_x bound to: 11'b00010101010 
	Parameter origin_y bound to: 10'b0111000010 
	Parameter color bound to: 12'b000000001111 
INFO: [Synth 8-3491] module 'histogram' declared at 'C:/Users/Saleh/ProjKeTea/Projects/ece441_project/camera_using_external_memory_ece441_2026_02_V1_12/camera_using_external_memory/histogram.vhd:18' bound to instance 'histogram_blue' of component 'histogram' [C:/Users/Saleh/ProjKeTea/Projects/ece441_project/camera_using_external_memory_ece441_2026_02_V1_12/camera_using_external_memory/camera.vhd:516]
INFO: [Synth 8-638] synthesizing module 'histogram__parameterized3' [C:/Users/Saleh/ProjKeTea/Projects/ece441_project/camera_using_external_memory_ece441_2026_02_V1_12/camera_using_external_memory/histogram.vhd:38]
	Parameter origin_x bound to: 11'b00010101010 
	Parameter origin_y bound to: 10'b0111000010 
	Parameter color bound to: 12'b000000001111 
INFO: [Synth 8-256] done synthesizing module 'histogram__parameterized3' (0#1) [C:/Users/Saleh/ProjKeTea/Projects/ece441_project/camera_using_external_memory_ece441_2026_02_V1_12/camera_using_external_memory/histogram.vhd:38]
INFO: [Synth 8-3491] module 'led_display' declared at 'C:/Users/Saleh/ProjKeTea/Projects/ece441_project/camera_using_external_memory_ece441_2026_02_V1_12/camera_using_external_memory/led_display.vhd:5' bound to instance 'threshold' of component 'led_display' [C:/Users/Saleh/ProjKeTea/Projects/ece441_project/camera_using_external_memory_ece441_2026_02_V1_12/camera_using_external_memory/camera.vhd:535]
INFO: [Synth 8-638] synthesizing module 'led_display' [C:/Users/Saleh/ProjKeTea/Projects/ece441_project/camera_using_external_memory_ece441_2026_02_V1_12/camera_using_external_memory/led_display.vhd:15]
INFO: [Synth 8-256] done synthesizing module 'led_display' (0#1) [C:/Users/Saleh/ProjKeTea/Projects/ece441_project/camera_using_external_memory_ece441_2026_02_V1_12/camera_using_external_memory/led_display.vhd:15]
INFO: [Synth 8-3491] module 'oled_display' declared at 'C:/Users/Saleh/ProjKeTea/Projects/ece441_project/camera_using_external_memory_ece441_2026_02_V1_12/camera_using_external_memory/oled_display.vhd:19' bound to instance 'camera_status' of component 'oled_display' [C:/Users/Saleh/ProjKeTea/Projects/ece441_project/camera_using_external_memory_ece441_2026_02_V1_12/camera_using_external_memory/camera.vhd:542]
INFO: [Synth 8-638] synthesizing module 'oled_display' [C:/Users/Saleh/ProjKeTea/Projects/ece441_project/camera_using_external_memory_ece441_2026_02_V1_12/camera_using_external_memory/oled_display.vhd:75]
INFO: [Synth 8-256] done synthesizing module 'oled_display' (0#1) [C:/Users/Saleh/ProjKeTea/Projects/ece441_project/camera_using_external_memory_ece441_2026_02_V1_12/camera_using_external_memory/oled_display.vhd:75]
	Parameter origin_x bound to: 11'b00011111010 
	Parameter origin_y bound to: 10'b0111000010 
	Parameter color bound to: 12'b100010001000 
INFO: [Synth 8-3491] module 'histogram' declared at 'C:/Users/Saleh/ProjKeTea/Projects/ece441_project/camera_using_external_memory_ece441_2026_02_V1_12/camera_using_external_memory/histogram.vhd:18' bound to instance 'histogram_gray' of component 'histogram' [C:/Users/Saleh/ProjKeTea/Projects/ece441_project/camera_using_external_memory_ece441_2026_02_V1_12/camera_using_external_memory/camera.vhd:597]
INFO: [Synth 8-638] synthesizing module 'histogram__parameterized5' [C:/Users/Saleh/ProjKeTea/Projects/ece441_project/camera_using_external_memory_ece441_2026_02_V1_12/camera_using_external_memory/histogram.vhd:38]
	Parameter origin_x bound to: 11'b00011111010 
	Parameter origin_y bound to: 10'b0111000010 
	Parameter color bound to: 12'b100010001000 
INFO: [Synth 8-256] done synthesizing module 'histogram__parameterized5' (0#1) [C:/Users/Saleh/ProjKeTea/Projects/ece441_project/camera_using_external_memory_ece441_2026_02_V1_12/camera_using_external_memory/histogram.vhd:38]
INFO: [Synth 8-3491] module 'RGBtoGray' declared at 'C:/Users/Saleh/ProjKeTea/Projects/ece441_project/camera_using_external_memory_ece441_2026_02_V1_12/camera_using_external_memory/effects/rgb_to_gray.vhd:35' bound to instance 'convert_to_gray' of component 'RGBtoGray' [C:/Users/Saleh/ProjKeTea/Projects/ece441_project/camera_using_external_memory_ece441_2026_02_V1_12/camera_using_external_memory/camera.vhd:617]
INFO: [Synth 8-638] synthesizing module 'RGBtoGray' [C:/Users/Saleh/ProjKeTea/Projects/ece441_project/camera_using_external_memory_ece441_2026_02_V1_12/camera_using_external_memory/effects/rgb_to_gray.vhd:40]
INFO: [Synth 8-256] done synthesizing module 'RGBtoGray' (0#1) [C:/Users/Saleh/ProjKeTea/Projects/ece441_project/camera_using_external_memory_ece441_2026_02_V1_12/camera_using_external_memory/effects/rgb_to_gray.vhd:40]
INFO: [Synth 8-3491] module 'negative_image' declared at 'C:/Users/Saleh/ProjKeTea/Projects/ece441_project/camera_using_external_memory_ece441_2026_02_V1_12/camera_using_external_memory/effects/negative.vhd:14' bound to instance 'video_negative_image' of component 'negative_image' [C:/Users/Saleh/ProjKeTea/Projects/ece441_project/camera_using_external_memory_ece441_2026_02_V1_12/camera_using_external_memory/camera.vhd:623]
INFO: [Synth 8-638] synthesizing module 'negative_image' [C:/Users/Saleh/ProjKeTea/Projects/ece441_project/camera_using_external_memory_ece441_2026_02_V1_12/camera_using_external_memory/effects/negative.vhd:21]
INFO: [Synth 8-256] done synthesizing module 'negative_image' (0#1) [C:/Users/Saleh/ProjKeTea/Projects/ece441_project/camera_using_external_memory_ece441_2026_02_V1_12/camera_using_external_memory/effects/negative.vhd:21]
INFO: [Synth 8-3491] module 'sad_filter' declared at 'C:/Users/Saleh/ProjKeTea/Projects/ece441_project/camera_using_external_memory_ece441_2026_02_V1_12/camera_using_external_memory/effects/sad.vhd:16' bound to instance 'video_sad_image' of component 'sad_filter' [C:/Users/Saleh/ProjKeTea/Projects/ece441_project/camera_using_external_memory_ece441_2026_02_V1_12/camera_using_external_memory/camera.vhd:629]
INFO: [Synth 8-638] synthesizing module 'sad_filter' [C:/Users/Saleh/ProjKeTea/Projects/ece441_project/camera_using_external_memory_ece441_2026_02_V1_12/camera_using_external_memory/effects/sad.vhd:24]
INFO: [Synth 8-256] done synthesizing module 'sad_filter' (0#1) [C:/Users/Saleh/ProjKeTea/Projects/ece441_project/camera_using_external_memory_ece441_2026_02_V1_12/camera_using_external_memory/effects/sad.vhd:24]
INFO: [Synth 8-3491] module 'xor_filter' declared at 'C:/Users/Saleh/ProjKeTea/Projects/ece441_project/camera_using_external_memory_ece441_2026_02_V1_12/camera_using_external_memory/effects/xor.vhd:16' bound to instance 'video_xor_image' of component 'xor_filter' [C:/Users/Saleh/ProjKeTea/Projects/ece441_project/camera_using_external_memory_ece441_2026_02_V1_12/camera_using_external_memory/camera.vhd:636]
INFO: [Synth 8-638] synthesizing module 'xor_filter' [C:/Users/Saleh/ProjKeTea/Projects/ece441_project/camera_using_external_memory_ece441_2026_02_V1_12/camera_using_external_memory/effects/xor.vhd:24]
INFO: [Synth 8-256] done synthesizing module 'xor_filter' (0#1) [C:/Users/Saleh/ProjKeTea/Projects/ece441_project/camera_using_external_memory_ece441_2026_02_V1_12/camera_using_external_memory/effects/xor.vhd:24]
	Parameter SCREEN_X_SIZE bound to: 11'b01010000000 
	Parameter SCREEN_Y_SIZE bound to: 10'b0111100000 
INFO: [Synth 8-3491] module 'sobel_filter' declared at 'C:/Users/Saleh/ProjKeTea/Projects/ece441_project/camera_using_external_memory_ece441_2026_02_V1_12/camera_using_external_memory/effects/sobel.vhd:8' bound to instance 'video_sobel_image' of component 'sobel_filter' [C:/Users/Saleh/ProjKeTea/Projects/ece441_project/camera_using_external_memory_ece441_2026_02_V1_12/camera_using_external_memory/camera.vhd:643]
INFO: [Synth 8-638] synthesizing module 'sobel_filter' [C:/Users/Saleh/ProjKeTea/Projects/ece441_project/camera_using_external_memory_ece441_2026_02_V1_12/camera_using_external_memory/effects/sobel.vhd:23]
	Parameter SCREEN_X_SIZE bound to: 11'b01010000000 
	Parameter SCREEN_Y_SIZE bound to: 10'b0111100000 
INFO: [Synth 8-256] done synthesizing module 'sobel_filter' (0#1) [C:/Users/Saleh/ProjKeTea/Projects/ece441_project/camera_using_external_memory_ece441_2026_02_V1_12/camera_using_external_memory/effects/sobel.vhd:23]
INFO: [Synth 8-3491] module 'negative_image' declared at 'C:/Users/Saleh/ProjKeTea/Projects/ece441_project/camera_using_external_memory_ece441_2026_02_V1_12/camera_using_external_memory/effects/negative.vhd:14' bound to instance 'video_gray_negative_image' of component 'negative_image' [C:/Users/Saleh/ProjKeTea/Projects/ece441_project/camera_using_external_memory_ece441_2026_02_V1_12/camera_using_external_memory/camera.vhd:657]
INFO: [Synth 8-3491] module 'binary_filter' declared at 'C:/Users/Saleh/ProjKeTea/Projects/ece441_project/camera_using_external_memory_ece441_2026_02_V1_12/camera_using_external_memory/effects/binary.vhd:5' bound to instance 'convert_to_binary' of component 'binary_filter' [C:/Users/Saleh/ProjKeTea/Projects/ece441_project/camera_using_external_memory_ece441_2026_02_V1_12/camera_using_external_memory/camera.vhd:663]
INFO: [Synth 8-638] synthesizing module 'binary_filter' [C:/Users/Saleh/ProjKeTea/Projects/ece441_project/camera_using_external_memory_ece441_2026_02_V1_12/camera_using_external_memory/effects/binary.vhd:18]
INFO: [Synth 8-638] synthesizing module 'dilation_filter' [C:/Users/Saleh/ProjKeTea/Projects/ece441_project/camera_using_external_memory_ece441_2026_02_V1_12/camera_using_external_memory/effects/dilation.vhd:19]
	Parameter SCREEN_X_SIZE bound to: 11'b01010000000 
	Parameter SCREEN_Y_SIZE bound to: 10'b0111100000 
INFO: [Synth 8-256] done synthesizing module 'dilation_filter' (0#1) [C:/Users/Saleh/ProjKeTea/Projects/ece441_project/camera_using_external_memory_ece441_2026_02_V1_12/camera_using_external_memory/effects/dilation.vhd:19]
INFO: [Synth 8-638] synthesizing module 'erosion_filter' [C:/Users/Saleh/ProjKeTea/Projects/ece441_project/camera_using_external_memory_ece441_2026_02_V1_12/camera_using_external_memory/effects/erosion.vhd:19]
	Parameter SCREEN_X_SIZE bound to: 11'b01010000000 
	Parameter SCREEN_Y_SIZE bound to: 10'b0111100000 
INFO: [Synth 8-256] done synthesizing module 'erosion_filter' (0#1) [C:/Users/Saleh/ProjKeTea/Projects/ece441_project/camera_using_external_memory_ece441_2026_02_V1_12/camera_using_external_memory/effects/erosion.vhd:19]
INFO: [Synth 8-256] done synthesizing module 'binary_filter' (0#1) [C:/Users/Saleh/ProjKeTea/Projects/ece441_project/camera_using_external_memory_ece441_2026_02_V1_12/camera_using_external_memory/effects/binary.vhd:18]
INFO: [Synth 8-256] done synthesizing module 'camera' (0#1) [C:/Users/Saleh/ProjKeTea/Projects/ece441_project/camera_using_external_memory_ece441_2026_02_V1_12/camera_using_external_memory/camera.vhd:89]
WARNING: [Synth 8-6014] Unused sequential element h_dot_reg was removed.  [C:/Users/Saleh/ProjKeTea/Projects/ece441_project/camera_using_external_memory_ece441_2026_02_V1_12/camera_using_external_memory/video_timing.vhd:171]
WARNING: [Synth 8-6014] Unused sequential element v_line_reg was removed.  [C:/Users/Saleh/ProjKeTea/Projects/ece441_project/camera_using_external_memory_ece441_2026_02_V1_12/camera_using_external_memory/video_timing.vhd:172]
WARNING: [Synth 8-6014] Unused sequential element ReadStartAddress_reg was removed.  [C:/Users/Saleh/ProjKeTea/Projects/ece441_project/camera_using_external_memory_ece441_2026_02_V1_12/camera_using_external_memory/video.vhd:948]
WARNING: [Synth 8-6014] Unused sequential element CamPage_reg was removed.  [C:/Users/Saleh/ProjKeTea/Projects/ece441_project/camera_using_external_memory_ece441_2026_02_V1_12/camera_using_external_memory/video.vhd:1152]
WARNING: [Synth 8-6014] Unused sequential element stream1_page_reg was removed.  [C:/Users/Saleh/ProjKeTea/Projects/ece441_project/camera_using_external_memory_ece441_2026_02_V1_12/camera_using_external_memory/video.vhd:1162]
WARNING: [Synth 8-6014] Unused sequential element Stream2_page_reg was removed.  [C:/Users/Saleh/ProjKeTea/Projects/ece441_project/camera_using_external_memory_ece441_2026_02_V1_12/camera_using_external_memory/video.vhd:1164]
WARNING: [Synth 8-6014] Unused sequential element Stream3_page_reg was removed.  [C:/Users/Saleh/ProjKeTea/Projects/ece441_project/camera_using_external_memory_ece441_2026_02_V1_12/camera_using_external_memory/video.vhd:1165]
WARNING: [Synth 8-6014] Unused sequential element NextAddress_reg was removed.  [C:/Users/Saleh/ProjKeTea/Projects/ece441_project/camera_using_external_memory_ece441_2026_02_V1_12/camera_using_external_memory/video.vhd:1227]
WARNING: [Synth 8-6014] Unused sequential element sobel_line_buffer_reg[1919] was removed.  [C:/Users/Saleh/ProjKeTea/Projects/ece441_project/camera_using_external_memory_ece441_2026_02_V1_12/camera_using_external_memory/effects/sobel.vhd:59]
WARNING: [Synth 8-6014] Unused sequential element sobel_line_buffer_reg[1918] was removed.  [C:/Users/Saleh/ProjKeTea/Projects/ece441_project/camera_using_external_memory_ece441_2026_02_V1_12/camera_using_external_memory/effects/sobel.vhd:59]
WARNING: [Synth 8-6014] Unused sequential element sobel_line_buffer_reg[1917] was removed.  [C:/Users/Saleh/ProjKeTea/Projects/ece441_project/camera_using_external_memory_ece441_2026_02_V1_12/camera_using_external_memory/effects/sobel.vhd:59]
WARNING: [Synth 8-6014] Unused sequential element sobel_line_buffer_reg[1916] was removed.  [C:/Users/Saleh/ProjKeTea/Projects/ece441_project/camera_using_external_memory_ece441_2026_02_V1_12/camera_using_external_memory/effects/sobel.vhd:59]
WARNING: [Synth 8-6014] Unused sequential element sobel_line_buffer_reg[1915] was removed.  [C:/Users/Saleh/ProjKeTea/Projects/ece441_project/camera_using_external_memory_ece441_2026_02_V1_12/camera_using_external_memory/effects/sobel.vhd:59]
WARNING: [Synth 8-6014] Unused sequential element sobel_line_buffer_reg[1914] was removed.  [C:/Users/Saleh/ProjKeTea/Projects/ece441_project/camera_using_external_memory_ece441_2026_02_V1_12/camera_using_external_memory/effects/sobel.vhd:59]
WARNING: [Synth 8-6014] Unused sequential element sobel_line_buffer_reg[1913] was removed.  [C:/Users/Saleh/ProjKeTea/Projects/ece441_project/camera_using_external_memory_ece441_2026_02_V1_12/camera_using_external_memory/effects/sobel.vhd:59]
WARNING: [Synth 8-6014] Unused sequential element sobel_line_buffer_reg[1912] was removed.  [C:/Users/Saleh/ProjKeTea/Projects/ece441_project/camera_using_external_memory_ece441_2026_02_V1_12/camera_using_external_memory/effects/sobel.vhd:59]
WARNING: [Synth 8-6014] Unused sequential element sobel_line_buffer_reg[1911] was removed.  [C:/Users/Saleh/ProjKeTea/Projects/ece441_project/camera_using_external_memory_ece441_2026_02_V1_12/camera_using_external_memory/effects/sobel.vhd:59]
WARNING: [Synth 8-6014] Unused sequential element sobel_line_buffer_reg[1910] was removed.  [C:/Users/Saleh/ProjKeTea/Projects/ece441_project/camera_using_external_memory_ece441_2026_02_V1_12/camera_using_external_memory/effects/sobel.vhd:59]
WARNING: [Synth 8-6014] Unused sequential element sobel_line_buffer_reg[1909] was removed.  [C:/Users/Saleh/ProjKeTea/Projects/ece441_project/camera_using_external_memory_ece441_2026_02_V1_12/camera_using_external_memory/effects/sobel.vhd:59]
WARNING: [Synth 8-6014] Unused sequential element sobel_line_buffer_reg[1908] was removed.  [C:/Users/Saleh/ProjKeTea/Projects/ece441_project/camera_using_external_memory_ece441_2026_02_V1_12/camera_using_external_memory/effects/sobel.vhd:59]
WARNING: [Synth 8-6014] Unused sequential element sobel_line_buffer_reg[1907] was removed.  [C:/Users/Saleh/ProjKeTea/Projects/ece441_project/camera_using_external_memory_ece441_2026_02_V1_12/camera_using_external_memory/effects/sobel.vhd:59]
WARNING: [Synth 8-6014] Unused sequential element sobel_line_buffer_reg[1906] was removed.  [C:/Users/Saleh/ProjKeTea/Projects/ece441_project/camera_using_external_memory_ece441_2026_02_V1_12/camera_using_external_memory/effects/sobel.vhd:59]
WARNING: [Synth 8-6014] Unused sequential element sobel_line_buffer_reg[1905] was removed.  [C:/Users/Saleh/ProjKeTea/Projects/ece441_project/camera_using_external_memory_ece441_2026_02_V1_12/camera_using_external_memory/effects/sobel.vhd:59]
WARNING: [Synth 8-6014] Unused sequential element sobel_line_buffer_reg[1904] was removed.  [C:/Users/Saleh/ProjKeTea/Projects/ece441_project/camera_using_external_memory_ece441_2026_02_V1_12/camera_using_external_memory/effects/sobel.vhd:59]
WARNING: [Synth 8-6014] Unused sequential element sobel_line_buffer_reg[1903] was removed.  [C:/Users/Saleh/ProjKeTea/Projects/ece441_project/camera_using_external_memory_ece441_2026_02_V1_12/camera_using_external_memory/effects/sobel.vhd:59]
WARNING: [Synth 8-6014] Unused sequential element sobel_line_buffer_reg[1902] was removed.  [C:/Users/Saleh/ProjKeTea/Projects/ece441_project/camera_using_external_memory_ece441_2026_02_V1_12/camera_using_external_memory/effects/sobel.vhd:59]
WARNING: [Synth 8-6014] Unused sequential element sobel_line_buffer_reg[1901] was removed.  [C:/Users/Saleh/ProjKeTea/Projects/ece441_project/camera_using_external_memory_ece441_2026_02_V1_12/camera_using_external_memory/effects/sobel.vhd:59]
WARNING: [Synth 8-6014] Unused sequential element sobel_line_buffer_reg[1900] was removed.  [C:/Users/Saleh/ProjKeTea/Projects/ece441_project/camera_using_external_memory_ece441_2026_02_V1_12/camera_using_external_memory/effects/sobel.vhd:59]
WARNING: [Synth 8-6014] Unused sequential element sobel_line_buffer_reg[1899] was removed.  [C:/Users/Saleh/ProjKeTea/Projects/ece441_project/camera_using_external_memory_ece441_2026_02_V1_12/camera_using_external_memory/effects/sobel.vhd:59]
WARNING: [Synth 8-6014] Unused sequential element sobel_line_buffer_reg[1898] was removed.  [C:/Users/Saleh/ProjKeTea/Projects/ece441_project/camera_using_external_memory_ece441_2026_02_V1_12/camera_using_external_memory/effects/sobel.vhd:59]
WARNING: [Synth 8-6014] Unused sequential element sobel_line_buffer_reg[1897] was removed.  [C:/Users/Saleh/ProjKeTea/Projects/ece441_project/camera_using_external_memory_ece441_2026_02_V1_12/camera_using_external_memory/effects/sobel.vhd:59]
WARNING: [Synth 8-6014] Unused sequential element sobel_line_buffer_reg[1896] was removed.  [C:/Users/Saleh/ProjKeTea/Projects/ece441_project/camera_using_external_memory_ece441_2026_02_V1_12/camera_using_external_memory/effects/sobel.vhd:59]
WARNING: [Synth 8-6014] Unused sequential element sobel_line_buffer_reg[1895] was removed.  [C:/Users/Saleh/ProjKeTea/Projects/ece441_project/camera_using_external_memory_ece441_2026_02_V1_12/camera_using_external_memory/effects/sobel.vhd:59]
WARNING: [Synth 8-6014] Unused sequential element sobel_line_buffer_reg[1894] was removed.  [C:/Users/Saleh/ProjKeTea/Projects/ece441_project/camera_using_external_memory_ece441_2026_02_V1_12/camera_using_external_memory/effects/sobel.vhd:59]
WARNING: [Synth 8-6014] Unused sequential element sobel_line_buffer_reg[1893] was removed.  [C:/Users/Saleh/ProjKeTea/Projects/ece441_project/camera_using_external_memory_ece441_2026_02_V1_12/camera_using_external_memory/effects/sobel.vhd:59]
WARNING: [Synth 8-6014] Unused sequential element sobel_line_buffer_reg[1892] was removed.  [C:/Users/Saleh/ProjKeTea/Projects/ece441_project/camera_using_external_memory_ece441_2026_02_V1_12/camera_using_external_memory/effects/sobel.vhd:59]
WARNING: [Synth 8-6014] Unused sequential element sobel_line_buffer_reg[1891] was removed.  [C:/Users/Saleh/ProjKeTea/Projects/ece441_project/camera_using_external_memory_ece441_2026_02_V1_12/camera_using_external_memory/effects/sobel.vhd:59]
WARNING: [Synth 8-6014] Unused sequential element sobel_line_buffer_reg[1890] was removed.  [C:/Users/Saleh/ProjKeTea/Projects/ece441_project/camera_using_external_memory_ece441_2026_02_V1_12/camera_using_external_memory/effects/sobel.vhd:59]
WARNING: [Synth 8-6014] Unused sequential element sobel_line_buffer_reg[1889] was removed.  [C:/Users/Saleh/ProjKeTea/Projects/ece441_project/camera_using_external_memory_ece441_2026_02_V1_12/camera_using_external_memory/effects/sobel.vhd:59]
WARNING: [Synth 8-6014] Unused sequential element sobel_line_buffer_reg[1888] was removed.  [C:/Users/Saleh/ProjKeTea/Projects/ece441_project/camera_using_external_memory_ece441_2026_02_V1_12/camera_using_external_memory/effects/sobel.vhd:59]
WARNING: [Synth 8-6014] Unused sequential element sobel_line_buffer_reg[1887] was removed.  [C:/Users/Saleh/ProjKeTea/Projects/ece441_project/camera_using_external_memory_ece441_2026_02_V1_12/camera_using_external_memory/effects/sobel.vhd:59]
WARNING: [Synth 8-6014] Unused sequential element sobel_line_buffer_reg[1886] was removed.  [C:/Users/Saleh/ProjKeTea/Projects/ece441_project/camera_using_external_memory_ece441_2026_02_V1_12/camera_using_external_memory/effects/sobel.vhd:59]
WARNING: [Synth 8-6014] Unused sequential element sobel_line_buffer_reg[1885] was removed.  [C:/Users/Saleh/ProjKeTea/Projects/ece441_project/camera_using_external_memory_ece441_2026_02_V1_12/camera_using_external_memory/effects/sobel.vhd:59]
WARNING: [Synth 8-6014] Unused sequential element sobel_line_buffer_reg[1884] was removed.  [C:/Users/Saleh/ProjKeTea/Projects/ece441_project/camera_using_external_memory_ece441_2026_02_V1_12/camera_using_external_memory/effects/sobel.vhd:59]
WARNING: [Synth 8-6014] Unused sequential element sobel_line_buffer_reg[1883] was removed.  [C:/Users/Saleh/ProjKeTea/Projects/ece441_project/camera_using_external_memory_ece441_2026_02_V1_12/camera_using_external_memory/effects/sobel.vhd:59]
WARNING: [Synth 8-6014] Unused sequential element sobel_line_buffer_reg[1882] was removed.  [C:/Users/Saleh/ProjKeTea/Projects/ece441_project/camera_using_external_memory_ece441_2026_02_V1_12/camera_using_external_memory/effects/sobel.vhd:59]
WARNING: [Synth 8-6014] Unused sequential element sobel_line_buffer_reg[1881] was removed.  [C:/Users/Saleh/ProjKeTea/Projects/ece441_project/camera_using_external_memory_ece441_2026_02_V1_12/camera_using_external_memory/effects/sobel.vhd:59]
WARNING: [Synth 8-6014] Unused sequential element sobel_line_buffer_reg[1880] was removed.  [C:/Users/Saleh/ProjKeTea/Projects/ece441_project/camera_using_external_memory_ece441_2026_02_V1_12/camera_using_external_memory/effects/sobel.vhd:59]
WARNING: [Synth 8-6014] Unused sequential element sobel_line_buffer_reg[1879] was removed.  [C:/Users/Saleh/ProjKeTea/Projects/ece441_project/camera_using_external_memory_ece441_2026_02_V1_12/camera_using_external_memory/effects/sobel.vhd:59]
WARNING: [Synth 8-6014] Unused sequential element sobel_line_buffer_reg[1878] was removed.  [C:/Users/Saleh/ProjKeTea/Projects/ece441_project/camera_using_external_memory_ece441_2026_02_V1_12/camera_using_external_memory/effects/sobel.vhd:59]
WARNING: [Synth 8-6014] Unused sequential element sobel_line_buffer_reg[1877] was removed.  [C:/Users/Saleh/ProjKeTea/Projects/ece441_project/camera_using_external_memory_ece441_2026_02_V1_12/camera_using_external_memory/effects/sobel.vhd:59]
WARNING: [Synth 8-6014] Unused sequential element sobel_line_buffer_reg[1876] was removed.  [C:/Users/Saleh/ProjKeTea/Projects/ece441_project/camera_using_external_memory_ece441_2026_02_V1_12/camera_using_external_memory/effects/sobel.vhd:59]
WARNING: [Synth 8-6014] Unused sequential element sobel_line_buffer_reg[1875] was removed.  [C:/Users/Saleh/ProjKeTea/Projects/ece441_project/camera_using_external_memory_ece441_2026_02_V1_12/camera_using_external_memory/effects/sobel.vhd:59]
WARNING: [Synth 8-6014] Unused sequential element sobel_line_buffer_reg[1874] was removed.  [C:/Users/Saleh/ProjKeTea/Projects/ece441_project/camera_using_external_memory_ece441_2026_02_V1_12/camera_using_external_memory/effects/sobel.vhd:59]
WARNING: [Synth 8-6014] Unused sequential element sobel_line_buffer_reg[1873] was removed.  [C:/Users/Saleh/ProjKeTea/Projects/ece441_project/camera_using_external_memory_ece441_2026_02_V1_12/camera_using_external_memory/effects/sobel.vhd:59]
WARNING: [Synth 8-6014] Unused sequential element sobel_line_buffer_reg[1872] was removed.  [C:/Users/Saleh/ProjKeTea/Projects/ece441_project/camera_using_external_memory_ece441_2026_02_V1_12/camera_using_external_memory/effects/sobel.vhd:59]
WARNING: [Synth 8-6014] Unused sequential element sobel_line_buffer_reg[1871] was removed.  [C:/Users/Saleh/ProjKeTea/Projects/ece441_project/camera_using_external_memory_ece441_2026_02_V1_12/camera_using_external_memory/effects/sobel.vhd:59]
WARNING: [Synth 8-6014] Unused sequential element sobel_line_buffer_reg[1870] was removed.  [C:/Users/Saleh/ProjKeTea/Projects/ece441_project/camera_using_external_memory_ece441_2026_02_V1_12/camera_using_external_memory/effects/sobel.vhd:59]
WARNING: [Synth 8-6014] Unused sequential element sobel_line_buffer_reg[1869] was removed.  [C:/Users/Saleh/ProjKeTea/Projects/ece441_project/camera_using_external_memory_ece441_2026_02_V1_12/camera_using_external_memory/effects/sobel.vhd:59]
WARNING: [Synth 8-6014] Unused sequential element sobel_line_buffer_reg[1868] was removed.  [C:/Users/Saleh/ProjKeTea/Projects/ece441_project/camera_using_external_memory_ece441_2026_02_V1_12/camera_using_external_memory/effects/sobel.vhd:59]
WARNING: [Synth 8-6014] Unused sequential element sobel_line_buffer_reg[1867] was removed.  [C:/Users/Saleh/ProjKeTea/Projects/ece441_project/camera_using_external_memory_ece441_2026_02_V1_12/camera_using_external_memory/effects/sobel.vhd:59]
WARNING: [Synth 8-6014] Unused sequential element sobel_line_buffer_reg[1866] was removed.  [C:/Users/Saleh/ProjKeTea/Projects/ece441_project/camera_using_external_memory_ece441_2026_02_V1_12/camera_using_external_memory/effects/sobel.vhd:59]
WARNING: [Synth 8-6014] Unused sequential element sobel_line_buffer_reg[1865] was removed.  [C:/Users/Saleh/ProjKeTea/Projects/ece441_project/camera_using_external_memory_ece441_2026_02_V1_12/camera_using_external_memory/effects/sobel.vhd:59]
WARNING: [Synth 8-6014] Unused sequential element sobel_line_buffer_reg[1864] was removed.  [C:/Users/Saleh/ProjKeTea/Projects/ece441_project/camera_using_external_memory_ece441_2026_02_V1_12/camera_using_external_memory/effects/sobel.vhd:59]
WARNING: [Synth 8-6014] Unused sequential element sobel_line_buffer_reg[1863] was removed.  [C:/Users/Saleh/ProjKeTea/Projects/ece441_project/camera_using_external_memory_ece441_2026_02_V1_12/camera_using_external_memory/effects/sobel.vhd:59]
WARNING: [Synth 8-6014] Unused sequential element sobel_line_buffer_reg[1862] was removed.  [C:/Users/Saleh/ProjKeTea/Projects/ece441_project/camera_using_external_memory_ece441_2026_02_V1_12/camera_using_external_memory/effects/sobel.vhd:59]
WARNING: [Synth 8-6014] Unused sequential element sobel_line_buffer_reg[1861] was removed.  [C:/Users/Saleh/ProjKeTea/Projects/ece441_project/camera_using_external_memory_ece441_2026_02_V1_12/camera_using_external_memory/effects/sobel.vhd:59]
WARNING: [Synth 8-6014] Unused sequential element sobel_line_buffer_reg[1860] was removed.  [C:/Users/Saleh/ProjKeTea/Projects/ece441_project/camera_using_external_memory_ece441_2026_02_V1_12/camera_using_external_memory/effects/sobel.vhd:59]
WARNING: [Synth 8-6014] Unused sequential element sobel_line_buffer_reg[1859] was removed.  [C:/Users/Saleh/ProjKeTea/Projects/ece441_project/camera_using_external_memory_ece441_2026_02_V1_12/camera_using_external_memory/effects/sobel.vhd:59]
WARNING: [Synth 8-6014] Unused sequential element sobel_line_buffer_reg[1858] was removed.  [C:/Users/Saleh/ProjKeTea/Projects/ece441_project/camera_using_external_memory_ece441_2026_02_V1_12/camera_using_external_memory/effects/sobel.vhd:59]
WARNING: [Synth 8-6014] Unused sequential element sobel_line_buffer_reg[1857] was removed.  [C:/Users/Saleh/ProjKeTea/Projects/ece441_project/camera_using_external_memory_ece441_2026_02_V1_12/camera_using_external_memory/effects/sobel.vhd:59]
WARNING: [Synth 8-6014] Unused sequential element sobel_line_buffer_reg[1856] was removed.  [C:/Users/Saleh/ProjKeTea/Projects/ece441_project/camera_using_external_memory_ece441_2026_02_V1_12/camera_using_external_memory/effects/sobel.vhd:59]
WARNING: [Synth 8-6014] Unused sequential element sobel_line_buffer_reg[1855] was removed.  [C:/Users/Saleh/ProjKeTea/Projects/ece441_project/camera_using_external_memory_ece441_2026_02_V1_12/camera_using_external_memory/effects/sobel.vhd:59]
WARNING: [Synth 8-6014] Unused sequential element sobel_line_buffer_reg[1854] was removed.  [C:/Users/Saleh/ProjKeTea/Projects/ece441_project/camera_using_external_memory_ece441_2026_02_V1_12/camera_using_external_memory/effects/sobel.vhd:59]
WARNING: [Synth 8-6014] Unused sequential element sobel_line_buffer_reg[1853] was removed.  [C:/Users/Saleh/ProjKeTea/Projects/ece441_project/camera_using_external_memory_ece441_2026_02_V1_12/camera_using_external_memory/effects/sobel.vhd:59]
WARNING: [Synth 8-6014] Unused sequential element sobel_line_buffer_reg[1852] was removed.  [C:/Users/Saleh/ProjKeTea/Projects/ece441_project/camera_using_external_memory_ece441_2026_02_V1_12/camera_using_external_memory/effects/sobel.vhd:59]
WARNING: [Synth 8-6014] Unused sequential element sobel_line_buffer_reg[1851] was removed.  [C:/Users/Saleh/ProjKeTea/Projects/ece441_project/camera_using_external_memory_ece441_2026_02_V1_12/camera_using_external_memory/effects/sobel.vhd:59]
WARNING: [Synth 8-6014] Unused sequential element sobel_line_buffer_reg[1850] was removed.  [C:/Users/Saleh/ProjKeTea/Projects/ece441_project/camera_using_external_memory_ece441_2026_02_V1_12/camera_using_external_memory/effects/sobel.vhd:59]
WARNING: [Synth 8-6014] Unused sequential element sobel_line_buffer_reg[1849] was removed.  [C:/Users/Saleh/ProjKeTea/Projects/ece441_project/camera_using_external_memory_ece441_2026_02_V1_12/camera_using_external_memory/effects/sobel.vhd:59]
WARNING: [Synth 8-6014] Unused sequential element sobel_line_buffer_reg[1848] was removed.  [C:/Users/Saleh/ProjKeTea/Projects/ece441_project/camera_using_external_memory_ece441_2026_02_V1_12/camera_using_external_memory/effects/sobel.vhd:59]
WARNING: [Synth 8-6014] Unused sequential element sobel_line_buffer_reg[1847] was removed.  [C:/Users/Saleh/ProjKeTea/Projects/ece441_project/camera_using_external_memory_ece441_2026_02_V1_12/camera_using_external_memory/effects/sobel.vhd:59]
WARNING: [Synth 8-6014] Unused sequential element sobel_line_buffer_reg[1846] was removed.  [C:/Users/Saleh/ProjKeTea/Projects/ece441_project/camera_using_external_memory_ece441_2026_02_V1_12/camera_using_external_memory/effects/sobel.vhd:59]
WARNING: [Synth 8-6014] Unused sequential element sobel_line_buffer_reg[1845] was removed.  [C:/Users/Saleh/ProjKeTea/Projects/ece441_project/camera_using_external_memory_ece441_2026_02_V1_12/camera_using_external_memory/effects/sobel.vhd:59]
WARNING: [Synth 8-6014] Unused sequential element sobel_line_buffer_reg[1844] was removed.  [C:/Users/Saleh/ProjKeTea/Projects/ece441_project/camera_using_external_memory_ece441_2026_02_V1_12/camera_using_external_memory/effects/sobel.vhd:59]
WARNING: [Synth 8-6014] Unused sequential element sobel_line_buffer_reg[1843] was removed.  [C:/Users/Saleh/ProjKeTea/Projects/ece441_project/camera_using_external_memory_ece441_2026_02_V1_12/camera_using_external_memory/effects/sobel.vhd:59]
WARNING: [Synth 8-6014] Unused sequential element sobel_line_buffer_reg[1842] was removed.  [C:/Users/Saleh/ProjKeTea/Projects/ece441_project/camera_using_external_memory_ece441_2026_02_V1_12/camera_using_external_memory/effects/sobel.vhd:59]
WARNING: [Synth 8-6014] Unused sequential element sobel_line_buffer_reg[1841] was removed.  [C:/Users/Saleh/ProjKeTea/Projects/ece441_project/camera_using_external_memory_ece441_2026_02_V1_12/camera_using_external_memory/effects/sobel.vhd:59]
WARNING: [Synth 8-6014] Unused sequential element sobel_line_buffer_reg[1840] was removed.  [C:/Users/Saleh/ProjKeTea/Projects/ece441_project/camera_using_external_memory_ece441_2026_02_V1_12/camera_using_external_memory/effects/sobel.vhd:59]
WARNING: [Synth 8-6014] Unused sequential element sobel_line_buffer_reg[1839] was removed.  [C:/Users/Saleh/ProjKeTea/Projects/ece441_project/camera_using_external_memory_ece441_2026_02_V1_12/camera_using_external_memory/effects/sobel.vhd:59]
WARNING: [Synth 8-6014] Unused sequential element sobel_line_buffer_reg[1838] was removed.  [C:/Users/Saleh/ProjKeTea/Projects/ece441_project/camera_using_external_memory_ece441_2026_02_V1_12/camera_using_external_memory/effects/sobel.vhd:59]
WARNING: [Synth 8-6014] Unused sequential element sobel_line_buffer_reg[1837] was removed.  [C:/Users/Saleh/ProjKeTea/Projects/ece441_project/camera_using_external_memory_ece441_2026_02_V1_12/camera_using_external_memory/effects/sobel.vhd:59]
WARNING: [Synth 8-6014] Unused sequential element sobel_line_buffer_reg[1836] was removed.  [C:/Users/Saleh/ProjKeTea/Projects/ece441_project/camera_using_external_memory_ece441_2026_02_V1_12/camera_using_external_memory/effects/sobel.vhd:59]
WARNING: [Synth 8-6014] Unused sequential element sobel_line_buffer_reg[1835] was removed.  [C:/Users/Saleh/ProjKeTea/Projects/ece441_project/camera_using_external_memory_ece441_2026_02_V1_12/camera_using_external_memory/effects/sobel.vhd:59]
WARNING: [Synth 8-6014] Unused sequential element sobel_line_buffer_reg[1834] was removed.  [C:/Users/Saleh/ProjKeTea/Projects/ece441_project/camera_using_external_memory_ece441_2026_02_V1_12/camera_using_external_memory/effects/sobel.vhd:59]
WARNING: [Synth 8-6014] Unused sequential element sobel_line_buffer_reg[1833] was removed.  [C:/Users/Saleh/ProjKeTea/Projects/ece441_project/camera_using_external_memory_ece441_2026_02_V1_12/camera_using_external_memory/effects/sobel.vhd:59]
WARNING: [Synth 8-6014] Unused sequential element sobel_line_buffer_reg[1832] was removed.  [C:/Users/Saleh/ProjKeTea/Projects/ece441_project/camera_using_external_memory_ece441_2026_02_V1_12/camera_using_external_memory/effects/sobel.vhd:59]
WARNING: [Synth 8-6014] Unused sequential element sobel_line_buffer_reg[1831] was removed.  [C:/Users/Saleh/ProjKeTea/Projects/ece441_project/camera_using_external_memory_ece441_2026_02_V1_12/camera_using_external_memory/effects/sobel.vhd:59]
WARNING: [Synth 8-6014] Unused sequential element sobel_line_buffer_reg[1830] was removed.  [C:/Users/Saleh/ProjKeTea/Projects/ece441_project/camera_using_external_memory_ece441_2026_02_V1_12/camera_using_external_memory/effects/sobel.vhd:59]
WARNING: [Synth 8-6014] Unused sequential element sobel_line_buffer_reg[1829] was removed.  [C:/Users/Saleh/ProjKeTea/Projects/ece441_project/camera_using_external_memory_ece441_2026_02_V1_12/camera_using_external_memory/effects/sobel.vhd:59]
WARNING: [Synth 8-6014] Unused sequential element sobel_line_buffer_reg[1828] was removed.  [C:/Users/Saleh/ProjKeTea/Projects/ece441_project/camera_using_external_memory_ece441_2026_02_V1_12/camera_using_external_memory/effects/sobel.vhd:59]
INFO: [Common 17-14] Message 'Synth 8-6014' appears 100 times and further instances of the messages will be disabled. Use the Tcl command set_msg_config to change the current settings.
WARNING: [Synth 8-7129] Port RGBin[9] in module binary_filter is either unconnected or has no load
WARNING: [Synth 8-7129] Port RGBin[8] in module binary_filter is either unconnected or has no load
WARNING: [Synth 8-7129] Port RGBin[5] in module binary_filter is either unconnected or has no load
WARNING: [Synth 8-7129] Port RGBin[4] in module binary_filter is either unconnected or has no load
WARNING: [Synth 8-7129] Port RGBin[1] in module binary_filter is either unconnected or has no load
WARNING: [Synth 8-7129] Port RGBin[0] in module binary_filter is either unconnected or has no load
WARNING: [Synth 8-7129] Port filter_options[2] in module sobel_filter is either unconnected or has no load
WARNING: [Synth 8-7129] Port RGBin[9] in module RGBtoGray is either unconnected or has no load
WARNING: [Synth 8-7129] Port RGBin[8] in module RGBtoGray is either unconnected or has no load
WARNING: [Synth 8-7129] Port RGBin[5] in module RGBtoGray is either unconnected or has no load
WARNING: [Synth 8-7129] Port RGBin[4] in module RGBtoGray is either unconnected or has no load
WARNING: [Synth 8-7129] Port RGBin[1] in module RGBtoGray is either unconnected or has no load
WARNING: [Synth 8-7129] Port RGBin[0] in module RGBtoGray is either unconnected or has no load
WARNING: [Synth 8-7129] Port replay_video in module video is either unconnected or has no load
WARNING: [Synth 8-7129] Port QSPI_HLD in module video is either unconnected or has no load
---------------------------------------------------------------------------------
Finished RTL Elaboration : Time (s): cpu = 00:00:13 ; elapsed = 00:00:14 . Memory (MB): peak = 1591.617 ; gain = 831.660
---------------------------------------------------------------------------------
---------------------------------------------------------------------------------
Start Handling Custom Attributes
---------------------------------------------------------------------------------
---------------------------------------------------------------------------------
Finished Handling Custom Attributes : Time (s): cpu = 00:00:13 ; elapsed = 00:00:14 . Memory (MB): peak = 1591.617 ; gain = 831.660
---------------------------------------------------------------------------------
---------------------------------------------------------------------------------
Finished RTL Optimization Phase 1 : Time (s): cpu = 00:00:13 ; elapsed = 00:00:14 . Memory (MB): peak = 1591.617 ; gain = 831.660
---------------------------------------------------------------------------------
Netlist sorting complete. Time (s): cpu = 00:00:00 ; elapsed = 00:00:00.463 . Memory (MB): peak = 1591.617 ; gain = 0.000
INFO: [Netlist 29-17] Analyzing 1 Unisim elements for replacement
INFO: [Netlist 29-28] Unisim Transformation completed in 1 CPU seconds
INFO: [Project 1-570] Preparing netlist for logic optimization

Processing XDC Constraints
Initializing timing engine
Parsing XDC File [c:/Users/Saleh/ProjKeTea/Projects/ece441_project/camera_using_external_memory_ece441_2026_02_V1_12/camera_using_external_memory/camera_using_external_memory.gen/sources_1/ip/line_buffer/line_buffer/line_buffer_in_context.xdc] for cell 'camera_video/camera_data_even_line'
Finished Parsing XDC File [c:/Users/Saleh/ProjKeTea/Projects/ece441_project/camera_using_external_memory_ece441_2026_02_V1_12/camera_using_external_memory/camera_using_external_memory.gen/sources_1/ip/line_buffer/line_buffer/line_buffer_in_context.xdc] for cell 'camera_video/camera_data_even_line'
Parsing XDC File [c:/Users/Saleh/ProjKeTea/Projects/ece441_project/camera_using_external_memory_ece441_2026_02_V1_12/camera_using_external_memory/camera_using_external_memory.gen/sources_1/ip/line_buffer/line_buffer/line_buffer_in_context.xdc] for cell 'camera_video/camera_data_odd_line'
Finished Parsing XDC File [c:/Users/Saleh/ProjKeTea/Projects/ece441_project/camera_using_external_memory_ece441_2026_02_V1_12/camera_using_external_memory/camera_using_external_memory.gen/sources_1/ip/line_buffer/line_buffer/line_buffer_in_context.xdc] for cell 'camera_video/camera_data_odd_line'
Parsing XDC File [c:/Users/Saleh/ProjKeTea/Projects/ece441_project/camera_using_external_memory_ece441_2026_02_V1_12/camera_using_external_memory/camera_using_external_memory.gen/sources_1/ip/line_buffer/line_buffer/line_buffer_in_context.xdc] for cell 'camera_video/stream1_even_line_out'
Finished Parsing XDC File [c:/Users/Saleh/ProjKeTea/Projects/ece441_project/camera_using_external_memory_ece441_2026_02_V1_12/camera_using_external_memory/camera_using_external_memory.gen/sources_1/ip/line_buffer/line_buffer/line_buffer_in_context.xdc] for cell 'camera_video/stream1_even_line_out'
Parsing XDC File [c:/Users/Saleh/ProjKeTea/Projects/ece441_project/camera_using_external_memory_ece441_2026_02_V1_12/camera_using_external_memory/camera_using_external_memory.gen/sources_1/ip/line_buffer/line_buffer/line_buffer_in_context.xdc] for cell 'camera_video/stream1_odd_line_out'
Finished Parsing XDC File [c:/Users/Saleh/ProjKeTea/Projects/ece441_project/camera_using_external_memory_ece441_2026_02_V1_12/camera_using_external_memory/camera_using_external_memory.gen/sources_1/ip/line_buffer/line_buffer/line_buffer_in_context.xdc] for cell 'camera_video/stream1_odd_line_out'
Parsing XDC File [c:/Users/Saleh/ProjKeTea/Projects/ece441_project/camera_using_external_memory_ece441_2026_02_V1_12/camera_using_external_memory/camera_using_external_memory.gen/sources_1/ip/line_buffer/line_buffer/line_buffer_in_context.xdc] for cell 'camera_video/stream2_out_odd'
Finished Parsing XDC File [c:/Users/Saleh/ProjKeTea/Projects/ece441_project/camera_using_external_memory_ece441_2026_02_V1_12/camera_using_external_memory/camera_using_external_memory.gen/sources_1/ip/line_buffer/line_buffer/line_buffer_in_context.xdc] for cell 'camera_video/stream2_out_odd'
Parsing XDC File [c:/Users/Saleh/ProjKeTea/Projects/ece441_project/camera_using_external_memory_ece441_2026_02_V1_12/camera_using_external_memory/camera_using_external_memory.gen/sources_1/ip/line_buffer/line_buffer/line_buffer_in_context.xdc] for cell 'camera_video/stream2_out_even'
Finished Parsing XDC File [c:/Users/Saleh/ProjKeTea/Projects/ece441_project/camera_using_external_memory_ece441_2026_02_V1_12/camera_using_external_memory/camera_using_external_memory.gen/sources_1/ip/line_buffer/line_buffer/line_buffer_in_context.xdc] for cell 'camera_video/stream2_out_even'
Parsing XDC File [c:/Users/Saleh/ProjKeTea/Projects/ece441_project/camera_using_external_memory_ece441_2026_02_V1_12/camera_using_external_memory/camera_using_external_memory.gen/sources_1/ip/line_buffer/line_buffer/line_buffer_in_context.xdc] for cell 'camera_video/stream3_out_odd'
Finished Parsing XDC File [c:/Users/Saleh/ProjKeTea/Projects/ece441_project/camera_using_external_memory_ece441_2026_02_V1_12/camera_using_external_memory/camera_using_external_memory.gen/sources_1/ip/line_buffer/line_buffer/line_buffer_in_context.xdc] for cell 'camera_video/stream3_out_odd'
Parsing XDC File [c:/Users/Saleh/ProjKeTea/Projects/ece441_project/camera_using_external_memory_ece441_2026_02_V1_12/camera_using_external_memory/camera_using_external_memory.gen/sources_1/ip/line_buffer/line_buffer/line_buffer_in_context.xdc] for cell 'camera_video/stream3_out_even'
Finished Parsing XDC File [c:/Users/Saleh/ProjKeTea/Projects/ece441_project/camera_using_external_memory_ece441_2026_02_V1_12/camera_using_external_memory/camera_using_external_memory.gen/sources_1/ip/line_buffer/line_buffer/line_buffer_in_context.xdc] for cell 'camera_video/stream3_out_even'
Parsing XDC File [c:/Users/Saleh/ProjKeTea/Projects/ece441_project/camera_using_external_memory_ece441_2026_02_V1_12/camera_using_external_memory/camera_using_external_memory.gen/sources_1/ip/clk_wiz_0/clk_wiz_0/clk_wiz_0_in_context.xdc] for cell 'camera_video/xtime'
Finished Parsing XDC File [c:/Users/Saleh/ProjKeTea/Projects/ece441_project/camera_using_external_memory_ece441_2026_02_V1_12/camera_using_external_memory/camera_using_external_memory.gen/sources_1/ip/clk_wiz_0/clk_wiz_0/clk_wiz_0_in_context.xdc] for cell 'camera_video/xtime'
Parsing XDC File [C:/Users/Saleh/ProjKeTea/Projects/ece441_project/camera_using_external_memory_ece441_2026_02_V1_12/camera_using_external_memory/basys_constraints.xdc]
Finished Parsing XDC File [C:/Users/Saleh/ProjKeTea/Projects/ece441_project/camera_using_external_memory_ece441_2026_02_V1_12/camera_using_external_memory/basys_constraints.xdc]
INFO: [Project 1-236] Implementation specific constraints were found while reading constraint file [C:/Users/Saleh/ProjKeTea/Projects/ece441_project/camera_using_external_memory_ece441_2026_02_V1_12/camera_using_external_memory/basys_constraints.xdc]. These constraints will be ignored for synthesis but will be used in implementation. Impacted constraints are listed in the file [.Xil/camera_propImpl.xdc].
Resolution: To avoid this warning, move constraints listed in [.Xil/camera_propImpl.xdc] to another XDC file and exclude this new file from synthesis with the used_in_synthesis property (File Properties dialog in GUI) and re-run elaboration/synthesis.
Completed Processing XDC Constraints

Netlist sorting complete. Time (s): cpu = 00:00:00 ; elapsed = 00:00:00.019 . Memory (MB): peak = 1646.812 ; gain = 0.000
INFO: [Project 1-111] Unisim Transformation Summary:
No Unisim elements were transformed.

Constraint Validation Runtime : Time (s): cpu = 00:00:00 ; elapsed = 00:00:00.240 . Memory (MB): peak = 1646.812 ; gain = 0.000
INFO: [Designutils 20-5440] No compile time benefit to using incremental synthesis; A full resynthesis will be run
INFO: [Designutils 20-4379] Flow is switching to default flow due to incremental criteria not met. If you would like to alter this behaviour and have the flow terminate instead, please set the following parameter config_implementation {autoIncr.Synth.RejectBehavior Terminate}
---------------------------------------------------------------------------------
Finished Constraint Validation : Time (s): cpu = 00:00:28 ; elapsed = 00:00:29 . Memory (MB): peak = 1646.812 ; gain = 886.855
---------------------------------------------------------------------------------
---------------------------------------------------------------------------------
Start Loading Part and Timing Information
---------------------------------------------------------------------------------
Loading part: xc7a100tcsg324-1
---------------------------------------------------------------------------------
Finished Loading Part and Timing Information : Time (s): cpu = 00:00:28 ; elapsed = 00:00:29 . Memory (MB): peak = 1646.812 ; gain = 886.855
---------------------------------------------------------------------------------
---------------------------------------------------------------------------------
Start Applying 'set_property' XDC Constraints
---------------------------------------------------------------------------------
WARNING: set_property IS_IP_OOC_CELL could not find object (constraint file  c:/Users/Saleh/ProjKeTea/Projects/ece441_project/camera_using_external_memory_ece441_2026_02_V1_12/camera_using_external_memory/camera_using_external_memory.gen/sources_1/ip/line_buffer/line_buffer/line_buffer_in_context.xdc, line 3).
WARNING: set_property KEEP_HIERARCHY could not find object (constraint file  auto generated constraint, line ).
---------------------------------------------------------------------------------
Finished applying 'set_property' XDC Constraints : Time (s): cpu = 00:00:28 ; elapsed = 00:00:29 . Memory (MB): peak = 1646.812 ; gain = 886.855
---------------------------------------------------------------------------------
WARNING: [Synth 8-3936] Found unconnected internal register 'picture_process.data_in_reg' and it is trimmed from '96' to '95' bits. [C:/Users/Saleh/ProjKeTea/Projects/ece441_project/camera_using_external_memory_ece441_2026_02_V1_12/camera_using_external_memory/video.vhd:541]
INFO: [Synth 8-802] inferred FSM for state register 'state_reg' in module 'video'
INFO: [Synth 8-802] inferred FSM for state register 'cState_reg' in module 'video'
---------------------------------------------------------------------------------------------------
                   State |                     New Encoding |                Previous Encoding 
---------------------------------------------------------------------------------------------------
*
                iSTATE12 |                             0000 |                          0000000
                iSTATE11 |                             0001 |                          0000001
                 iSTATE8 |                             0010 |                          0000010
                 iSTATE7 |                             0011 |                          0000100
                 iSTATE5 |                             0100 |                          0000101
                 iSTATE2 |                             0101 |                          0000110
                  iSTATE |                             0110 |                          0000111
                 iSTATE1 |                             0111 |                          0001000
                 iSTATE4 |                             1000 |                          1010000
                 iSTATE3 |                             1001 |                          1010001
                 iSTATE0 |                             1010 |                          0001001
                iSTATE10 |                             1011 |                          0001010
                 iSTATE9 |                             1100 |                          0001011
                 iSTATE6 |                             1101 |                          0000011
---------------------------------------------------------------------------------------------------
INFO: [Synth 8-3354] encoded FSM with state register 'state_reg' using encoding 'sequential' in module 'video'
---------------------------------------------------------------------------------------------------
                   State |                     New Encoding |                Previous Encoding 
---------------------------------------------------------------------------------------------------
                  idle_t |                             0110 |                             0000
           stream1read_t |                             1001 |                             0001
       stream1readwait_t |                             0100 |                             0010
         camwritestart_t |                             0000 |                             0011
          camwritedata_t |                             0001 |                             0100
           camwritecmd_t |                             0011 |                             0101
           stream2init_t |                             0010 |                             0110
           stream2read_t |                             1010 |                             0111
       stream2readwait_t |                             1011 |                             1000
           stream3init_t |                             1100 |                             1001
           stream3read_t |                             1000 |                             1010
       stream3readwait_t |                             0111 |                             1011
              finished_t |                             0101 |                             1100
---------------------------------------------------------------------------------------------------
INFO: [Synth 8-3354] encoded FSM with state register 'cState_reg' using encoding 'sequential' in module 'video'
---------------------------------------------------------------------------------
Finished RTL Optimization Phase 2 : Time (s): cpu = 00:00:59 ; elapsed = 00:01:01 . Memory (MB): peak = 1646.812 ; gain = 886.855
---------------------------------------------------------------------------------
---------------------------------------------------------------------------------
Start RTL Component Statistics 
---------------------------------------------------------------------------------
Detailed RTL Component Info : 
+---Adders : 
	   2 Input   18 Bit       Adders := 1     
	   2 Input   17 Bit       Adders := 1     
	   2 Input   15 Bit       Adders := 2     
	   2 Input   13 Bit       Adders := 1     
	   2 Input   12 Bit       Adders := 4     
	   2 Input   11 Bit       Adders := 7     
	   2 Input   10 Bit       Adders := 14    
	   2 Input    9 Bit       Adders := 2     
	   2 Input    8 Bit       Adders := 4     
	   2 Input    7 Bit       Adders := 76    
	   3 Input    7 Bit       Adders := 2     
	   2 Input    6 Bit       Adders := 3     
	   3 Input    6 Bit       Adders := 4     
	   2 Input    5 Bit       Adders := 2     
	   5 Input    5 Bit       Adders := 1     
	   2 Input    4 Bit       Adders := 4     
	   3 Input    4 Bit       Adders := 4     
	   2 Input    3 Bit       Adders := 8     
+---XORs : 
	   2 Input     16 Bit         XORs := 1     
	   2 Input     12 Bit         XORs := 1     
	   2 Input      1 Bit         XORs := 1     
+---Registers : 
	             1024 Bit    Registers := 1     
	               96 Bit    Registers := 9     
	               95 Bit    Registers := 1     
	               40 Bit    Registers := 1     
	               32 Bit    Registers := 131   
	               24 Bit    Registers := 3     
	               16 Bit    Registers := 2     
	               13 Bit    Registers := 1     
	               12 Bit    Registers := 64    
	               11 Bit    Registers := 3     
	               10 Bit    Registers := 4     
	                9 Bit    Registers := 1     
	                8 Bit    Registers := 6     
	                7 Bit    Registers := 137   
	                6 Bit    Registers := 2     
	                5 Bit    Registers := 2     
	                4 Bit    Registers := 3855  
	                3 Bit    Registers := 10    
	                2 Bit    Registers := 1     
	                1 Bit    Registers := 71    
+---RAMs : 
	               8K Bit	(8 X 1024 bit)          RAMs := 1     
+---Muxes : 
	  12 Input 1024 Bit        Muxes := 1     
	   2 Input 1024 Bit        Muxes := 3     
	   2 Input   96 Bit        Muxes := 14    
	   2 Input   40 Bit        Muxes := 2     
	   8 Input   40 Bit        Muxes := 1     
	  85 Input   32 Bit        Muxes := 1     
	   2 Input   32 Bit        Muxes := 3     
	  15 Input   32 Bit        Muxes := 1     
	   2 Input   24 Bit        Muxes := 1     
	   2 Input   16 Bit        Muxes := 4     
	   2 Input   13 Bit        Muxes := 4     
	  15 Input   13 Bit        Muxes := 1     
	   2 Input   12 Bit        Muxes := 536   
	   3 Input   12 Bit        Muxes := 4     
	   4 Input   12 Bit        Muxes := 1     
	   6 Input   12 Bit        Muxes := 1     
	   2 Input   11 Bit        Muxes := 4     
	   4 Input   10 Bit        Muxes := 1     
	   2 Input   10 Bit        Muxes := 11    
	   2 Input    8 Bit        Muxes := 6     
	  12 Input    8 Bit        Muxes := 1     
	   3 Input    8 Bit        Muxes := 1     
	   8 Input    8 Bit        Muxes := 2     
	   2 Input    7 Bit        Muxes := 333   
	   4 Input    7 Bit        Muxes := 2     
	   3 Input    7 Bit        Muxes := 1     
	   8 Input    7 Bit        Muxes := 1     
	  14 Input    7 Bit        Muxes := 1     
	  13 Input    7 Bit        Muxes := 2     
	   4 Input    6 Bit        Muxes := 1     
	   2 Input    6 Bit        Muxes := 1     
	   2 Input    5 Bit        Muxes := 1     
	   4 Input    5 Bit        Muxes := 1     
	   2 Input    4 Bit        Muxes := 55    
	   6 Input    4 Bit        Muxes := 2     
	   4 Input    4 Bit        Muxes := 1     
	  15 Input    4 Bit        Muxes := 1     
	  13 Input    4 Bit        Muxes := 1     
	   3 Input    3 Bit        Muxes := 1     
	   2 Input    3 Bit        Muxes := 6     
	   4 Input    3 Bit        Muxes := 2     
	   3 Input    2 Bit        Muxes := 1     
	   2 Input    2 Bit        Muxes := 4     
	   4 Input    2 Bit        Muxes := 1     
	   2 Input    1 Bit        Muxes := 91    
	   5 Input    1 Bit        Muxes := 3     
	   7 Input    1 Bit        Muxes := 130   
	  13 Input    1 Bit        Muxes := 12    
	  11 Input    1 Bit        Muxes := 2     
	   8 Input    1 Bit        Muxes := 1     
	   4 Input    1 Bit        Muxes := 4     
	   6 Input    1 Bit        Muxes := 2     
	  15 Input    1 Bit        Muxes := 22    
	  14 Input    1 Bit        Muxes := 5     
---------------------------------------------------------------------------------
Finished RTL Component Statistics 
---------------------------------------------------------------------------------
---------------------------------------------------------------------------------
Start Part Resource Summary
---------------------------------------------------------------------------------
Part Resources:
DSPs: 240 (col length:80)
BRAMs: 270 (col length: RAMB18 80 RAMB36 40)
---------------------------------------------------------------------------------
Finished Part Resource Summary
---------------------------------------------------------------------------------
---------------------------------------------------------------------------------
Start Cross Boundary and Area Optimization
---------------------------------------------------------------------------------
WARNING: [Synth 8-3936] Found unconnected internal register 'oled_buffer_reg[0]' and it is trimmed from '32' to '7' bits. [C:/Users/Saleh/ProjKeTea/Projects/ece441_project/camera_using_external_memory_ece441_2026_02_V1_12/camera_using_external_memory/oled_display.vhd:684]
WARNING: [Synth 8-3936] Found unconnected internal register 'oled_buffer_reg[127]' and it is trimmed from '32' to '7' bits. [C:/Users/Saleh/ProjKeTea/Projects/ece441_project/camera_using_external_memory_ece441_2026_02_V1_12/camera_using_external_memory/oled_display.vhd:684]
WARNING: [Synth 8-3936] Found unconnected internal register 'oled_buffer_reg[126]' and it is trimmed from '32' to '7' bits. [C:/Users/Saleh/ProjKeTea/Projects/ece441_project/camera_using_external_memory_ece441_2026_02_V1_12/camera_using_external_memory/oled_display.vhd:684]
WARNING: [Synth 8-3936] Found unconnected internal register 'oled_buffer_reg[125]' and it is trimmed from '32' to '7' bits. [C:/Users/Saleh/ProjKeTea/Projects/ece441_project/camera_using_external_memory_ece441_2026_02_V1_12/camera_using_external_memory/oled_display.vhd:684]
WARNING: [Synth 8-3936] Found unconnected internal register 'oled_buffer_reg[124]' and it is trimmed from '32' to '7' bits. [C:/Users/Saleh/ProjKeTea/Projects/ece441_project/camera_using_external_memory_ece441_2026_02_V1_12/camera_using_external_memory/oled_display.vhd:684]
WARNING: [Synth 8-3936] Found unconnected internal register 'oled_buffer_reg[123]' and it is trimmed from '32' to '7' bits. [C:/Users/Saleh/ProjKeTea/Projects/ece441_project/camera_using_external_memory_ece441_2026_02_V1_12/camera_using_external_memory/oled_display.vhd:684]
WARNING: [Synth 8-3936] Found unconnected internal register 'oled_buffer_reg[122]' and it is trimmed from '32' to '7' bits. [C:/Users/Saleh/ProjKeTea/Projects/ece441_project/camera_using_external_memory_ece441_2026_02_V1_12/camera_using_external_memory/oled_display.vhd:684]
WARNING: [Synth 8-3936] Found unconnected internal register 'oled_buffer_reg[121]' and it is trimmed from '32' to '7' bits. [C:/Users/Saleh/ProjKeTea/Projects/ece441_project/camera_using_external_memory_ece441_2026_02_V1_12/camera_using_external_memory/oled_display.vhd:684]
WARNING: [Synth 8-3936] Found unconnected internal register 'oled_buffer_reg[120]' and it is trimmed from '32' to '7' bits. [C:/Users/Saleh/ProjKeTea/Projects/ece441_project/camera_using_external_memory_ece441_2026_02_V1_12/camera_using_external_memory/oled_display.vhd:684]
WARNING: [Synth 8-3936] Found unconnected internal register 'oled_buffer_reg[119]' and it is trimmed from '32' to '7' bits. [C:/Users/Saleh/ProjKeTea/Projects/ece441_project/camera_using_external_memory_ece441_2026_02_V1_12/camera_using_external_memory/oled_display.vhd:684]
WARNING: [Synth 8-3936] Found unconnected internal register 'oled_buffer_reg[118]' and it is trimmed from '32' to '7' bits. [C:/Users/Saleh/ProjKeTea/Projects/ece441_project/camera_using_external_memory_ece441_2026_02_V1_12/camera_using_external_memory/oled_display.vhd:684]
WARNING: [Synth 8-3936] Found unconnected internal register 'oled_buffer_reg[117]' and it is trimmed from '32' to '7' bits. [C:/Users/Saleh/ProjKeTea/Projects/ece441_project/camera_using_external_memory_ece441_2026_02_V1_12/camera_using_external_memory/oled_display.vhd:684]
WARNING: [Synth 8-3936] Found unconnected internal register 'oled_buffer_reg[116]' and it is trimmed from '32' to '7' bits. [C:/Users/Saleh/ProjKeTea/Projects/ece441_project/camera_using_external_memory_ece441_2026_02_V1_12/camera_using_external_memory/oled_display.vhd:684]
WARNING: [Synth 8-3936] Found unconnected internal register 'oled_buffer_reg[115]' and it is trimmed from '32' to '7' bits. [C:/Users/Saleh/ProjKeTea/Projects/ece441_project/camera_using_external_memory_ece441_2026_02_V1_12/camera_using_external_memory/oled_display.vhd:684]
WARNING: [Synth 8-3936] Found unconnected internal register 'oled_buffer_reg[114]' and it is trimmed from '32' to '7' bits. [C:/Users/Saleh/ProjKeTea/Projects/ece441_project/camera_using_external_memory_ece441_2026_02_V1_12/camera_using_external_memory/oled_display.vhd:684]
WARNING: [Synth 8-3936] Found unconnected internal register 'oled_buffer_reg[113]' and it is trimmed from '32' to '7' bits. [C:/Users/Saleh/ProjKeTea/Projects/ece441_project/camera_using_external_memory_ece441_2026_02_V1_12/camera_using_external_memory/oled_display.vhd:684]
WARNING: [Synth 8-3936] Found unconnected internal register 'oled_buffer_reg[112]' and it is trimmed from '32' to '7' bits. [C:/Users/Saleh/ProjKeTea/Projects/ece441_project/camera_using_external_memory_ece441_2026_02_V1_12/camera_using_external_memory/oled_display.vhd:684]
WARNING: [Synth 8-3936] Found unconnected internal register 'oled_buffer_reg[111]' and it is trimmed from '32' to '7' bits. [C:/Users/Saleh/ProjKeTea/Projects/ece441_project/camera_using_external_memory_ece441_2026_02_V1_12/camera_using_external_memory/oled_display.vhd:684]
WARNING: [Synth 8-3936] Found unconnected internal register 'oled_buffer_reg[110]' and it is trimmed from '32' to '7' bits. [C:/Users/Saleh/ProjKeTea/Projects/ece441_project/camera_using_external_memory_ece441_2026_02_V1_12/camera_using_external_memory/oled_display.vhd:684]
WARNING: [Synth 8-3936] Found unconnected internal register 'oled_buffer_reg[109]' and it is trimmed from '32' to '7' bits. [C:/Users/Saleh/ProjKeTea/Projects/ece441_project/camera_using_external_memory_ece441_2026_02_V1_12/camera_using_external_memory/oled_display.vhd:684]
WARNING: [Synth 8-3936] Found unconnected internal register 'oled_buffer_reg[108]' and it is trimmed from '32' to '7' bits. [C:/Users/Saleh/ProjKeTea/Projects/ece441_project/camera_using_external_memory_ece441_2026_02_V1_12/camera_using_external_memory/oled_display.vhd:684]
WARNING: [Synth 8-3936] Found unconnected internal register 'oled_buffer_reg[107]' and it is trimmed from '32' to '7' bits. [C:/Users/Saleh/ProjKeTea/Projects/ece441_project/camera_using_external_memory_ece441_2026_02_V1_12/camera_using_external_memory/oled_display.vhd:684]
WARNING: [Synth 8-3936] Found unconnected internal register 'oled_buffer_reg[106]' and it is trimmed from '32' to '7' bits. [C:/Users/Saleh/ProjKeTea/Projects/ece441_project/camera_using_external_memory_ece441_2026_02_V1_12/camera_using_external_memory/oled_display.vhd:684]
WARNING: [Synth 8-3936] Found unconnected internal register 'oled_buffer_reg[105]' and it is trimmed from '32' to '7' bits. [C:/Users/Saleh/ProjKeTea/Projects/ece441_project/camera_using_external_memory_ece441_2026_02_V1_12/camera_using_external_memory/oled_display.vhd:684]
WARNING: [Synth 8-3936] Found unconnected internal register 'oled_buffer_reg[104]' and it is trimmed from '32' to '7' bits. [C:/Users/Saleh/ProjKeTea/Projects/ece441_project/camera_using_external_memory_ece441_2026_02_V1_12/camera_using_external_memory/oled_display.vhd:684]
WARNING: [Synth 8-3936] Found unconnected internal register 'oled_buffer_reg[103]' and it is trimmed from '32' to '7' bits. [C:/Users/Saleh/ProjKeTea/Projects/ece441_project/camera_using_external_memory_ece441_2026_02_V1_12/camera_using_external_memory/oled_display.vhd:684]
WARNING: [Synth 8-3936] Found unconnected internal register 'oled_buffer_reg[102]' and it is trimmed from '32' to '7' bits. [C:/Users/Saleh/ProjKeTea/Projects/ece441_project/camera_using_external_memory_ece441_2026_02_V1_12/camera_using_external_memory/oled_display.vhd:684]
WARNING: [Synth 8-3936] Found unconnected internal register 'oled_buffer_reg[101]' and it is trimmed from '32' to '7' bits. [C:/Users/Saleh/ProjKeTea/Projects/ece441_project/camera_using_external_memory_ece441_2026_02_V1_12/camera_using_external_memory/oled_display.vhd:684]
WARNING: [Synth 8-3936] Found unconnected internal register 'oled_buffer_reg[100]' and it is trimmed from '32' to '7' bits. [C:/Users/Saleh/ProjKeTea/Projects/ece441_project/camera_using_external_memory_ece441_2026_02_V1_12/camera_using_external_memory/oled_display.vhd:684]
WARNING: [Synth 8-3936] Found unconnected internal register 'oled_buffer_reg[99]' and it is trimmed from '32' to '7' bits. [C:/Users/Saleh/ProjKeTea/Projects/ece441_project/camera_using_external_memory_ece441_2026_02_V1_12/camera_using_external_memory/oled_display.vhd:684]
WARNING: [Synth 8-3936] Found unconnected internal register 'oled_buffer_reg[98]' and it is trimmed from '32' to '7' bits. [C:/Users/Saleh/ProjKeTea/Projects/ece441_project/camera_using_external_memory_ece441_2026_02_V1_12/camera_using_external_memory/oled_display.vhd:684]
WARNING: [Synth 8-3936] Found unconnected internal register 'oled_buffer_reg[97]' and it is trimmed from '32' to '7' bits. [C:/Users/Saleh/ProjKeTea/Projects/ece441_project/camera_using_external_memory_ece441_2026_02_V1_12/camera_using_external_memory/oled_display.vhd:684]
WARNING: [Synth 8-3936] Found unconnected internal register 'oled_buffer_reg[96]' and it is trimmed from '32' to '7' bits. [C:/Users/Saleh/ProjKeTea/Projects/ece441_project/camera_using_external_memory_ece441_2026_02_V1_12/camera_using_external_memory/oled_display.vhd:684]
WARNING: [Synth 8-3936] Found unconnected internal register 'oled_buffer_reg[95]' and it is trimmed from '32' to '7' bits. [C:/Users/Saleh/ProjKeTea/Projects/ece441_project/camera_using_external_memory_ece441_2026_02_V1_12/camera_using_external_memory/oled_display.vhd:684]
WARNING: [Synth 8-3936] Found unconnected internal register 'oled_buffer_reg[94]' and it is trimmed from '32' to '7' bits. [C:/Users/Saleh/ProjKeTea/Projects/ece441_project/camera_using_external_memory_ece441_2026_02_V1_12/camera_using_external_memory/oled_display.vhd:684]
WARNING: [Synth 8-3936] Found unconnected internal register 'oled_buffer_reg[93]' and it is trimmed from '32' to '7' bits. [C:/Users/Saleh/ProjKeTea/Projects/ece441_project/camera_using_external_memory_ece441_2026_02_V1_12/camera_using_external_memory/oled_display.vhd:684]
WARNING: [Synth 8-3936] Found unconnected internal register 'oled_buffer_reg[92]' and it is trimmed from '32' to '7' bits. [C:/Users/Saleh/ProjKeTea/Projects/ece441_project/camera_using_external_memory_ece441_2026_02_V1_12/camera_using_external_memory/oled_display.vhd:684]
WARNING: [Synth 8-3936] Found unconnected internal register 'oled_buffer_reg[91]' and it is trimmed from '32' to '7' bits. [C:/Users/Saleh/ProjKeTea/Projects/ece441_project/camera_using_external_memory_ece441_2026_02_V1_12/camera_using_external_memory/oled_display.vhd:684]
WARNING: [Synth 8-3936] Found unconnected internal register 'oled_buffer_reg[90]' and it is trimmed from '32' to '7' bits. [C:/Users/Saleh/ProjKeTea/Projects/ece441_project/camera_using_external_memory_ece441_2026_02_V1_12/camera_using_external_memory/oled_display.vhd:684]
WARNING: [Synth 8-3936] Found unconnected internal register 'oled_buffer_reg[89]' and it is trimmed from '32' to '7' bits. [C:/Users/Saleh/ProjKeTea/Projects/ece441_project/camera_using_external_memory_ece441_2026_02_V1_12/camera_using_external_memory/oled_display.vhd:684]
WARNING: [Synth 8-3936] Found unconnected internal register 'oled_buffer_reg[88]' and it is trimmed from '32' to '7' bits. [C:/Users/Saleh/ProjKeTea/Projects/ece441_project/camera_using_external_memory_ece441_2026_02_V1_12/camera_using_external_memory/oled_display.vhd:684]
WARNING: [Synth 8-3936] Found unconnected internal register 'oled_buffer_reg[87]' and it is trimmed from '32' to '7' bits. [C:/Users/Saleh/ProjKeTea/Projects/ece441_project/camera_using_external_memory_ece441_2026_02_V1_12/camera_using_external_memory/oled_display.vhd:684]
WARNING: [Synth 8-3936] Found unconnected internal register 'oled_buffer_reg[86]' and it is trimmed from '32' to '7' bits. [C:/Users/Saleh/ProjKeTea/Projects/ece441_project/camera_using_external_memory_ece441_2026_02_V1_12/camera_using_external_memory/oled_display.vhd:684]
WARNING: [Synth 8-3936] Found unconnected internal register 'oled_buffer_reg[85]' and it is trimmed from '32' to '7' bits. [C:/Users/Saleh/ProjKeTea/Projects/ece441_project/camera_using_external_memory_ece441_2026_02_V1_12/camera_using_external_memory/oled_display.vhd:684]
WARNING: [Synth 8-3936] Found unconnected internal register 'oled_buffer_reg[84]' and it is trimmed from '32' to '7' bits. [C:/Users/Saleh/ProjKeTea/Projects/ece441_project/camera_using_external_memory_ece441_2026_02_V1_12/camera_using_external_memory/oled_display.vhd:684]
WARNING: [Synth 8-3936] Found unconnected internal register 'oled_buffer_reg[83]' and it is trimmed from '32' to '7' bits. [C:/Users/Saleh/ProjKeTea/Projects/ece441_project/camera_using_external_memory_ece441_2026_02_V1_12/camera_using_external_memory/oled_display.vhd:684]
WARNING: [Synth 8-3936] Found unconnected internal register 'oled_buffer_reg[82]' and it is trimmed from '32' to '7' bits. [C:/Users/Saleh/ProjKeTea/Projects/ece441_project/camera_using_external_memory_ece441_2026_02_V1_12/camera_using_external_memory/oled_display.vhd:684]
WARNING: [Synth 8-3936] Found unconnected internal register 'oled_buffer_reg[81]' and it is trimmed from '32' to '7' bits. [C:/Users/Saleh/ProjKeTea/Projects/ece441_project/camera_using_external_memory_ece441_2026_02_V1_12/camera_using_external_memory/oled_display.vhd:684]
WARNING: [Synth 8-3936] Found unconnected internal register 'oled_buffer_reg[80]' and it is trimmed from '32' to '7' bits. [C:/Users/Saleh/ProjKeTea/Projects/ece441_project/camera_using_external_memory_ece441_2026_02_V1_12/camera_using_external_memory/oled_display.vhd:684]
WARNING: [Synth 8-3936] Found unconnected internal register 'oled_buffer_reg[79]' and it is trimmed from '32' to '7' bits. [C:/Users/Saleh/ProjKeTea/Projects/ece441_project/camera_using_external_memory_ece441_2026_02_V1_12/camera_using_external_memory/oled_display.vhd:684]
WARNING: [Synth 8-3936] Found unconnected internal register 'oled_buffer_reg[78]' and it is trimmed from '32' to '7' bits. [C:/Users/Saleh/ProjKeTea/Projects/ece441_project/camera_using_external_memory_ece441_2026_02_V1_12/camera_using_external_memory/oled_display.vhd:684]
WARNING: [Synth 8-3936] Found unconnected internal register 'oled_buffer_reg[77]' and it is trimmed from '32' to '7' bits. [C:/Users/Saleh/ProjKeTea/Projects/ece441_project/camera_using_external_memory_ece441_2026_02_V1_12/camera_using_external_memory/oled_display.vhd:684]
WARNING: [Synth 8-3936] Found unconnected internal register 'oled_buffer_reg[76]' and it is trimmed from '32' to '7' bits. [C:/Users/Saleh/ProjKeTea/Projects/ece441_project/camera_using_external_memory_ece441_2026_02_V1_12/camera_using_external_memory/oled_display.vhd:684]
WARNING: [Synth 8-3936] Found unconnected internal register 'oled_buffer_reg[75]' and it is trimmed from '32' to '7' bits. [C:/Users/Saleh/ProjKeTea/Projects/ece441_project/camera_using_external_memory_ece441_2026_02_V1_12/camera_using_external_memory/oled_display.vhd:684]
WARNING: [Synth 8-3936] Found unconnected internal register 'oled_buffer_reg[74]' and it is trimmed from '32' to '7' bits. [C:/Users/Saleh/ProjKeTea/Projects/ece441_project/camera_using_external_memory_ece441_2026_02_V1_12/camera_using_external_memory/oled_display.vhd:684]
WARNING: [Synth 8-3936] Found unconnected internal register 'oled_buffer_reg[73]' and it is trimmed from '32' to '7' bits. [C:/Users/Saleh/ProjKeTea/Projects/ece441_project/camera_using_external_memory_ece441_2026_02_V1_12/camera_using_external_memory/oled_display.vhd:684]
WARNING: [Synth 8-3936] Found unconnected internal register 'oled_buffer_reg[72]' and it is trimmed from '32' to '7' bits. [C:/Users/Saleh/ProjKeTea/Projects/ece441_project/camera_using_external_memory_ece441_2026_02_V1_12/camera_using_external_memory/oled_display.vhd:684]
WARNING: [Synth 8-3936] Found unconnected internal register 'oled_buffer_reg[71]' and it is trimmed from '32' to '7' bits. [C:/Users/Saleh/ProjKeTea/Projects/ece441_project/camera_using_external_memory_ece441_2026_02_V1_12/camera_using_external_memory/oled_display.vhd:684]
WARNING: [Synth 8-3936] Found unconnected internal register 'oled_buffer_reg[70]' and it is trimmed from '32' to '7' bits. [C:/Users/Saleh/ProjKeTea/Projects/ece441_project/camera_using_external_memory_ece441_2026_02_V1_12/camera_using_external_memory/oled_display.vhd:684]
WARNING: [Synth 8-3936] Found unconnected internal register 'oled_buffer_reg[69]' and it is trimmed from '32' to '7' bits. [C:/Users/Saleh/ProjKeTea/Projects/ece441_project/camera_using_external_memory_ece441_2026_02_V1_12/camera_using_external_memory/oled_display.vhd:684]
WARNING: [Synth 8-3936] Found unconnected internal register 'oled_buffer_reg[68]' and it is trimmed from '32' to '7' bits. [C:/Users/Saleh/ProjKeTea/Projects/ece441_project/camera_using_external_memory_ece441_2026_02_V1_12/camera_using_external_memory/oled_display.vhd:684]
WARNING: [Synth 8-3936] Found unconnected internal register 'oled_buffer_reg[67]' and it is trimmed from '32' to '7' bits. [C:/Users/Saleh/ProjKeTea/Projects/ece441_project/camera_using_external_memory_ece441_2026_02_V1_12/camera_using_external_memory/oled_display.vhd:684]
WARNING: [Synth 8-3936] Found unconnected internal register 'oled_buffer_reg[66]' and it is trimmed from '32' to '7' bits. [C:/Users/Saleh/ProjKeTea/Projects/ece441_project/camera_using_external_memory_ece441_2026_02_V1_12/camera_using_external_memory/oled_display.vhd:684]
WARNING: [Synth 8-3936] Found unconnected internal register 'oled_buffer_reg[65]' and it is trimmed from '32' to '7' bits. [C:/Users/Saleh/ProjKeTea/Projects/ece441_project/camera_using_external_memory_ece441_2026_02_V1_12/camera_using_external_memory/oled_display.vhd:684]
WARNING: [Synth 8-3936] Found unconnected internal register 'oled_buffer_reg[64]' and it is trimmed from '32' to '7' bits. [C:/Users/Saleh/ProjKeTea/Projects/ece441_project/camera_using_external_memory_ece441_2026_02_V1_12/camera_using_external_memory/oled_display.vhd:684]
WARNING: [Synth 8-3936] Found unconnected internal register 'oled_buffer_reg[63]' and it is trimmed from '32' to '7' bits. [C:/Users/Saleh/ProjKeTea/Projects/ece441_project/camera_using_external_memory_ece441_2026_02_V1_12/camera_using_external_memory/oled_display.vhd:684]
WARNING: [Synth 8-3936] Found unconnected internal register 'oled_buffer_reg[62]' and it is trimmed from '32' to '7' bits. [C:/Users/Saleh/ProjKeTea/Projects/ece441_project/camera_using_external_memory_ece441_2026_02_V1_12/camera_using_external_memory/oled_display.vhd:684]
WARNING: [Synth 8-3936] Found unconnected internal register 'oled_buffer_reg[61]' and it is trimmed from '32' to '7' bits. [C:/Users/Saleh/ProjKeTea/Projects/ece441_project/camera_using_external_memory_ece441_2026_02_V1_12/camera_using_external_memory/oled_display.vhd:684]
WARNING: [Synth 8-3936] Found unconnected internal register 'oled_buffer_reg[60]' and it is trimmed from '32' to '7' bits. [C:/Users/Saleh/ProjKeTea/Projects/ece441_project/camera_using_external_memory_ece441_2026_02_V1_12/camera_using_external_memory/oled_display.vhd:684]
WARNING: [Synth 8-3936] Found unconnected internal register 'oled_buffer_reg[59]' and it is trimmed from '32' to '7' bits. [C:/Users/Saleh/ProjKeTea/Projects/ece441_project/camera_using_external_memory_ece441_2026_02_V1_12/camera_using_external_memory/oled_display.vhd:684]
WARNING: [Synth 8-3936] Found unconnected internal register 'oled_buffer_reg[58]' and it is trimmed from '32' to '7' bits. [C:/Users/Saleh/ProjKeTea/Projects/ece441_project/camera_using_external_memory_ece441_2026_02_V1_12/camera_using_external_memory/oled_display.vhd:684]
WARNING: [Synth 8-3936] Found unconnected internal register 'oled_buffer_reg[57]' and it is trimmed from '32' to '7' bits. [C:/Users/Saleh/ProjKeTea/Projects/ece441_project/camera_using_external_memory_ece441_2026_02_V1_12/camera_using_external_memory/oled_display.vhd:684]
WARNING: [Synth 8-3936] Found unconnected internal register 'oled_buffer_reg[56]' and it is trimmed from '32' to '7' bits. [C:/Users/Saleh/ProjKeTea/Projects/ece441_project/camera_using_external_memory_ece441_2026_02_V1_12/camera_using_external_memory/oled_display.vhd:684]
WARNING: [Synth 8-3936] Found unconnected internal register 'oled_buffer_reg[55]' and it is trimmed from '32' to '7' bits. [C:/Users/Saleh/ProjKeTea/Projects/ece441_project/camera_using_external_memory_ece441_2026_02_V1_12/camera_using_external_memory/oled_display.vhd:684]
WARNING: [Synth 8-3936] Found unconnected internal register 'oled_buffer_reg[54]' and it is trimmed from '32' to '7' bits. [C:/Users/Saleh/ProjKeTea/Projects/ece441_project/camera_using_external_memory_ece441_2026_02_V1_12/camera_using_external_memory/oled_display.vhd:684]
WARNING: [Synth 8-3936] Found unconnected internal register 'oled_buffer_reg[53]' and it is trimmed from '32' to '7' bits. [C:/Users/Saleh/ProjKeTea/Projects/ece441_project/camera_using_external_memory_ece441_2026_02_V1_12/camera_using_external_memory/oled_display.vhd:684]
WARNING: [Synth 8-3936] Found unconnected internal register 'oled_buffer_reg[52]' and it is trimmed from '32' to '7' bits. [C:/Users/Saleh/ProjKeTea/Projects/ece441_project/camera_using_external_memory_ece441_2026_02_V1_12/camera_using_external_memory/oled_display.vhd:684]
WARNING: [Synth 8-3936] Found unconnected internal register 'oled_buffer_reg[51]' and it is trimmed from '32' to '7' bits. [C:/Users/Saleh/ProjKeTea/Projects/ece441_project/camera_using_external_memory_ece441_2026_02_V1_12/camera_using_external_memory/oled_display.vhd:684]
WARNING: [Synth 8-3936] Found unconnected internal register 'oled_buffer_reg[50]' and it is trimmed from '32' to '7' bits. [C:/Users/Saleh/ProjKeTea/Projects/ece441_project/camera_using_external_memory_ece441_2026_02_V1_12/camera_using_external_memory/oled_display.vhd:684]
WARNING: [Synth 8-3936] Found unconnected internal register 'oled_buffer_reg[49]' and it is trimmed from '32' to '7' bits. [C:/Users/Saleh/ProjKeTea/Projects/ece441_project/camera_using_external_memory_ece441_2026_02_V1_12/camera_using_external_memory/oled_display.vhd:684]
WARNING: [Synth 8-3936] Found unconnected internal register 'oled_buffer_reg[48]' and it is trimmed from '32' to '7' bits. [C:/Users/Saleh/ProjKeTea/Projects/ece441_project/camera_using_external_memory_ece441_2026_02_V1_12/camera_using_external_memory/oled_display.vhd:684]
WARNING: [Synth 8-3936] Found unconnected internal register 'oled_buffer_reg[47]' and it is trimmed from '32' to '7' bits. [C:/Users/Saleh/ProjKeTea/Projects/ece441_project/camera_using_external_memory_ece441_2026_02_V1_12/camera_using_external_memory/oled_display.vhd:684]
WARNING: [Synth 8-3936] Found unconnected internal register 'oled_buffer_reg[46]' and it is trimmed from '32' to '7' bits. [C:/Users/Saleh/ProjKeTea/Projects/ece441_project/camera_using_external_memory_ece441_2026_02_V1_12/camera_using_external_memory/oled_display.vhd:684]
WARNING: [Synth 8-3936] Found unconnected internal register 'oled_buffer_reg[45]' and it is trimmed from '32' to '7' bits. [C:/Users/Saleh/ProjKeTea/Projects/ece441_project/camera_using_external_memory_ece441_2026_02_V1_12/camera_using_external_memory/oled_display.vhd:684]
WARNING: [Synth 8-3936] Found unconnected internal register 'oled_buffer_reg[44]' and it is trimmed from '32' to '7' bits. [C:/Users/Saleh/ProjKeTea/Projects/ece441_project/camera_using_external_memory_ece441_2026_02_V1_12/camera_using_external_memory/oled_display.vhd:684]
WARNING: [Synth 8-3936] Found unconnected internal register 'oled_buffer_reg[43]' and it is trimmed from '32' to '7' bits. [C:/Users/Saleh/ProjKeTea/Projects/ece441_project/camera_using_external_memory_ece441_2026_02_V1_12/camera_using_external_memory/oled_display.vhd:684]
WARNING: [Synth 8-3936] Found unconnected internal register 'oled_buffer_reg[42]' and it is trimmed from '32' to '7' bits. [C:/Users/Saleh/ProjKeTea/Projects/ece441_project/camera_using_external_memory_ece441_2026_02_V1_12/camera_using_external_memory/oled_display.vhd:684]
WARNING: [Synth 8-3936] Found unconnected internal register 'oled_buffer_reg[41]' and it is trimmed from '32' to '7' bits. [C:/Users/Saleh/ProjKeTea/Projects/ece441_project/camera_using_external_memory_ece441_2026_02_V1_12/camera_using_external_memory/oled_display.vhd:684]
WARNING: [Synth 8-3936] Found unconnected internal register 'oled_buffer_reg[40]' and it is trimmed from '32' to '7' bits. [C:/Users/Saleh/ProjKeTea/Projects/ece441_project/camera_using_external_memory_ece441_2026_02_V1_12/camera_using_external_memory/oled_display.vhd:684]
WARNING: [Synth 8-3936] Found unconnected internal register 'oled_buffer_reg[39]' and it is trimmed from '32' to '7' bits. [C:/Users/Saleh/ProjKeTea/Projects/ece441_project/camera_using_external_memory_ece441_2026_02_V1_12/camera_using_external_memory/oled_display.vhd:684]
WARNING: [Synth 8-3936] Found unconnected internal register 'oled_buffer_reg[38]' and it is trimmed from '32' to '7' bits. [C:/Users/Saleh/ProjKeTea/Projects/ece441_project/camera_using_external_memory_ece441_2026_02_V1_12/camera_using_external_memory/oled_display.vhd:684]
WARNING: [Synth 8-3936] Found unconnected internal register 'oled_buffer_reg[37]' and it is trimmed from '32' to '7' bits. [C:/Users/Saleh/ProjKeTea/Projects/ece441_project/camera_using_external_memory_ece441_2026_02_V1_12/camera_using_external_memory/oled_display.vhd:684]
WARNING: [Synth 8-3936] Found unconnected internal register 'oled_buffer_reg[36]' and it is trimmed from '32' to '7' bits. [C:/Users/Saleh/ProjKeTea/Projects/ece441_project/camera_using_external_memory_ece441_2026_02_V1_12/camera_using_external_memory/oled_display.vhd:684]
WARNING: [Synth 8-3936] Found unconnected internal register 'oled_buffer_reg[35]' and it is trimmed from '32' to '7' bits. [C:/Users/Saleh/ProjKeTea/Projects/ece441_project/camera_using_external_memory_ece441_2026_02_V1_12/camera_using_external_memory/oled_display.vhd:684]
WARNING: [Synth 8-3936] Found unconnected internal register 'oled_buffer_reg[34]' and it is trimmed from '32' to '7' bits. [C:/Users/Saleh/ProjKeTea/Projects/ece441_project/camera_using_external_memory_ece441_2026_02_V1_12/camera_using_external_memory/oled_display.vhd:684]
WARNING: [Synth 8-3936] Found unconnected internal register 'oled_buffer_reg[33]' and it is trimmed from '32' to '7' bits. [C:/Users/Saleh/ProjKeTea/Projects/ece441_project/camera_using_external_memory_ece441_2026_02_V1_12/camera_using_external_memory/oled_display.vhd:684]
WARNING: [Synth 8-3936] Found unconnected internal register 'oled_buffer_reg[32]' and it is trimmed from '32' to '7' bits. [C:/Users/Saleh/ProjKeTea/Projects/ece441_project/camera_using_external_memory_ece441_2026_02_V1_12/camera_using_external_memory/oled_display.vhd:684]
WARNING: [Synth 8-3936] Found unconnected internal register 'oled_buffer_reg[31]' and it is trimmed from '32' to '7' bits. [C:/Users/Saleh/ProjKeTea/Projects/ece441_project/camera_using_external_memory_ece441_2026_02_V1_12/camera_using_external_memory/oled_display.vhd:684]
WARNING: [Synth 8-3936] Found unconnected internal register 'oled_buffer_reg[30]' and it is trimmed from '32' to '7' bits. [C:/Users/Saleh/ProjKeTea/Projects/ece441_project/camera_using_external_memory_ece441_2026_02_V1_12/camera_using_external_memory/oled_display.vhd:684]
INFO: [Common 17-14] Message 'Synth 8-3936' appears 100 times and further instances of the messages will be disabled. Use the Tcl command set_msg_config to change the current settings.
---------------------------------------------------------------------------------
Finished Cross Boundary and Area Optimization : Time (s): cpu = 00:02:03 ; elapsed = 00:02:07 . Memory (MB): peak = 1778.785 ; gain = 1018.828
---------------------------------------------------------------------------------
---------------------------------------------------------------------------------
Start ROM, RAM, DSP, Shift Register and Retiming Reporting
---------------------------------------------------------------------------------

ROM: Preliminary Mapping Report
+-------------+-----------------------+---------------+----------------+
|Module Name  | RTL Object            | Depth x Width | Implemented As | 
+-------------+-----------------------+---------------+----------------+
|oled_display | oled_init_commands[0] | 32x8          | LUT            | 
|oled_display | characters[0]         | 128x36        | LUT            | 
|oled_display | oled_init_commands[0] | 32x8          | LUT            | 
|oled_display | characters[0]         | 128x36        | LUT            | 
+-------------+-----------------------+---------------+----------------+


Distributed RAM: Preliminary Mapping Report (see note below)
+------------------+--------------------------+-----------+----------------------+------------------+
|Module Name       | RTL Object               | Inference | Size (Depth x Width) | Primitives       | 
+------------------+--------------------------+-----------+----------------------+------------------+
|i_0/camera_status | oled_graphics_buffer_reg | Implied   | 8 x 1024             | RAM16X1D x 1024  | 
+------------------+--------------------------+-----------+----------------------+------------------+

Note: The table above is a preliminary report that shows the Distributed RAMs at the current stage of the synthesis flow. Some Distributed RAMs may be reimplemented as non Distributed RAM primitives later in the synthesis flow. Multiple instantiated RAMs are reported only once.
---------------------------------------------------------------------------------
Finished ROM, RAM, DSP, Shift Register and Retiming Reporting
---------------------------------------------------------------------------------
---------------------------------------------------------------------------------
Start Applying XDC Timing Constraints
---------------------------------------------------------------------------------
---------------------------------------------------------------------------------
Finished Applying XDC Timing Constraints : Time (s): cpu = 00:02:08 ; elapsed = 00:02:12 . Memory (MB): peak = 1787.637 ; gain = 1027.680
---------------------------------------------------------------------------------
---------------------------------------------------------------------------------
Start Timing Optimization
---------------------------------------------------------------------------------
---------------------------------------------------------------------------------
Finished Timing Optimization : Time (s): cpu = 00:02:09 ; elapsed = 00:02:14 . Memory (MB): peak = 1811.352 ; gain = 1051.395
---------------------------------------------------------------------------------
---------------------------------------------------------------------------------
Start ROM, RAM, DSP, Shift Register and Retiming Reporting
---------------------------------------------------------------------------------

Distributed RAM: Final Mapping Report
+------------------+--------------------------+-----------+----------------------+------------------+
|Module Name       | RTL Object               | Inference | Size (Depth x Width) | Primitives       | 
+------------------+--------------------------+-----------+----------------------+------------------+
|i_0/camera_status | oled_graphics_buffer_reg | Implied   | 8 x 1024             | RAM16X1D x 1024  | 
+------------------+--------------------------+-----------+----------------------+------------------+

---------------------------------------------------------------------------------
Finished ROM, RAM, DSP, Shift Register and Retiming Reporting
---------------------------------------------------------------------------------
---------------------------------------------------------------------------------
Start Technology Mapping
---------------------------------------------------------------------------------
---------------------------------------------------------------------------------
Finished Technology Mapping : Time (s): cpu = 00:02:14 ; elapsed = 00:02:19 . Memory (MB): peak = 1908.914 ; gain = 1148.957
---------------------------------------------------------------------------------
---------------------------------------------------------------------------------
Start IO Insertion
---------------------------------------------------------------------------------
---------------------------------------------------------------------------------
Start Flattening Before IO Insertion
---------------------------------------------------------------------------------
---------------------------------------------------------------------------------
Finished Flattening Before IO Insertion
---------------------------------------------------------------------------------
---------------------------------------------------------------------------------
Start Final Netlist Cleanup
---------------------------------------------------------------------------------
INFO: [Synth 8-4649] Removing BlackBox instance \camera_video/stream3_out_even  of module line_buffer_bbox_14 having unconnected or no output ports
---------------------------------------------------------------------------------
Finished Final Netlist Cleanup
---------------------------------------------------------------------------------
---------------------------------------------------------------------------------
Finished IO Insertion : Time (s): cpu = 00:02:18 ; elapsed = 00:02:23 . Memory (MB): peak = 2012.316 ; gain = 1252.359
---------------------------------------------------------------------------------
---------------------------------------------------------------------------------
Start Renaming Generated Instances
---------------------------------------------------------------------------------
---------------------------------------------------------------------------------
Finished Renaming Generated Instances : Time (s): cpu = 00:02:18 ; elapsed = 00:02:23 . Memory (MB): peak = 2012.316 ; gain = 1252.359
---------------------------------------------------------------------------------
---------------------------------------------------------------------------------
Start Rebuilding User Hierarchy
---------------------------------------------------------------------------------
---------------------------------------------------------------------------------
Finished Rebuilding User Hierarchy : Time (s): cpu = 00:02:19 ; elapsed = 00:02:24 . Memory (MB): peak = 2012.316 ; gain = 1252.359
---------------------------------------------------------------------------------
---------------------------------------------------------------------------------
Start Renaming Generated Ports
---------------------------------------------------------------------------------
---------------------------------------------------------------------------------
Finished Renaming Generated Ports : Time (s): cpu = 00:02:19 ; elapsed = 00:02:24 . Memory (MB): peak = 2012.316 ; gain = 1252.359
---------------------------------------------------------------------------------
---------------------------------------------------------------------------------
Start Handling Custom Attributes
---------------------------------------------------------------------------------
---------------------------------------------------------------------------------
Finished Handling Custom Attributes : Time (s): cpu = 00:02:19 ; elapsed = 00:02:24 . Memory (MB): peak = 2012.316 ; gain = 1252.359
---------------------------------------------------------------------------------
---------------------------------------------------------------------------------
Start Renaming Generated Nets
---------------------------------------------------------------------------------
---------------------------------------------------------------------------------
Finished Renaming Generated Nets : Time (s): cpu = 00:02:19 ; elapsed = 00:02:25 . Memory (MB): peak = 2012.316 ; gain = 1252.359
---------------------------------------------------------------------------------
---------------------------------------------------------------------------------
Start ROM, RAM, DSP, Shift Register and Retiming Reporting
---------------------------------------------------------------------------------

Static Shift Register Report:
+------------+--------------------------------------------------------------------+--------+-------+--------------+--------------------+-------------------+--------+---------+
|Module Name | RTL Name                                                           | Length | Width | Reset Signal | Pull out first Reg | Pull out last Reg | SRL16E | SRLC32E | 
+------------+--------------------------------------------------------------------+--------+-------+--------------+--------------------+-------------------+--------+---------+
|camera__GB1 | video_sobel_image/sobel_line_buffer_reg[640][3]                    | 638    | 8     | NO           | NO                 | YES               | 0      | 160     | 
|camera__GB1 | convert_to_binary/erosion_filter/erosion_line_buffer_reg[640][3]   | 638    | 2     | NO           | NO                 | YES               | 0      | 40      | 
|camera__GB1 | convert_to_binary/dilation_filter/dilation_line_buffer_reg[640][3] | 638    | 2     | NO           | NO                 | YES               | 0      | 40      | 
+------------+--------------------------------------------------------------------+--------+-------+--------------+--------------------+-------------------+--------+---------+

---------------------------------------------------------------------------------
Finished ROM, RAM, DSP, Shift Register and Retiming Reporting
---------------------------------------------------------------------------------
---------------------------------------------------------------------------------
Start Writing Synthesis Report
---------------------------------------------------------------------------------

Report BlackBoxes: 
+------+--------------+----------+
|      |BlackBox name |Instances |
+------+--------------+----------+
|1     |clk_wiz_0     |         1|
|2     |line_buffer   |         7|
+------+--------------+----------+

Report Cell Usage: 
+------+-----------------+------+
|      |Cell             |Count |
+------+-----------------+------+
|1     |clk_wiz_0_bbox   |     1|
|2     |line_buffer_bbox |     7|
|9     |BUFG             |     6|
|10    |CARRY4           |    68|
|11    |LUT1             |    48|
|12    |LUT2             |   479|
|13    |LUT3             |  1486|
|14    |LUT4             |   405|
|15    |LUT5             |  2288|
|16    |LUT6             |  2488|
|17    |MUXF7            |   169|
|18    |MUXF8            |    56|
|19    |RAM16X1D         |  1024|
|20    |SRLC32E          |   240|
|21    |STARTUPE2        |     1|
|22    |FDRE             |  4942|
|23    |FDSE             |    51|
|24    |IBUF             |    31|
|25    |OBUF             |    56|
|26    |OBUFT            |     1|
+------+-----------------+------+
---------------------------------------------------------------------------------
Finished Writing Synthesis Report : Time (s): cpu = 00:02:19 ; elapsed = 00:02:25 . Memory (MB): peak = 2012.316 ; gain = 1252.359
---------------------------------------------------------------------------------
Synthesis finished with 0 errors, 0 critical warnings and 129 warnings.
Synthesis Optimization Runtime : Time (s): cpu = 00:01:59 ; elapsed = 00:02:17 . Memory (MB): peak = 2012.316 ; gain = 1197.164
Synthesis Optimization Complete : Time (s): cpu = 00:02:20 ; elapsed = 00:02:25 . Memory (MB): peak = 2012.316 ; gain = 1252.359
INFO: [Project 1-571] Translating synthesized netlist
Netlist sorting complete. Time (s): cpu = 00:00:00 ; elapsed = 00:00:00.171 . Memory (MB): peak = 2025.441 ; gain = 0.000
INFO: [Netlist 29-17] Analyzing 1318 Unisim elements for replacement
INFO: [Netlist 29-28] Unisim Transformation completed in 1 CPU seconds
INFO: [Project 1-570] Preparing netlist for logic optimization
INFO: [Opt 31-140] Inserted 1 IBUFs to IO ports without IO buffers.
INFO: [Opt 31-138] Pushed 0 inverter(s) to 0 load pin(s).
Netlist sorting complete. Time (s): cpu = 00:00:00 ; elapsed = 00:00:00.007 . Memory (MB): peak = 2037.051 ; gain = 0.000
INFO: [Project 1-111] Unisim Transformation Summary:
  A total of 1024 instances were transformed.
  RAM16X1D => RAM32X1D (RAMD32(x2)): 1024 instances

Synth Design complete | Checksum: 4f8ec8fb
INFO: [Common 17-83] Releasing license: Synthesis
119 Infos, 215 Warnings, 0 Critical Warnings and 0 Errors encountered.
synth_design completed successfully
synth_design: Time (s): cpu = 00:02:27 ; elapsed = 00:02:36 . Memory (MB): peak = 2037.051 ; gain = 1483.574
Write ShapeDB Complete: Time (s): cpu = 00:00:00 ; elapsed = 00:00:00.024 . Memory (MB): peak = 2037.051 ; gain = 0.000
INFO: [Common 17-1381] The checkpoint 'C:/Users/Saleh/ProjKeTea/Projects/ece441_project/camera_using_external_memory_ece441_2026_02_V1_12/camera_using_external_memory/camera_using_external_memory.runs/synth_1/camera.dcp' has been generated.
INFO: [Vivado 12-24828] Executing command : report_utilization -file camera_utilization_synth.rpt -pb camera_utilization_synth.pb
INFO: [Common 17-206] Exiting Vivado at Wed May 13 15:11:11 2026...
